vib_rms_de,vib_rms_nde,vib_peak_de,vib_kurtosis,vib_crest,temp_bearing_de,temp_bearing_nde,temp_discharge,temp_suction,temp_oil,press_suction,press_discharge,press_ratio,press_pulsation,flow_rate,motor_current,motor_power,rpm,oil_level,humidity,bearings,wpump,radiator,exvalve
0.712396855523787,1.0135458844493683,-1.4744800902227593,0.4355811974252302,1.2576717264871322,2.633347221392285,-1.115293105501004,-0.421386264203061,0.0347525688537371,-0.09312057684983224,-0.109838864298317,-1.4538089639071496,0.9763012794718476,-0.361675517152739,-1.512655177120502,2.939653031214252,0.7860610836495828,-1.8586829058556884,1.878091966153056,-0.115127005826317,Ok,Ok,Clean,Clean
-1.5968181374054529,-0.17225489588211707,-0.25368241887672677,-0.003712267358960475,0.3609145544341205,-0.10926155862969879,0.5113764446775666,-0.894569204805236,0.36495407869783325,0.03481958536914321,-1.2141017749728786,-0.8845093949051959,-0.9567860931643382,0.44891210079144284,-0.5213320454851735,1.2882651173980124,0.7046758065787132,-1.0338404952881088,-0.26055250077564257,1.2368332008140153,Ok,Ok,Clean,Clean
1.9132567063565344,-1.1293421420102827,0.09676877798770858,-0.04686530786485459,0.210535916893692,0.5902332617455757,0.38880080093943004,-0.16762597412439606,-1.0420756277873031,-1.484842269781666,2.0994351482656093,2.6337206712380534,2.7752688936061696,2.81402988035584,3.5144314960779313,-0.5224359571042868,0.09560173641714101,-2.4163404535114896,1.8086474867788527,0.5930004029316737,Ok,Ok,Clean,Dirty
-0.12791488266006737,-0.9725081744880645,-0.6389072514077793,0.5852592125221652,0.5689455452840254,-0.6037629311302345,0.31043142643202953,-0.5403237542171735,1.4647376714237457,0.81330446300927,-0.6176398497925558,0.35294688826845505,-0.7070640862755952,0.3192464090073708,-0.5042172897985284,-0.42021677444176253,-1.4290744970872757,1.1253438467236914,0.13894884014004988,0.8927508517133592,Ok,Ok,Clean,Clean
-0.1292211746265024,1.8292314306042516,0.7286155886269062,-2.3365055852226897,-0.7136513130332733,-0.5771296036594197,1.1841444861923442,-0.004350431313879709,-1.1507552456456653,-1.3306093062897077,-0.43470831361912804,-0.05097600691030968,0.9454746465875453,0.09735801254040873,-0.12926683284205137,-0.4573405747631982,-0.7431963778817925,0.06196991477581479,-0.914642591232163,2.7127159207481997,Ok,Ok,Clean,Clean
0.17350927562430207,0.4578122957234319,1.3405349277300793,1.7895648913504336,2.271957349986604,0.07150834812000798,0.2713165094013027,-1.1790948725101589,-0.013658598899787511,-0.40248592437885905,-0.4120022105432879,-0.22433800584494518,1.0615283356702054,-1.2942075315490478,-0.7242400346460872,0.21884883885314738,-0.6848295347754125,0.10494212455834674,-1.4517284591006223,2.255784017850244,Ok,Ok,Clean,Clean
2.694792154207579,3.362384302128439,4.158150896993736,2.1802492786928163,4.222444599254519,2.1127617730737502,2.605481483171948,0.05399971107321345,-0.8458774065597988,0.26524635138364266,-0.27631601566607616,-1.3435295905379878,0.8296142908164128,-0.5000779569744727,-0.863057491849858,0.7025017448186522,-0.7849159012050757,-1.0608586449405673,-0.7696529518031577,0.7683332040830635,Noisy,Ok,Clean,Clean
1.7862776293516258,1.4424883896088678,1.7223947612216959,1.1486707037559944,-3.404532667740868,0.2901314130374731,1.3287191182529963,-0.017421539184270425,0.28897265749236767,0.644262615873357,-0.23831784422799052,-1.1866286009055633,0.5395283357696075,-0.5641794509094107,-0.6344520406987119,-1.1119556497948764,0.1981133828961499,-1.5753174528938902,-0.02066370514469318,-0.4577683593779647,Ok,Ok,Clean,Clean
-0.5755787107809525,1.4959681297516971,0.581093088872177,1.388050546036935,1.539319555821203,0.2828794719125841,-0.3363501334390493,-2.6016135403569907,-0.3615418146418302,1.214125633510467,-0.03427271749755723,0.1979429582859265,-0.1166719341774016,-0.37786959385604996,-3.0780934538645064,-1.3338294107531807,-0.7849258974209724,-0.1275352274403427,-0.3929450341491506,0.4734556791096333,Ok,Ok,Clean,Clean
-0.16020675837004542,1.8593375106528907,0.42097713235059747,0.42910433376628376,0.38538150256689996,0.5478383428367092,2.7084913174375793,2.6062587074336694,0.033932430290137164,6.242464618267784,-0.9982910758996271,0.30854324535892913,-1.357770920177579,2.0247202408274516,-0.4751196528955305,-0.3610526585499327,0.7376598012727922,0.49063967810154063,-0.19821767532326376,3.760799584985312,Ok,Noisy,Dirty,Clean
-0.2577767800118518,-0.2438783811907374,0.39921724828286476,0.26381207105802934,1.0639002998420022,2.7396903277894498,2.752501050245337,0.7258018797027631,1.7627235571816953,2.4881018645053308,0.2153063687390837,0.41426452203243586,0.9327283288086272,-0.1418254929802751,0.7645588342849196,-0.07215804038219406,0.015343991778689206,0.21095128345476333,1.083696272988201,4.405371028153353,Ok,Ok,Dirty,Clean
-0.7938671162913915,0.7124731727703361,1.3983455830964697,1.7187602897247416,0.5761600811060458,-0.5049397969904066,0.8827865848487221,0.3987881570556149,-0.21165592409353284,0.926112099354071,1.0146147526315645,0.63548741054041,-0.20373400307468964,-1.423575785662948,-0.3616415776682879,0.44812635960992336,0.4069129741861739,-0.10309170913543342,-0.3052434937139147,-0.3298402242825922,Ok,Ok,Clean,Clean
1.0706529886014307,0.6701132627169765,1.0284023042058894,0.6659788774978775,-0.6422423410410141,0.8690109090405822,0.1336520126249973,0.6932662265313899,-1.2934876982743226,-0.2507260978976519,-0.3618908554208042,0.1913519427429456,1.2604770323639647,-0.7375466100791191,-0.22775891679619545,-0.45473476147051395,-0.17863471843779755,-0.47076481800578135,-2.0462949379849125,0.390250308839551,Ok,Ok,Clean,Clean
0.13985805079155902,0.7253625628662573,1.1644578175200266,-1.5709480420486823,1.1340312699039747,3.869568219758322,1.488487676720284,3.01266622095041,3.4648622095626926,4.780737000487378,-2.2090215794183576,-0.15705450566856027,-1.6436350449983783,-0.6911331713164085,0.1628671059606629,-1.1326010887022142,0.5616007842930435,1.365208503648459,1.4868978191875153,5.820221099800635,Ok,Noisy,Dirty,Clean
1.0467942397600634,0.9385700772960258,-2.661819813901137,-0.17202892582459467,0.314448643165079,1.0551471850137706,1.457016842404283,2.50253217788733,2.5355831461509375,3.375964813783189,5.121697954285937,1.0979033779437937,2.0706422444574706,3.247451886958743,2.4014555642911892,0.34319737541631934,0.2552654196802293,1.379854056102926,-1.7145807775163933,3.372164001401913,Ok,Noisy,Clean,Dirty
-0.6809564423842209,-0.08778981911995468,0.4159647486477245,-1.0150411015473197,0.22260760910000937,0.5460532153506542,-1.165601647332846,-0.1643878583699715,-0.015440841407437853,1.1466161405302484,3.1728429072111535,0.7539137539373475,2.8657769092709326,4.177452572727879,4.140773760473836,2.1946743332290852,0.9444466833269206,0.48094580774844525,-1.0483697193897894,-0.5584642302341418,Ok,Ok,Clean,Dirty
0.6474776608823016,-1.739899191940707,-0.4469705064000172,-0.9494494302850446,-2.0727098961655734,2.594219469002492,2.772810625353907,3.750886505089338,1.3994569412895326,8.73588452788479,-0.5765214331446488,2.4538995097213854,-0.24746572077170992,-0.8216599811625824,2.2356565639763732,0.2309923830517221,-1.5205304507581776,-1.013036323065862,-1.0767170902923122,5.899741222627015,Ok,Noisy,Dirty,Clean
0.8026877487910172,0.19029896116032785,0.24616379604543576,-0.208878800273692,1.3286944628838504,-0.7046743923208755,1.6558177010003676,-0.7821343579158452,-1.0763469241539736,0.83455441190605,-0.5144152452770147,1.8811638300297804,-0.7405182832527687,0.4428147809521404,0.3459959429371655,0.213029691225848,-0.7787172106791816,1.7356485999768987,-0.8393731517744791,1.6166837936839986,Ok,Ok,Clean,Clean
-0.49958269246366943,-0.08495764349407439,-2.0878769287860512,0.25448237815033264,0.24371657618335132,-0.2609766637426102,-1.1139115684257441,0.43761391057368504,-0.2854685731731391,0.6235251337709173,0.05716558741341393,-0.4754020795052839,-0.2663820536763973,0.8541456708082968,0.042302481227219475,-2.173078619022222,-0.010415949665711355,-0.5585078832713473,0.04622267859419886,-0.09096184644362959,Ok,Ok,Clean,Clean
-0.20119121095482362,1.9697675338704002,-1.1921940853301047,0.46005905448424256,1.2625394732053306,0.055314843803297785,-0.4656138072455556,1.9808938843573438,-0.7315360223264176,0.9283008035236155,-0.18129078868399656,1.1486232429689474,-1.4437000002067508,-1.1215363762114938,-0.7083314334650782,0.29894817912049193,0.9219983066570403,-0.30102917373415167,-0.01891446081765767,-0.9058054204374528,Ok,Ok,Clean,Clean
1.118064827270378,0.33848642727949224,-0.9771848257974051,-0.9403415186602688,-0.13980608725025806,-0.5778341040492334,-0.14273282701677992,-0.8502308327627595,-0.6161553820581708,-0.13424762899211323,-0.3821014825733994,-0.023865240746477286,-1.0149423720337343,0.08326903748367913,-0.33381266062035764,-0.9355554879973423,-0.45800642239306694,-0.9480473717284524,-0.5599752856835694,0.20630297088662278,Ok,Ok,Clean,Clean
2.584650724777178,0.1678650876136606,0.18162259783292203,-0.12842331941278048,0.22942728274132773,0.29994656539783626,0.7521684350032936,0.3009237462513751,1.8588453675490182,4.078755932534467,3.404346059311981,3.079873060974866,4.42523755459729,2.163087130583847,6.720849105038425,1.2968935804231716,1.0404169790536872,0.35047588424669657,-0.5175519347446121,0.11425424738509381,Ok,Noisy,Clean,Dirty
4.913053304047887,3.7004670263740023,2.1244679115467773,1.9653653005481553,1.7466960529100015,5.112413229064336,1.6429342025162301,-0.6755402086796445,0.9749681744605728,-1.4513694410440015,0.567588504725605,-0.640501943697748,-0.07599761298515358,1.1032161085532806,0.29542337246282996,-1.1228847546504839,1.4996746484171242,0.4008534817015683,-0.14992166722089967,-1.7515549087679572,Noisy,Ok,Clean,Clean
-0.28740771261242776,-0.048785621943461,-0.1480117536357321,-1.0590040464188284,-2.092304825110895,0.2601874062190832,-0.05879000620475563,-0.3289813223270181,2.269637342866619,1.2328081006914282,2.877525407127129,2.097432436295409,1.4260603316158198,3.3933758178392006,8.132426726980947,2.3388875233055333,0.522172629805955,-1.6691330658541284,-0.09751578718422887,2.231656323433152,Ok,Noisy,Clean,Dirty
1.100367307193703,1.547623296791185,1.467155878631104,6.429640864462647,3.3762683619959986,1.0325085953854434,2.9992988708975314,-0.28802294877204676,0.009285051179233972,0.8834750929476914,0.05038317318593789,0.45532216415961163,-0.6582717040548239,-0.5004301302837156,0.2561107354829634,-0.5615183746774136,1.0657293884471608,-1.3562290796794276,1.5722127185831605,-0.19672245552999562,Noisy,Ok,Clean,Clean
0.19449782096319662,0.19545162707609,0.00834355976336314,-1.095576091737919,-0.9203614745142583,1.011889437828343,-0.4800989767251217,-1.6511030719509192,-0.828915559175806,0.4220038762090415,3.3310102093895013,0.9888128216610462,1.569313283101729,3.8879156840340605,1.9006398541543985,0.6684928235345237,0.00018633127928069723,0.8815623944471882,-0.5027171538591944,0.7582341552037825,Ok,Ok,Clean,Dirty
-1.61695382385827,-1.0064349991467205,0.3970134545815473,1.374470677349143,1.8490431419286808,-0.2541986535129079,-0.3938924252382714,0.16675772376149528,-0.37704925519697907,2.5585857480369323,1.2040484524511315,0.8673334920030784,0.07834017232411114,1.1067495974296346,2.6343747622555447,1.031797858098729,0.2710873752406303,-0.6085651325482965,0.2641359820774592,2.302837381930698,Ok,Noisy,Clean,Clean
-0.6418280864537551,0.8812085321839691,0.5444417429562177,-0.8148228588426816,0.8510540105227038,-0.5296710469842631,-0.8201148730279769,-1.965280463715122,-0.11854970323178093,-0.4309583884668931,-0.47661168270320875,-2.720714082660661,-1.6433790541170485,1.55148834533071,-1.211834731852762,-0.35049659796763755,-0.5377360909906634,0.46950449168425296,-0.8383323682798055,-2.1775811261210984,Ok,Ok,Clean,Clean
-1.3523858929072572,-1.106656798095348,0.5345331876534785,-0.6674741256381739,-0.5838743122126242,-0.3611122594661693,0.5007806454215209,0.33767649206717476,0.31711047925960223,0.8008105431682385,2.6783175493717937,-1.0717377681499693,1.6309062254411635,-0.10366896752721787,0.2190241516786767,0.9268528065050791,-1.0438420290222608,-1.0699549436663782,-1.1221160206834677,0.25121046242544365,Ok,Ok,Clean,Clean
0.16722497891206145,-0.25363228557183554,0.41997911421761064,-0.35047288073589694,-0.11758529109253067,-0.5990798839495669,0.37412247486133504,-1.509369749385448,-1.8760264709241854,0.298457534605878,3.2180753227011483,3.1695956492027664,1.9819235601098268,2.474805479652862,2.006228213896143,-2.4208105463772265,1.033288195701819,0.6954662937843994,-0.18620985974777005,-0.18289800016583085,Ok,Ok,Clean,Dirty
0.1519576913591243,0.915977642709713,1.3347695020346766,0.3289777236493369,-0.8651623967707159,-0.15741250134110607,-0.263351838026134,0.8780756932438776,0.6554516417031384,-1.2437859406129226,5.007826676556424,3.417926016355191,3.711419473078909,1.2815383871628423,1.386707271362912,-0.4044395175290667,-1.5899399773345129,-0.8635311172066996,0.4589801542456905,-0.04505835243676932,Ok,Ok,Clean,Dirty
2.496822423837732,5.573474831435918,2.7671093546606262,-0.12326976701066439,-1.1428765240544576,0.3301952191305078,4.917898773625503,0.6148350128915882,-0.6507736433045295,0.5366343179687987,1.8544527368368324,-1.4578973767711347,-1.72649031274993,1.2203313538745435,2.3251555274616265,-0.1963198350830578,1.6128172425250453,0.942133258667699,-0.001384501204699397,0.7794699133366139,Noisy,Ok,Clean,Clean
1.0349917329646665,3.1625674206113565,-0.7482456746449666,0.38064739098232425,0.27616537307556727,3.93393691829533,1.715868589938803,1.3367452285904482,0.719840900907961,-0.5996647308510995,0.4191117949852726,-0.28788188684927535,0.2425950281419048,-1.10516590079263,-1.2720983786476237,0.9283120241911341,0.7254221295044367,-1.676821351272261,1.2943304266390123,0.30559392102715344,Noisy,Ok,Clean,Clean
-0.17370923265583038,-0.03544033207180748,-0.244519869362676,-0.6330166507126543,0.6641117401866921,1.1838190581742416,-0.21918577823773577,-1.046055785998782,-1.372791975442474,-1.6017984685101663,-1.5304799270581626,2.638314590662753,0.9430443603870199,-1.2127182366750158,-0.300283363313067,2.4387132001441203,-0.6968795492216134,1.6753142662523357,-0.2278617973657082,-1.1072576434959058,Ok,Ok,Clean,Clean
-0.18168306498168185,0.7534948869798543,2.0552675104494944,-1.1305280705425351,0.8974619568207598,1.4426284601022121,2.0589516338955116,2.367675257995618,1.7316904834711473,2.456972014074387,-1.786565180660856,0.7905994401581772,0.3054317780374459,0.12087440715165669,0.7921062041235895,0.544450207429094,-1.0326425571672198,-1.8886580971051368,-0.14286923667136803,2.610550495094669,Ok,Ok,Dirty,Clean
-1.5386810624815634,-0.3657395577576088,2.2915850232943784,0.7194641206585184,0.3008783552390119,-1.231366650219715,0.18322509484393504,0.31222443818353246,0.15182845625927802,-1.184688997906304,-0.475612646116682,-0.06010882387206816,-0.881807086939005,0.25107289394883103,-0.12746941207831797,-0.5609435817577949,0.9862481210038485,-1.336370953508614,0.36347083444315503,0.17578269154266504,Ok,Ok,Clean,Clean
-0.38412469038502006,-0.07919255364277836,0.8179126237483059,-0.4274329010606542,0.18946919811219115,1.331495504238167,-1.885401780793014,-0.48874465282774976,3.3870705853807315,3.1718842863347794,0.49955681435338267,0.11292375129593943,-0.24650352714351845,-0.7552834702242532,0.4771516893022631,-2.599931707640662,0.4540297595405059,-0.9220366878245279,0.9412003099981094,2.3013338649431923,Ok,Noisy,Clean,Clean
1.7107068415167244,4.972397978135355,4.757357233181522,2.372952390267025,2.1884167590393826,6.3653917306186525,3.2695693073947996,3.9958959920189616,-0.9837510367888022,4.51068503535604,1.988120093403393,1.3570495242986862,0.3320513589604125,0.21619811332079603,0.6186008221996918,-2.0426045303088927,-0.0398728787447015,-0.8042343669042047,-0.07763578846484771,2.212977150195428,Noisy,Ok,Dirty,Clean
0.8756201886630699,0.63940097486382,0.07730865672088826,-0.2940887512139739,-0.23321422592879276,3.178126729280487,2.0616259964290267,2.5671245968688625,-0.3109302049314693,1.5200961959803378,-0.19711297811786663,0.908268923175051,-0.4646798558680299,0.0030030148383024193,-0.679628790051795,0.013785458467110621,1.4570949633811185,-1.3661262675574193,-0.11711019204978335,1.8368963274595296,Ok,Ok,Dirty,Clean
1.3310285883789346,0.8492955088005898,-1.4350906262619192,-0.5702153333813151,0.2029150889359519,2.5475444202230717,0.6684164655505213,1.8661754182352737,2.4483142802955102,3.5618737075215163,1.1444029065102772,1.5375234749299458,1.3016695121671125,2.1859004032482865,0.8275265610589468,0.7458318931300607,-0.1934300390572958,-0.4107038366571528,0.5264971097169547,5.0281917101920195,Ok,Noisy,Dirty,Clean
-0.21176541196032922,0.9149309663658398,-1.7163796801472435,-0.8647761121189531,0.0961284215656529,0.3470283361656075,0.75190101018738,1.148029786056784,-1.4535425248529608,-0.4866434134070475,5.024444814960068,1.414965018312946,2.3696641117095076,2.8613693633579675,2.8704678137301642,0.49745004972462104,0.5473512852397406,-0.14102492078447343,1.3532215901632103,-0.2851870788018236,Ok,Ok,Clean,Dirty
-1.424331159330216,1.0413784003907365,-0.5981733057467732,-0.11111369504266437,0.18858819704516214,0.9002424433509149,0.35537724928413367,1.1162261989867093,0.5203115655074236,-0.1646904802504782,1.7798757751484717,-0.12674408954933075,1.1442682439431957,0.4689924034277425,1.1868265363448585,1.4201100561821123,1.8768132374569164,0.37859471211098344,2.5998274186213464,0.5574182882657046,Ok,Ok,Clean,Clean
1.7090622392806292,-0.7600531815698408,-0.36979417129805026,-1.5898563014274403,-0.12504484984803985,-1.3408577598512983,-0.36999243592642556,-0.5866490831632706,-0.5981285730045055,0.8236132614319636,-0.9746309229146499,0.7765705362203902,-0.7298561096436282,-1.174361595516245,0.7010252383228025,1.0088736906916462,-3.0149509499023184,1.1109661984407035,-0.9479507753783906,-1.220186867341604,Ok,Ok,Clean,Clean
-0.35209470542266896,-0.06390043843547712,-0.30152768210147773,1.2026005302310103,0.5280699700112738,-0.5647808085795247,0.16818647356261804,-1.163655767015528,-0.8980319775838854,0.6944270091962267,1.506608182386378,0.0018064694692727244,-0.17247578352059584,-0.3297289480639966,-0.3551836225446352,-0.42494092911083076,-0.7338909481052083,-0.26354442193840205,-1.237568382856694,-0.6695527849101768,Ok,Ok,Clean,Clean
-0.9941871395138647,-1.6254871453764301,0.7347273815239832,-0.201920845172686,1.178393941237382,-0.8879681069481573,-0.32444844145665597,-0.6019418965022645,1.9148355171130749,-1.299033963400049,-0.5685160525543802,-1.4346380065108315,-0.5863355482136586,-1.6261165368119792,-0.8533595827752896,0.4575499299842517,0.021337470344137372,0.14878674218323515,-0.0008170913456640181,-0.6761612095562047,Ok,Ok,Clean,Clean
1.2421640041348907,0.12592439610955178,-0.4707171258609262,0.593610607160269,0.1075482307385196,2.794820126840433,4.904329208006784,2.994139638603915,-0.26325959636047025,1.1003485676985143,-1.295070015503799,0.5973774516378808,-0.33355059542893356,1.5358090408524787,-0.9769068407596544,1.4310532010932466,0.7356686845298617,-1.3498270207834442,0.19588582719126582,3.579078536438474,Ok,Ok,Dirty,Clean
1.6718264889593613,1.9974478517714693,-0.464198655287026,1.0771417255402729,1.9447966451999783,1.9836804608081635,3.896859542878444,-0.37245430247852873,0.8820177444659396,-1.4523730554329506,0.12798562873760808,1.212686035309597,0.7498185868722416,-0.029422452015818452,0.2351482323862505,0.5444129868566433,0.9868064084882597,0.2570345332207147,-0.5618084164616978,0.8434547235346186,Noisy,Ok,Clean,Clean
1.573374544079104,-0.8428862688409243,-0.8953806270185041,0.41310006057800036,-0.8324437823049288,-1.907630357030019,-0.854978890734613,-0.6101502320760784,1.2858808598388287,-0.7276021574300433,-2.6765316080629065,-0.4977591998000972,0.6903876282555914,0.03970233930741182,1.7371368624205996,0.20787933297819386,-0.08063649647190559,3.1453954936530084,0.1711810741628704,-0.8959511583639963,Ok,Ok,Clean,Clean
-0.40209764091407957,-1.5898191907681376,-0.2716869715634578,1.4120129239696166,-1.6848288173615444,1.9134496974726973,-0.5802876208606219,0.46506299509363863,-0.9537693264075581,0.38878879980084685,-1.469846059938049,-0.3104281136430922,1.5914817065656635,0.38798767708087656,0.5630723706063177,-0.8792381857411075,-1.1665037968873773,0.6223818908925575,0.09871126839503516,-0.263610868131032,Ok,Ok,Clean,Clean
-2.477711087781636,2.0261778204405054,-0.5230306654759891,1.328399581742068,1.0269019712215637,0.4929978973264898,-0.37564111113630755,-0.12146157242085925,0.415617360814155,0.6119843384104583,2.3886635782206063,1.6443305137905413,4.147054402838946,3.5937843515342274,2.8246924491716037,0.11732893212734131,0.9009716518886964,-0.757312123739405,0.27107390799506875,0.0998040986740602,Ok,Ok,Clean,Dirty
1.557000423757778,-1.084881164049445,-0.906307998119748,-0.4288346662425068,-1.5192152207995044,-1.5068697520993513,2.0202275826029754,-2.749129416525848,-0.36099547849281477,-0.7993151162261033,0.6255178758008128,-0.8004028254545678,0.59274261151922,-0.703583527068209,-0.47710870831980284,1.0174995994701,1.258431463625224,-1.452961131065778,2.104530108065922,-1.9506878723949275,Ok,Ok,Clean,Clean
-0.5152081372880073,-1.6316952199960344,0.5793829543829254,-1.101896232476087,-1.7101781685097974,0.5715641551725577,0.22244363073131018,-0.32227130877404586,0.5033992815457633,-0.32224359907635003,0.03447444966272746,0.7556369442986709,-0.15368812562076037,-0.692247434407956,-0.053024311966812725,1.274049232922645,0.271450464967025,0.7032170993081432,1.2530470038727402,-1.0052521652307762,Ok,Ok,Clean,Clean
3.505450968409731,4.307810296685336,2.319112932017377,4.129067313258554,1.9080175358479048,0.8773641906432048,2.862815247802837,-0.7702058297272435,0.04955957718625511,0.07765215854287076,0.43663538223540965,-0.8128896027002093,1.145850435865905,0.8830406310826289,0.8649559634052962,-0.8267714383148349,-0.6936269983624117,0.59193342328306,0.17493976169998768,0.40997003759792244,Noisy,Ok,Clean,Clean
-0.23580649633607687,0.02587848262241126,2.410719888569663,0.20854429186264084,0.017635608014290205,-1.148234601177198,0.5585756266924271,-0.5410967424156534,1.270117038236071,-1.0411187591512197,0.4843498777900971,0.12738683300360912,0.8866698422668983,0.18512078355577186,-1.0688898615471012,0.5876278730654135,-0.280657149020958,1.0063390015962232,0.12038532425487891,0.8363387606095042,Ok,Ok,Clean,Clean
1.8232331197413016,2.8757313658748718,0.817913737316613,0.9630560211070942,4.014149031302287,-0.6071336715041861,2.074427600312241,0.4587237762147632,-1.1690940298604662,-0.4759739804876964,-1.726583455842256,0.4388349057131196,0.1457730531815482,-0.0583822403677975,-0.921753530195531,1.7877353900941735,-1.2531478728661851,-0.6144711322098455,-0.4091311948705655,-1.5878248749329573,Noisy,Ok,Clean,Clean
0.6763340333825353,-0.23144791615126617,0.006332384736515839,0.9125540524788658,-1.3455131245519467,-0.7456944352296708,-0.4901433483193328,-1.1572451019212016,2.192162390896205,1.4000735419420856,0.4009887825790395,0.6531790759162085,-0.046938946284979466,0.2298231676800149,-1.0382099215584526,-0.10398899907700021,1.0444582218920095,-0.4898906319074819,0.5380900203251221,-1.280007089089033,Ok,Ok,Clean,Clean
-0.3465578115252447,0.7674470002310857,-0.26812506557206117,0.8500419797655462,-1.9608865370930642,1.2876699669339429,2.262083819468337,2.8602336888569524,-1.4599348518017856,3.3081471893487517,-0.89824723020238,-0.6100792483379087,1.8608756521607146,-0.8456346809743216,1.2236547375975466,0.825221299639657,0.8388436014811551,0.20482405223094108,1.0849789887966221,0.2822843914044477,Ok,Ok,Dirty,Clean
-0.7524871075160807,-0.6247810361900894,-0.4872832107500228,-0.8238325461413136,-0.030633898738933525,-0.4175221872362064,-0.4257907107659921,-0.17166172147429434,0.32951773288201747,0.6489782576201552,-0.7037372189219637,-1.1826545946253306,-0.09601300181466,-1.0815926031790088,-0.24560709233124436,0.905101407241462,0.29449800289742545,-0.0026776492917278388,0.4559734008299475,-0.1563546656814394,Ok,Ok,Clean,Clean
0.15126379202729492,1.3528897835374856,0.35892045366892605,1.3056721210560807,-0.8863985014975886,-0.5244100634296914,-1.2306573350540275,0.40034725797223364,1.943909645866047,3.9752509877717803,-0.5736362969489124,-1.10398444753991,-0.9640655603822205,0.6514243806054356,2.174841720067327,-2.6279324817009377,-0.09969337296241997,-0.4071315579911306,-0.2927322005213481,1.006678420300957,Ok,Noisy,Clean,Clean
3.15967342186989,3.144838877068289,1.5712194474341035,2.4006702263051034,2.286726255798891,2.604412873526191,3.3425411931626465,0.6889514849316241,-2.3905255132863585,0.5429154556197755,2.228222226108899,4.569222056666176,0.7772175174090473,4.718960144281651,1.8853434012850643,-0.6053617082569418,-0.33705412488131126,1.2519302264173535,-0.13330279240721263,-0.8356638905982996,Noisy,Ok,Clean,Dirty
4.439942724729185,4.663476164503603,1.0453058573434895,3.29872553974099,3.072072356198842,5.651214539647254,2.289109232374568,0.1034652858200561,1.8008533631143928,4.766413217663634,2.001315866850312,1.5831323326134021,1.1711328113912176,3.4466762428985174,5.461889034529697,-0.07371879776600686,1.309435408277823,-1.7096048916966748,0.21334216730079195,1.4956843520830638,Noisy,Noisy,Clean,Dirty
-0.5604391372025022,0.1291952733342807,0.898838808354196,0.29053980296748555,-0.35573907419231027,3.7591344186926596,2.541479050591736,1.5694299396005595,-0.06996874155168785,3.4610770758908824,0.21711359758040455,-0.8627255423166883,-0.7555049946558611,1.5366251859552946,-1.1154437442881169,-0.8674435868476008,0.920515990836035,0.017128260980015127,-0.36193545580191155,1.89675940895261,Ok,Ok,Dirty,Clean
1.0088160499981926,1.602912877022033,1.1473035173168808,0.7760386759908335,-1.1983071210023153,-0.4416903483001702,-2.41811814864217,-0.39938953150572415,1.5703162788685303,1.8962583990813113,-2.08222543769824,-0.46520903801266555,-0.6060348881221326,-0.019895394583217523,2.0256241043904475,1.5906982938635577,-0.6049850899569648,1.8869174882013346,-0.46090372550806924,1.472342681160911,Ok,Noisy,Clean,Clean
-1.290219215423931,-0.893448108108096,-1.1403892837829848,-0.1855192040519282,1.077955024778104,-0.38751116878222863,-1.756545358185461,0.15939285904648173,0.7499244470198273,2.2053692434760768,1.2926608787818188,1.2692121456029002,-0.13194147588643132,0.0697384175601158,2.5940622261109962,-0.3390260643168809,1.1580072560126713,0.1808321444597851,-0.13482056574326054,1.8783147349884057,Ok,Noisy,Clean,Clean
-0.14418919651642642,-0.42834762808425536,1.2719403951746313,-1.2971162393521343,0.0767751575286891,-0.42389265552803446,0.8591245319480391,-0.3993841564978266,0.14836479614418657,-0.7074684602375348,1.028218670574146,-0.706597911027452,-0.7187825290152711,-1.1886002885422584,0.7309601342904566,0.4721445157259602,1.1976765058787326,-1.9021849026371558,1.3026728937069836,-0.650564214039425,Ok,Ok,Clean,Clean
-0.9750115475079004,0.35266356205334715,0.7097560011913965,-1.311757555864032,-1.7208259197791762,0.23738131946450258,-1.03629238267592,1.077394792845149,2.1679562547984976,6.424871898617321,-1.2058151664075176,0.34352962067211135,0.5934239244891448,-0.5007116122120694,0.44723478671749545,-1.9607288757419508,-0.32913751461069884,0.20562645149061082,0.6139452842052955,3.1380897874725893,Ok,Noisy,Clean,Clean
0.32143074458236764,-0.4447761351427226,-0.7408865046644396,1.905979435708575,-0.46582373378826963,2.623812141347992,1.3671432952161748,0.01852707586063518,0.03704590393146658,-0.07821149141668181,-1.6133769260855104,-0.20813353653542224,0.03576402156865927,1.381286342586927,0.7830345742077759,0.10681167024433807,-0.9988310055307726,-0.5145937643663179,-0.936768749968361,-0.3643114971757313,Ok,Ok,Clean,Clean
0.35305788076888217,1.3329665660404115,1.6355173843336026,-0.746235025752308,0.43504193552373144,2.5106451198503725,2.369293212030763,0.47871064338591607,-0.751491975556256,0.5632669243345162,-0.3813079679286597,0.36236052890689097,1.2669781303735774,-1.2684967098611766,-0.31810197810832325,0.47756836198905683,0.4955776344132439,2.308451573155247,-0.6693137737058994,4.9906688844151015,Ok,Ok,Dirty,Clean
2.6820598456650595,3.406024453097747,3.337544115594407,0.609668983692882,0.40737358323811346,2.374285873064228,2.6159000058987054,2.5600646129501663,-0.2524996233326333,-0.23442448852130526,0.2922187340563173,-2.080297415538389,-0.6766747064538855,0.14880105611569147,2.97178506968747,0.35330127149616725,-0.22909781180432823,0.44314081970235664,-0.5873133419589716,1.0549131052188137,Noisy,Ok,Clean,Clean
0.9494939667183495,0.8248448177893791,0.17356773024866262,0.7903953218737472,-0.6538272377936669,4.050286303276386,1.1995150781239021,2.441914299322948,1.6746465138634359,-0.07735356603567303,2.316649204023889,1.1463309779090618,-0.7913028958799585,0.5027847961121037,1.389595587660191,-0.26915218347420283,-0.26317105352884984,-0.0276613149085996,2.0545526039473034,2.6045561940747333,Ok,Ok,Dirty,Clean
-0.5594984174321085,0.20078901769237134,-1.2401653937379506,-0.351425250518474,-1.8259992380920802,0.5011701012737091,2.4125387904448172,0.3836593019737642,1.731677688855764,2.311790627707321,-1.5295631872545112,0.012623932378824983,0.34460970852976996,1.7162870426546981,-0.24912613170907227,0.07799042070635835,0.16024213723363082,0.7621493500879046,0.49485348895221415,-0.8146307048979147,Ok,Noisy,Clean,Clean
0.4434417128509037,-0.19261840595677746,1.0455637478935453,-1.871918428924618,-0.3454075778041907,-2.5040928094112953,1.279513568032185,1.1099734611727068,1.7761188406748176,-1.2019235656707163,0.5379422225252178,-0.12776588896580313,-0.6083269433873443,1.9508940698632595,0.37299640481943724,0.03377921348603985,-2.3877605058498257,-0.6829633491724888,0.032421659660325355,-1.6711161649874153,Ok,Ok,Clean,Clean
0.478486088780104,-0.005649063397425023,1.407916510578076,0.3641758567868409,1.1438196435794525,0.07354782417199959,-0.13816787588913051,0.4642703749061395,1.423910343009215,3.722366737836344,-0.5507781839320476,2.681666885583489,1.222851022110746,-0.18163573873176653,4.020030203401368,-0.6700571842591355,0.8215303199303996,1.3628182064413432,1.1602655084820765,1.177151371375401,Ok,Noisy,Clean,Clean
-0.9506226675987718,0.5962686353469527,-0.9071287721320936,-0.5687588094402543,0.7290522485002249,0.9172658763016127,-0.3286190863454027,0.7159786388215,0.30721145199935357,-1.8792422288771167,0.9361421907635994,-1.4438515193610748,0.03627303633622839,0.0013444418755714795,1.2970532412860374,1.3292359172504902,-1.7066199392530057,-0.05231928763352962,0.6171536395131317,0.45783811392850626,Ok,Ok,Clean,Clean
-0.1651796479870369,-1.3927682399715313,0.6665867673847667,0.1784477355149934,-1.3318207485661995,-0.6690583061002409,1.6295990291300375,2.008030565365873,0.2570237286881402,0.3254450795171573,0.04386900919161608,0.7383848469185283,-0.724080546057974,0.3911898360610508,-0.5433350944418438,0.5022701862247245,1.3356175692699956,-1.3250244935081366,2.1059054631832788,-0.7363566645058575,Ok,Ok,Clean,Clean
1.9307636880941352,3.5244579581110163,2.002205105924052,2.7549679171535044,2.4532128408719767,3.478480344670346,1.8217412371393702,0.44348789978849357,-2.125193371112563,-0.9019752971511619,-1.0056637075484904,0.4857640923609086,0.12233990155190368,0.8585678447504637,0.4805658422521367,-0.4046583418618701,0.2938143271902073,-0.7890976018402681,-0.19650415484745837,0.331279848870429,Noisy,Ok,Clean,Clean
-0.9106441901358587,-1.348224519134844,1.9293943839075607,-2.0145488370122515,-0.1265922853840999,-1.1468057835127987,-1.5128332189094709,-1.7316068654229642,-1.8270866799807715,1.4913707682500301,0.17515630216301628,0.32208084890124333,-1.0604827572027995,0.01868920593216827,-0.27205599300111055,1.1423639614284047,0.26185441933676945,-2.3611941380178716,-0.23465808555686204,-0.2014030449306105,Ok,Ok,Clean,Clean
2.6593422828213904,2.801267739785645,1.1880056590955668,2.5717667773270505,3.758386606509908,4.694851852870895,5.621442180211426,1.7503424259191913,0.2096044665159883,0.8759034134761955,1.5071256953012944,0.8129440181825861,0.8745746023938532,1.5276531186189355,2.889914230673859,0.4315711764208365,1.6158819909603206,-1.009473876083461,0.4049263324828724,4.756728408511171,Noisy,Ok,Dirty,Dirty
-1.0202586681536991,0.37581833238996565,0.027283342037238076,0.15674817028262067,-0.7107037745020701,0.18255519179713436,-0.25619728721180907,-2.4356543813592237,0.49410372990949053,-0.39570239234773935,0.05743585831705697,-0.02015190686231734,-2.140148736453796,-1.5480349801910298,0.5379661810376333,0.6238051568013331,0.5706961812456763,1.546658952982534,0.19834073571736133,0.7853218247162284,Ok,Ok,Clean,Clean
0.953430870553247,-0.229669828082112,0.11597738611370956,-0.6538342515100231,-0.06843529674341406,4.331219975492322,-0.48086627860866343,0.2206892652224121,1.7351300933147762,7.558733660504435,0.3111176669659505,0.6227120234282651,0.09509302269624703,-0.4452675654381747,1.6168721659273124,0.4386368144487832,1.2511488028890239,0.8765680408729802,0.25717299617311434,5.959653583473335,Ok,Noisy,Dirty,Clean
0.43366200894608453,0.6957751951206922,1.0092669239240473,1.2183630590278574,-1.0137819329756865,2.5825316185697607,2.64425021159493,1.2710826609878914,2.3726042544017507,1.4894960005989244,0.5731262995627796,-1.0874861681908812,2.832588935246142,-1.6415290588074123,0.9924245480503551,0.29064836805212757,-0.5903510765981509,-0.4520823555436272,-0.6346082743343263,5.321574058671467,Ok,Noisy,Dirty,Clean
2.3310629329280217,4.874347863099685,1.80005754795841,2.0873555162568804,3.042856272658238,4.696442509372892,4.979559677966838,1.9617100139825012,3.6524922165651454,5.664212849800733,1.3167503004418384,-0.4849091974285278,-0.11521973347122876,0.28573030904745966,-2.12241488773523,-2.1263470108474096,0.8502135913524872,-0.3349890555506135,-0.48478854790924514,4.045612673971965,Noisy,Noisy,Dirty,Clean
1.6059623365976137,0.7874138925030832,-1.7297696959980073,0.3154425648779594,0.173606613009539,-2.3274207014956456,-1.7550530994287825,-0.5835254351020872,0.7514059702783166,0.30381622034706607,0.3352429168999201,-1.4568934987561302,-1.1339511835001657,0.33253431337063505,-0.7399797656819503,0.711217744642964,-0.6741013722088316,1.131187241296513,-1.0199682738222764,0.3362176688500514,Ok,Ok,Clean,Clean
1.1282002425958784,1.3217963801131316,-0.5084278879866421,0.710058051030017,-0.8261126543787174,1.6396950414333777,-0.0004867619666440854,-1.0755860740331833,-1.2349940762006646,-1.4354456759169207,3.44640571856231,2.234423978421258,3.3405900372316055,4.944312606400282,2.80990322512398,0.10892206714784515,1.6730305040598843,0.17828578202724155,2.8082171399966414,0.34111825883481267,Ok,Ok,Clean,Dirty
-0.7454649828519764,-0.4339636683291059,-0.7957472055996085,0.7405828156652129,-1.7184060617013377,-0.355292063120884,-2.2635594731983515,1.0895992895132078,2.274447727170242,5.313380081349847,0.3647876804945265,-0.7952149647109483,1.0554148437593067,-0.6847868168179461,4.688372372158203,0.674829635517449,-0.17227895557410172,1.2459417100311025,-1.0152078174937702,2.4357472172562655,Ok,Noisy,Clean,Clean
0.3841471559206804,-1.7439246752661124,0.49289402771614016,-0.5589843055521883,-0.39425344168472437,-1.1918800648482322,0.317557504940696,1.1813703777574505,0.9687962513854542,1.4385316184158448,0.0193951435040384,1.5224859384183254,0.26820857299323186,0.8273321599289224,-1.9162645432541296,0.10655738269999931,-0.3191028685921683,0.1709417720566286,0.5360978105268485,-0.9711760528929506,Ok,Ok,Clean,Clean
-0.6934170790142639,-0.020533031963800397,-0.054877563059692276,0.709952063206067,-1.9356850096714768,-1.0853179757097262,0.22534180958734867,0.290952179855573,2.4940485934616987,3.167210047204155,0.16067863639891716,-1.124239766457952,-0.19701193693441024,1.4711593291823828,2.6619502661216083,0.3178011312431898,1.4130335584393405,0.3594424285865982,0.6612730803965953,1.9534058186499916,Ok,Noisy,Clean,Clean
-0.150907956481527,0.8156506308340097,1.6677352493908915,1.5222726584959199,0.5235824697678203,2.4915518627023556,3.6328958597509877,0.9469773351625518,1.1106850659311749,5.892090686061957,-0.2137587949591754,-0.2215072822441728,-1.9853337619512623,1.4443919571602672,2.829906188322738,-0.07217034096683606,0.5113611336013565,0.711674641178678,-1.6711972047879882,2.393540940347316,Ok,Noisy,Dirty,Clean
3.151452828933076,2.030334341820196,2.06459694746026,0.794883161817964,1.063572284361212,1.6584836078485028,0.7242946805716877,0.4017612911618176,-1.1145210147565134,-1.1497932267847408,-0.16513816191185385,-0.9942878213051212,0.9568948188468742,-0.1897507748470034,-1.5563454929254874,-0.19131552997914958,0.4806113745417276,-0.8485193096557131,0.8287971752347653,-0.6499255018239605,Noisy,Ok,Clean,Clean
-1.0388175447004482,0.01652258845111644,-0.7492778318333961,1.7392016704990363,1.4520086407818553,-2.6738697366087396,0.45164672161396413,-0.01759475365197363,1.2645926373885512,-0.5925290225348208,-1.0129459783633412,0.05279803223236113,0.8286820301466046,0.5937810911091688,0.7300084655538998,0.6658331174395162,-0.2612109521806617,-1.4154090250846425,-1.3309972573150717,1.4463807038799876,Ok,Ok,Clean,Clean
0.23902894370572197,-0.19879656910520274,0.5003968532664853,-0.3520123943839753,0.19753374012339175,-0.5923286093705503,1.4316378349409196,2.3059180882189683,-1.3517652618246168,-0.6370848981957183,1.6533432960378547,0.9171334148519938,1.6831546936862882,1.0046015329885662,-0.23225496107046892,-1.7974986696809065,-0.017696048475545238,0.2750913380515949,-0.6209158427418812,1.0507466657748696,Ok,Ok,Clean,Clean
1.1184602909514099,0.5737569610039499,1.474106577253174,0.24779570827752403,1.0077918396789487,2.8657687600830077,3.1734856815207118,3.84624540716135,-0.23112185880730665,1.7676822479099552,2.0657655045831227,1.8001728297459552,3.2154180768796383,2.1954548653593546,2.47326003508783,-1.4533678551279186,-0.06131544822381462,-0.47307662337458234,1.6248626584577062,1.9820994734135222,Ok,Ok,Dirty,Dirty
-0.013350931236487305,-1.7020455150228595,-0.5033456287610312,0.06429985501681698,0.13790193540135642,0.30267589227405556,-0.5441780927401104,0.2399799824800235,1.0721434131346967,-0.07455485597727624,0.24660571854601537,-1.4858599192780162,-0.6421591127789915,-0.1735201453818567,0.3761737527972796,-0.18983073285764931,1.3983777805309243,-1.525407167942447,-0.8540377311553168,-0.0901247391770258,Ok,Ok,Clean,Clean
-0.7172464801594821,1.2790776780251916,-0.20863739615798282,0.29036981744025253,0.020136433312437484,0.5621951862905719,0.4034877577707527,0.04049062637121208,0.6604555733985468,-2.0038005232165017,0.4937672198485838,0.39673776025857094,-0.18546428854778094,0.39700717840809674,0.09777779085354706,-0.03446668596151571,1.6503282981886418,-0.5946830661720378,-0.7243127793743708,-0.876551626601201,Ok,Ok,Clean,Clean
0.23631708277561075,0.23957330952351216,-1.0633246946007173,0.5157465108085361,0.41362623869832255,1.0128706462215202,0.9357078455251777,0.24047591748907782,0.1187079076916769,0.2810406756075159,0.13297478827339734,-0.5123491058221736,1.148973437620672,-0.280470126354529,-0.8129876416907463,0.12471833592077744,-0.6147493179326646,-0.7086343368108527,-0.8646699805774665,-0.32140520912377224,Ok,Ok,Clean,Clean
-0.9417758636508214,-0.9455178040271764,-0.7422200785194197,-1.7080294228413568,0.2753131269734859,1.54049367343029,0.3397923201787633,-1.4329623572252976,3.5265084304389416,2.4188008444507303,1.5072583337126657,2.9351366687349114,2.249818179338132,3.508879457295547,6.168118181774109,1.5561527538934181,-0.6448400999811559,-0.47267527018797806,-0.28163580621563467,1.3265792770436435,Ok,Noisy,Clean,Dirty
2.331503342014395,3.8881530073385555,3.1004989561351635,3.2248724496378673,5.473770733553317,4.493117581368311,5.026054044130045,3.5170142735762893,1.3346867374382518,1.0994169276296164,-0.8776836399062583,-1.657644436401134,-0.820897613489344,-0.469023967621974,-0.0005834334349828345,0.25949169603075667,0.6281193512167399,-1.888828707165078,0.9173947501338157,4.565428213706226,Noisy,Ok,Dirty,Clean
3.433817439146282,2.6719884635528612,0.728895395231037,2.3777065499103998,2.4528212025028013,4.726323971846171,3.608853019554409,-1.7306846559451439,0.7372493091617899,0.5190770023463962,1.9759560920816257,-0.6234740154838315,-0.7379010302813129,1.3192857484452074,0.29753318194206013,-0.9159959338351948,0.3797667360617497,-0.4779999942457564,-1.1439865992340656,-0.8322397824090032,Noisy,Ok,Clean,Clean
-0.4762027295449073,-1.5167646468818927,-0.291716474768017,0.5570624708644372,-0.1931643677792078,1.442679734982358,-0.19064865812516438,-0.15309764770525708,-2.080850981275034,-0.49554376175066966,-0.04350207267829424,-1.277311521294526,-0.20816055927453292,0.7197136561125522,-0.949795339130804,-0.5017708547287241,-1.173506291830325,0.2088180586323363,-0.05744852230807893,1.981131486702665,Ok,Ok,Clean,Clean
1.3971019425006173,1.4119998373948717,0.16106648705054577,-0.08383887430773586,-2.128576312091342,2.7375355004674815,0.14080941853043455,0.09892798240208557,1.0105648676299144,0.9052711353402513,-0.07222803612058999,-1.6156180919763787,-0.4274003565945924,2.146572921694094,0.4822215649806726,0.8220559084085223,1.1394516661071217,-0.5754650210903867,-0.826309531339057,-0.6772641650991466,Ok,Ok,Clean,Clean
-0.1877715713255314,-0.47404817199591287,2.0658758482263333,-0.21203408939180834,-0.8758944341008603,-0.39632399931308404,0.3413961126916288,0.18821267582358717,1.067510211819283,-0.5760060767380969,5.61536696577133,1.2601154351470425,2.2424941481041594,3.380934297054175,1.5816496740516224,0.33201432688086746,-0.43552439882972643,-2.1738472616578046,0.2887261737916322,-0.7938939481120048,Ok,Ok,Clean,Dirty
2.1124061907777962,4.813066365451942,2.714400861646842,0.4887946894757272,2.142228362039456,3.855826211150231,2.3119692512661913,0.3486962015594293,0.27262908964902977,-1.1329891455498617,0.18397414274823098,0.09983125155193322,0.5533890412693244,-0.44140293459647745,-0.8401477937448252,2.074165586645209,-1.4810305832826698,-0.5552855825701797,1.3460052372213314,0.9462982023504702,Noisy,Ok,Clean,Clean
-0.16287611339493052,1.6003433779512575,0.1419319830594671,-0.5916073517788164,-0.7024469452051378,1.4162832577492641,0.5539403561184842,1.03098001137055,-0.9740290802880699,-0.5100300840048309,-0.4950664742748672,-0.42023131271553793,1.7774405872072088,1.0142581199156595,-0.7323967893905097,0.5005852455201248,0.8532039439126852,0.02185379864775037,-0.7740214324790756,0.05396266024082853,Ok,Ok,Clean,Clean
-0.5999601067885784,-1.496522422657266,0.9866935648779224,-0.1331259977634038,-1.0739378560598736,-0.34371497831218245,-1.7183941005661847,0.376081194449904,-0.9605323131945499,-0.8638715473199338,-0.11387448227864308,1.6602027482482642,-1.2489033203968474,1.56481651688361,0.6110390701074028,-0.0067701857973674106,-1.5714128265846616,-0.9815431744448608,-0.2986525314659524,-0.6931211164457598,Ok,Ok,Clean,Clean
0.29270942476293377,-1.5866168209198022,-2.551352714232572,0.021723094080454287,1.779667757102005,5.337270131072561,2.8221670713051834,3.765676052791451,-0.6844167329690299,1.3913238527405762,-1.2937440481389677,0.7089130743333742,0.43503875856785923,-0.8426906291191046,0.7503108494725881,-1.5368520233248972,-0.2604320335906644,-0.4985828482159114,1.7615941449377124,3.5806813116315883,Ok,Ok,Dirty,Clean
1.9980903872891498,0.0776033204730875,0.2665348754027535,-0.8390565312807999,-1.3746183740122053,-0.5006093060068652,0.6194306346309603,0.39508947126887783,-0.8198271140800734,-0.3346491848163433,-0.928035317062868,-1.465425052278038,0.6203287506553721,-0.3268736766024774,1.2539351874404119,-1.3670492005162858,0.45947471591852074,-1.4030955457973076,-0.41814644782579524,-1.0511466828968785,Ok,Ok,Clean,Clean
0.0786835897987053,-0.6858951338256072,1.8805027785838613,-0.3584734162844338,0.26831789142558377,0.8672582136613267,1.544039154604417,0.35829396781636286,1.0964300471585107,0.9737231831083171,0.6509808357225149,0.4871783271859805,-1.5857710763799446,-0.5980493099086955,4.066141116017848,-0.630237245135765,-2.102861082294251,0.6669694015826407,0.2994986001517853,1.3682395270172214,Ok,Noisy,Clean,Clean
-0.1939166976571051,1.4476387678829314,1.4671733620696783,1.0529463459662836,0.7239945033954782,-0.079768694924773,-1.0221848516005556,-0.8669324148429239,1.9114189356276041,1.9371112655650078,1.1046177027719088,2.052797376169315,1.9517383142700027,4.996774435622052,6.024646341823454,0.5231552882382832,-0.3111848359167481,-0.6733781175555825,-0.6948563711763258,3.6113060287083774,Ok,Noisy,Clean,Dirty
3.5405067525994354,2.0406599682903472,0.30218004280842087,5.925204535364032,2.034870171081353,3.9916621497077047,5.2196396309258,-0.36545770860214916,0.3013724308589756,-0.411991936307779,-0.30952985202308075,1.6080624120397813,-1.5452729156461005,-1.1600874936600467,0.42467736945183404,-1.3218635384667425,1.1567580591684958,-0.6616229882252803,-0.3345519545245688,-1.9456151722703803,Noisy,Ok,Clean,Clean
0.07122599975499087,0.6399635125075878,0.07167932723545072,-1.9088605642114491,-2.236087728937614,0.4048890024871059,-0.7621451487405118,-0.6716188131242132,0.664814317662317,0.34242643154898333,0.3341422484358836,-1.3963153983298233,-0.4138786424601071,-0.23436864085306802,0.5003256998174812,-0.11577674890575977,1.0319480915486852,0.3640331119686926,0.6093572502463125,-0.7014168647816508,Ok,Ok,Clean,Clean
-0.3356821726582242,-0.708629871847339,0.5207202803320312,1.2571310334328547,0.3546024262621337,2.7761025916275175,1.9934802034627432,2.504685258640804,-0.7478908271564688,3.4800716031350922,0.015903389157858265,0.9133205241377697,-0.6085052422867081,-1.7796038616328362,1.371640021914935,-0.12345802445728565,1.0139761939870853,0.3377585304939201,-1.0250617308212493,4.87368557405041,Ok,Ok,Dirty,Clean
0.38225812982886354,-1.459864774971665,0.5980959525310803,-0.25312033138018186,-1.792142973647653,-1.1517553321783758,-0.26866911665775306,1.3313912436002406,-0.733244737868349,0.16199789505087384,-0.12870866256825186,0.12143994759859257,0.20286656778605305,2.967058037159113,-2.5159875555630307,1.11948999203455,-0.3348320470867774,-0.5904647399749935,-1.3652459930949512,1.372870325806232,Ok,Ok,Clean,Clean
4.140549762763825,4.1482385755770785,3.0754756299299606,2.8305217263521367,3.3880860605448304,6.944648198266747,3.679650943413493,3.99064519151292,2.5891202237697732,7.6399109563510645,-0.74752633376102,0.04478527402204941,-1.6649157411046822,-0.8696957789419129,3.1342994331436063,0.6265755676194736,1.0429509589261228,-0.1250812924669537,-0.29779792993279414,6.7219559394946495,Noisy,Noisy,Dirty,Clean
-0.29468188478426915,0.22120206427070999,0.6094753321379724,0.25004331535955104,1.4649734975008497,0.9881767696483538,-0.3900291281554579,0.6525703651236451,0.49649574523079404,-0.8312800136427734,-0.23649839691517482,0.8526453544932853,-1.3943619256736421,-1.7263031932214044,-0.40651413776207773,-1.8227529170674592,-0.9093126598120176,0.8253288909848578,0.4010852483382861,0.20652846163941777,Ok,Ok,Clean,Clean
0.5145413243686042,0.6859883018629073,0.3215194550971237,0.6243153984133516,0.8027814679040959,-0.2600598428795054,-0.7211865557915221,-0.041298702747006026,1.2635249635642447,3.1640899508572753,-0.4171888020313373,-0.2427865642390761,-0.24080364533489848,0.3119280382696542,2.061888165382037,1.0968923236003063,1.158604719644016,-0.131120967671568,0.06297995949482735,4.190700736320155,Ok,Noisy,Clean,Clean
-0.5666138901655545,-0.07213453060916958,0.7469580866997906,0.10310701699852645,-0.8930697987533129,-1.8918365674094166,1.0441143367282872,-0.44123971821197916,0.9535947279253612,1.7169644311934238,-1.492055749904413,-0.5518843729465217,-1.5419755155435304,0.17767606117225096,3.6807960039369387,-0.1337049670055147,-0.18788730250280064,0.4170272887334461,1.0927399622788803,2.7856421142746526,Ok,Noisy,Clean,Clean
-0.02700301309317318,0.4627694961422558,-0.6822141920695359,1.1881175756615332,-1.738242847270607,-1.5385193045714651,-1.1905381368237842,0.36059272994768726,0.7473350895396906,-1.093357780694098,-1.1135737983649294,-1.3776949044066003,0.4869443584246384,1.1871368813086094,-0.573727170109107,-0.1791062421454016,1.3115378185030075,0.25742254386173435,-0.5136114211411005,-0.010880210199248029,Ok,Ok,Clean,Clean
-0.0027676047338274375,-1.4994106951908484,-0.7168976986693169,0.04835697686663679,0.6631188938775827,7.151834396662569,3.480492260681322,2.191928229027382,0.12449838845501444,2.2256824511000164,-1.763558814496573,-0.5642118056424843,-0.09126205474624084,-0.634334654926767,-0.7099453119682877,-1.8264609391223792,0.32404999586861694,0.5496216039607428,0.3818167533990846,3.268853143816868,Ok,Ok,Dirty,Clean
1.7028101038649526,0.08060338321446492,-0.4879631547851236,1.0820742364333213,0.25041052119233215,1.7983742353113568,0.8075563761905638,2.8003586696384435,-0.6451467976085898,2.897284014243331,0.144163783354445,0.01500392126735037,1.0052247228423057,-1.0455592197474897,2.073885748022393,0.8841568194749159,0.21265460807999365,-0.5558429332287599,-0.425426996409832,2.1832103400810214,Ok,Ok,Dirty,Clean
-1.1410216832309994,-0.984614323934069,-0.06323961101793243,1.076443642019212,-0.934717647246991,0.6571326417043076,0.6787644391406044,-0.4297562535981614,2.3237374420935324,2.6131972028948756,0.5412531112251913,0.09442841771786917,-0.14213888704648067,-1.2769254757368271,0.5158544847095531,0.43093254736628167,0.4073471276095646,-0.9502781024536923,0.7910272488027076,2.851252981213574,Ok,Noisy,Clean,Clean
3.2060528386664573,2.149887380397707,1.4129773308139506,-0.8352757532885628,1.83618363078247,3.961289814030284,5.257139996475207,1.9856653396344401,0.6647154980339487,1.910366181479723,-1.6043976864787435,0.6610268651243686,1.2702504203061047,-0.9173269217043658,0.9950501995530819,-0.38478915570964234,-1.438710955156704,0.6540657826448277,-0.3329140231722161,0.7381527477955597,Noisy,Ok,Dirty,Clean
1.6097824773620877,0.10552148049723202,-0.42105731928432344,1.2026173636748816,-0.8853033481433621,4.57624210888116,1.761425514547417,2.0484307622528446,0.2055718454259689,1.642360729963465,0.28226174622626166,-0.3731195460440185,-0.39170161970899986,-0.28845951531177205,-0.6137910203500997,1.072618824971922,0.9597051202017931,0.6773213558793837,-1.2422468331660395,1.2287877122932862,Ok,Ok,Dirty,Clean
0.09275539347956635,-0.9594233082797926,0.7944536485667354,-0.813364072708533,0.2739101369792803,0.08598217793907646,0.8676926595110805,1.0741014045580817,1.350554696685612,1.3050034952658338,0.2587041601519314,0.6026883717489665,-0.5125094547910174,-1.5821846231120327,-2.1606805866909364,-0.40764363980106527,-0.6323062001847319,0.3447118128881418,-0.2300268754632481,-1.3669455277293197,Ok,Ok,Clean,Clean
0.028955784870851316,0.4202727662335118,-0.14267868975323797,-1.2997510479772887,-1.5884547838488101,0.6631472857233518,-0.02193010876603087,-0.40007046123495915,0.4644278278500785,-0.2487724387260646,-0.5753725234016597,0.7512208528355054,-0.1789965214231582,0.6008971512203749,0.6789791500534037,-0.3912321468927571,-1.2248294522764787,-0.2606947829690581,0.1705118835096496,-0.9271497221163739,Ok,Ok,Clean,Clean
2.3670181826829837,0.6287778512967808,1.5409060875158624,0.1621786276298896,0.23859116160079874,3.0279324752906627,1.132288225603063,2.3404390733450047,0.10624397410747069,4.972304001158649,-2.629689664599022,-0.5111205848148718,-0.3974113449837038,1.6614291614251038,-0.0717494157855518,-0.13491118629660584,0.6249869943862124,-1.4942840832451847,-0.45913164956449787,4.037282372338777,Ok,Ok,Dirty,Clean
3.1193086072136382,2.9214041323098026,4.8817758199292065,2.569494094590889,2.618049239025139,2.0252943576437903,0.4646883440995584,1.8759948432204792,0.12131380474546004,-1.2696017959195816,-0.5264754868525051,1.577204410682024,-0.6816980863780314,1.5295092491423317,-0.6444369104273291,-1.1739831197229806,-1.3051930112259604,-0.23378655801295425,-1.1896548758498586,-0.608755823622277,Noisy,Ok,Clean,Clean
-0.533404339121098,0.11504627225062944,0.39451033148497183,-1.1622591047485882,1.4017397473486306,-0.2908549892815799,0.2074186093033453,1.5506288001526736,-0.7355473190661349,-1.1217262060134443,3.216285929598391,0.9078385602157867,1.657276378135675,4.048585399426778,3.5115658621335606,1.2278412950135,-0.6417808987459226,-0.9114245235348517,-0.7277545467740012,0.22589747451861103,Ok,Ok,Clean,Dirty
0.7730037839286712,-0.578500989094886,0.6402053004717325,0.6239872301459138,0.08381543516438551,-0.23277213478779296,-0.20807161052981896,1.6949504306653889,1.0107560376582279,3.480355439754717,-0.10832908771981178,1.2139994905038738,-0.5207131775810308,-0.09248794050294686,3.1798263255387686,0.016943104649879966,1.8688924448311044,1.5181051330377304,-0.29691878907766783,2.9680208419671223,Ok,Noisy,Clean,Clean
0.5533312931153748,-0.5840139130140072,-0.04530207061838609,-0.19732130520660246,1.34337326294571,-0.6988107032293187,-0.5969152900055047,1.9879170376595656,3.4092943496792207,3.418072059883762,4.853333803203188,-1.784514708484627,2.862297295356443,2.212675673345959,10.715474629541237,0.5275674508738226,-0.23144827884055513,-1.0320321145697602,-0.06388652451329517,2.749581194304026,Ok,Noisy,Clean,Dirty
-0.08301132207145798,-0.44403628767795805,0.7884325335950803,0.28355629957396494,0.23059104289107754,0.5406638292665199,2.7595965759210577,0.48818182300632956,-0.5974775480250635,-0.8956128558226272,1.0262171384105347,1.728779143099501,-0.28861066594290286,-1.406835048896177,0.876304596655739,-0.5730374079528968,0.01648878753876829,-0.14209297353153633,0.05233618616671372,0.14058002725339572,Ok,Ok,Clean,Clean
-1.6591295982634884,-1.5376339917363473,-0.47890725856644367,2.230609897842462,0.2311928397418999,4.296719278081386,2.1010408893341834,1.7936342109915668,0.07290427189282578,3.719804635708218,-0.5551376059388189,1.3047881159526065,0.7930524622223813,-0.4843192892445025,0.6615690198754159,-0.26392603287845223,0.1274153401516614,0.3065304796720286,0.29667711026467003,1.7838969320730294,Ok,Ok,Dirty,Clean
-1.1675147570672963,0.5827784996257773,0.21039854400083638,-1.3758999776719647,0.8503284698596827,0.5971736177195386,-0.35478383806817065,-2.2565177395745137,-0.5187016700003397,-1.2296829650641532,2.0221362435051984,-0.9122334754439796,0.026022195911706784,-0.5776612969114941,0.3277740440190232,-0.6069192565880971,-1.1418665836361765,0.6382081941241103,-0.05728284404340447,-0.1466369613880465,Ok,Ok,Clean,Clean
-0.35833608284519997,-1.5380664036708378,-0.4343818732003043,-0.8182322890731317,0.4334889881285735,1.1090604733345606,2.6186542265758903,0.08852035214044923,-1.1709587156632912,0.883385260638503,-0.6149890171931596,0.4469578381985518,0.16989681048970598,0.022124559814504008,1.3242394624225382,0.5934505265605661,0.6155136086188753,-0.2831058001756333,-3.151634022241334,1.3639385238389499,Ok,Ok,Clean,Clean
-0.25240549820431024,0.022349765197155914,-0.3566103679618661,0.06492558972880473,1.1915121742913997,-0.6379105713174666,0.8806295360931755,-0.5648937527307417,-0.6863454112831967,0.262634910261015,-0.7515983783867347,2.468172340670898,-0.9225744938508884,0.6422509348149067,-1.0215855804214804,-1.0759517228067648,-0.7802169286047027,0.16670855364886952,0.8703873791288902,0.8815076216725094,Ok,Ok,Clean,Clean
-0.7925849632606211,0.022225108745314474,-1.0800334011669168,0.9130516422277093,0.7863492338578344,1.6814133542400147,2.3583150378256765,2.5728835085008166,-0.8965402697633317,0.88385423232559,-1.44037903614048,0.4883360660452774,-1.0894025926361475,-0.18067532632241307,-0.3679749637873171,0.7003671461899329,1.56448144185469,1.5224257431660204,0.20386185467421816,1.6276897971956321,Ok,Ok,Dirty,Clean
3.1457766654156214,3.6368780422142923,1.3784670966987682,3.400357717740047,4.606984601068023,6.479747089691618,5.355240799119902,3.4085174117019323,-1.7153528487635061,1.6547731699533514,3.5061833947068166,1.6405290256570664,1.1453467903647157,4.6088092266995,3.0285553049872376,1.5941693834687336,-0.17022707474757823,1.2645695055294754,-0.9450840639681644,1.6447276653679601,Noisy,Ok,Dirty,Dirty
-0.20207856261073,-0.660003377597871,-0.9130551618966528,0.8954533705555333,-0.6022891598151718,1.245131484292798,1.4463483928670224,1.5495438285408898,-2.230122235015841,-1.8011635882212091,-0.23553626479393192,-1.5536355103255222,-0.6586033599119673,-1.0807941811204356,-1.4685684369704213,-1.2035703427228477,-0.6599950612984298,-0.9382008709629881,-1.9080957966292513,0.47299464797694213,Ok,Ok,Clean,Clean
2.8234122934630785,1.745420213041646,1.4746041718192395,1.2607295349692893,2.25123077473653,4.238785415649347,5.509380975402995,3.207037772640884,4.6868480997827096,6.580958979389601,-0.8226246701950687,-0.10481199947590851,-0.841246745197621,-0.4909266833418602,2.7220951644761335,-0.3858051810855886,1.065409287694675,0.15170129616688308,0.8296737478645342,2.975301528116685,Noisy,Noisy,Dirty,Clean
5.3810014349221165,1.7663067297899424,2.5521590873866926,-0.1569093044599464,1.0772130982187123,2.3018146630448197,3.2659512671334934,0.9319625094164443,1.5609889058279256,-0.23659312734884985,-0.6354328807448618,0.7089206435379399,-0.272992232874115,1.0597906476472048,1.1480740912331409,1.957376860941665,0.08071867534000958,0.37454071082115226,-0.04752241308137583,-0.14562705787026506,Noisy,Ok,Clean,Clean
1.254534203941766,-0.1395928687581739,1.0828084879976971,0.2983861067656589,0.8134909703521334,-0.5520709274377859,-1.304133425412042,0.4015484417162162,0.4082989274821649,-0.41394725845349434,1.8745518845306333,2.5890553937848515,3.0161787445414276,5.238040612889639,2.5350805747829877,-1.2461722731019702,-1.869483724151922,0.5702973216738852,0.5775257692830732,-0.3844918998634484,Ok,Ok,Clean,Dirty
0.9498697057342592,0.95094285024846,-0.050249327705247024,1.455577806597317,-0.008904223558523314,1.5340746198508735,-0.7938425855616126,0.856748646218428,1.350474383977618,3.4951330971193837,0.13342828026395886,0.2336875943355188,0.1775164307033975,-0.39406082080269655,1.5622745066378192,-0.9454955488195295,-0.6120663115610884,-1.735526655185839,0.21190845336399722,1.88088755914256,Ok,Noisy,Clean,Clean
0.9526328082531872,0.48136317960329006,0.21694789851337154,-1.0018333603821825,0.24311733614885073,1.4673899348064263,0.40333551598357054,-1.102907621434048,1.0388904732265896,-0.6461352232587144,0.6057027362943734,-0.5856763961144626,0.2184408783026488,-0.620302120703128,1.5191234980159622,0.5521741054977228,0.02139020725494047,-0.32267807620805067,3.3160647982711478,-1.5876708092567013,Ok,Ok,Clean,Clean
2.0302336082415398,4.846026684316769,2.76631040883857,2.0493102860754067,3.0465200791625167,2.7019414946495335,3.2067447891951346,2.0622816165452638,0.4156934284876886,-1.2763465989709335,0.6463732821170389,-1.075446901513346,-0.4996245850316825,-0.7509308778660723,-0.8391145291405425,0.011038369669624414,-0.5408343239575755,0.7287394672661185,0.724187059285078,1.0283014159906934,Noisy,Ok,Clean,Clean
1.2464247151585193,-0.908737175283746,0.14537483513597624,-0.10512311983226101,2.171984545022155,-0.5345830530679493,-0.9219939239672027,-0.6908404912475021,2.8675825663131147,0.4215157605261193,0.25271473379108544,-0.9372336456745493,0.5193668853486063,0.6066878247921094,0.3818085553979917,-0.6821058757659674,-0.8374932449578188,-1.179040890983663,-0.8637569183560395,2.0385877226731424,Ok,Noisy,Clean,Clean
3.2798922586976342,-0.07319625903396575,5.652120750447424,1.9456809480426638,1.834157154808296,2.473926543571817,3.9989381087811915,-0.5048444192252578,0.32468160645190836,0.7147662276276352,0.5323576768348055,0.1629982743114023,0.3147068287144378,-0.6970675053187319,-0.13705730791191645,-0.47652257873690856,0.5686648315100168,-0.10962163803676205,0.3435303140090552,-0.49624924270839427,Noisy,Ok,Clean,Clean
2.9763648516473227,2.7889732555184734,0.7300135610947028,2.665633909749722,2.267628348691741,2.915134074215589,3.9050130358593935,1.0338069149499685,2.9383464771426584,6.682253673369517,2.975612172464396,0.7357195813309142,1.834218530839238,3.147954694449646,7.6976382144277755,0.976873176155525,-1.6105159131589173,-0.688750212408686,0.7555378507136442,2.9616490538201647,Noisy,Noisy,Dirty,Dirty
-0.1469587076619391,0.6608092931744975,-0.7153549556021334,0.630566174497348,-0.09273411474186906,0.22192150494779117,-0.9517635638830748,1.0624866009057865,-0.030186049636012548,1.63438217572269,-0.2456786015964564,1.8595742208974362,-0.407034273092442,-0.46107159129495473,-0.8248923238758977,-0.6299524323960044,-0.5501185495407042,-0.20257866738554492,0.8296087208239841,0.0792896892127336,Ok,Ok,Clean,Clean
0.09374955546423065,1.9063432588032498,-1.4253144290451554,-1.419846226165781,1.8682341074510989,2.850497451739705,2.0074644604763483,1.7460625308404318,3.619300764214496,5.040525709962642,0.03158821534108641,-0.17195165176525273,0.7335600288285604,-0.21198686323816587,0.7538016604071139,0.018336965855761105,0.11535743098183296,-0.6591019198245248,0.233390222700183,4.066702763199842,Ok,Noisy,Dirty,Clean
-1.8547817762456495,-1.4206148665325506,0.7078248985356516,-0.26536690281667735,-0.26353413535093284,3.5445015595784195,1.8026430417249613,4.86198663090523,1.1289035584487135,1.960773787782142,-0.6861590325118505,0.9713881759828138,1.4744552221976144,2.1051069213178897,0.632792418571,1.0763462170547435,-0.5357624795355002,-0.5837597263962672,1.1733574113825946,6.140976897983139,Ok,Ok,Dirty,Clean
-0.06380686463541087,-0.6078002232217379,-0.057302371209344755,-0.03397329097262822,0.13055488173093402,-0.503254719063917,-0.9734690499860231,-0.7295311035008055,0.20037751935926967,0.3133535980278127,0.11190024139734235,0.8070334653412761,0.26485690253078076,0.3817037190898177,1.4780567365006327,0.5251469231385901,-1.11634753288481,-0.21639004698472702,-0.8379738093165507,-0.3099802731233403,Ok,Ok,Clean,Clean
-0.25854279747816233,2.9332971123137774,4.726758447227171,0.6247209811402104,4.683898988774904,2.737247664058358,4.005134628601904,-0.6727026768572621,-0.2178233619271498,0.6480472784492478,2.549013723154344,1.6243539125842996,3.131405503719169,3.8882091341431,3.58135075372546,1.187381955331823,-0.7573981285392202,-1.180911579141487,0.35334007187372996,-0.38610108754067285,Noisy,Ok,Clean,Dirty
1.280112161034619,-0.8092704287771475,-1.195203097544042,-0.5296586774004702,-0.7552256989442504,-0.37664660372489495,-2.918978105008287,1.5556077886199386,2.2885434657231203,-0.26001858630923175,1.5129815268422293,3.28150996469277,1.6896301286970903,0.9773009494378587,3.249190548560431,0.8856496658788692,-0.7171026333099494,-1.5896292904793219,0.3518669215136696,-0.13923233582659203,Ok,Ok,Clean,Dirty
-0.3471435397240231,0.8259751321162634,-0.5107228919142034,-0.7350022819964441,-0.670369685706288,-1.2244261527160258,0.42049902194014144,-0.4015666941268664,-0.2451673379470588,-1.3973047644228072,0.21166278117636922,-0.4955102830909643,-0.11705760666909383,0.8630164128219854,0.42418470438162875,-0.5724881647939863,1.6663194019415943,1.4552674492050173,0.7741252720769785,1.6582047155061628,Ok,Ok,Clean,Clean
-1.9276528231709227,1.310971785760532,-0.278748850165621,-1.4117631615461719,1.2628197712572569,-0.5742770020340786,-0.7507310012230106,-1.3034870127399072,-0.16109412853010227,-0.17732745060345778,0.22994813788824509,-0.40196932012782055,1.4512638689303954,0.6316906289887161,-1.9960311966850626,-1.3013950019102951,-2.3231867090538207,1.4652395396536164,-1.7135297871482433,-0.6759269154426548,Ok,Ok,Clean,Clean
0.4487559472428104,-1.0202900437342808,0.7858441763301822,0.5818047012733579,-0.30443130792736983,2.7250228233129707,3.1437259834609668,2.8288147569510897,0.4746102960911351,0.8293900388072539,-0.028968894393009745,0.2687075325277212,-0.7150563895568678,0.05087285444026383,0.10924253389077425,-0.14762275815544934,0.4217403956034584,-1.5664072586089277,1.4610456162461563,2.0668976717667826,Ok,Ok,Dirty,Clean
0.024621191022531866,-0.09394313022265932,-0.618578739593153,-0.28536647508597246,-1.1272120014916847,3.5401886195207166,3.8192018712583433,7.042186787202273,0.83823294083607,1.604645396783752,-1.2845376760310163,0.8864429009267056,-1.0429768369555714,-0.6051839672014756,0.06759240782884392,-2.0178365197089128,-0.19463737249176774,-1.012523388369346,0.5154447008506878,-0.8062262863537698,Ok,Ok,Dirty,Clean
-1.7592069721017556,0.3628106648922413,1.3475671715335056,0.452280989290942,0.6534729889943419,-0.5579981241710791,0.08319350601966563,-0.5474727932936232,2.4720741779691426,2.88531028636382,0.4149703579766652,-0.8456596275135221,0.3433637824622924,-0.20354593704796875,4.604632164196389,1.713878146392742,2.007834421513939,-1.0234306930994197,-1.5344154343717875,1.2473521962793521,Ok,Noisy,Clean,Clean
0.06907216358464847,1.1657339675962561,-0.13770917164666285,0.03380649920624993,-1.0053048455983422,-0.2348124161758327,-1.165967638999032,-0.6200785827460131,0.8695888553609336,-0.12109040944972871,1.5635025095922344,-0.06257340126636272,0.8973002310778851,0.07358283535348234,1.657676389020585,0.7509231314790901,1.8027932019767239,-1.5413542340275492,-1.0965783973361167,-0.4626996718122402,Ok,Ok,Clean,Clean
0.8261878308167379,0.24355215562109836,1.4513314298776472,2.676384652702948,0.18954337859942272,1.7142945184635963,4.429875604707051,4.646656842172979,-0.22033179207690964,1.9995570948644283,-0.594379496056008,-0.6962660159322274,1.3787111343007823,-0.20048554303900826,-1.8837776756952471,1.3969211596943745,-2.258058236900393,-0.9606902725339412,-0.19935812635660624,0.7710481797556055,Ok,Ok,Dirty,Clean
0.3143622726745997,-0.10293524939330197,-0.8871865909334898,-0.2953592885409422,-1.9178287593395764,-0.3719255458834943,-0.7947564369638344,0.6607062356901274,0.5123666614374707,3.40288469739357,-1.1447090863220324,-0.7371298465615839,2.3797511919544045,-1.3126034631769803,3.8189295055220867,-1.3675456735748264,-0.3615733822757718,-0.40262016559170244,-0.7980967556270576,-0.4539768184051492,Ok,Noisy,Clean,Clean
-0.8804863744700971,-1.9136624287403854,-0.6297155172909933,-0.9161536078534289,1.2556441051387965,0.5459988064774205,-0.19683380000191883,-0.8451279941697664,-1.2615747543110936,-0.004151321307653556,-0.873755657147922,-0.31304925626425356,1.1668613077792152,0.5390348775982863,0.5881919320180651,-0.004307022280957326,-0.1723010486649036,0.4057665072933,0.6642263273371806,-0.6855541241358263,Ok,Ok,Clean,Clean
-1.3480799041186524,0.3940230491600873,1.5585480228455202,0.9138755645498774,0.5771000641124996,-0.6771933579917728,0.2918059040707523,0.9149490698695466,-0.17690134717008466,-0.1398431193804961,-1.2364996504054335,-0.7888688490565076,-0.3453233269681463,-1.2709485248331438,0.22868313039031254,0.6733295878542744,0.1160425979663799,0.5702115243532391,0.28070632353827274,-0.1658822441747315,Ok,Ok,Clean,Clean
1.7072216699900686,2.231002388282628,0.5122360785494678,0.2993127077012804,1.6579870005050392,3.924872738178714,4.009300930380501,-1.0959076808718828,0.824300966394365,-2.4197686349413714,0.07993204006146676,-1.003566568093768,-0.2237593209221397,1.2328756872047932,-0.16907419525955564,-0.3708856264479164,1.0958125364212954,-0.72253555461648,-0.029433276875156743,-0.8571344875591641,Noisy,Ok,Clean,Clean
0.18049409682241324,-1.314784928279278,0.4919001016771993,0.3780819551685562,0.4246647962204527,1.267347302287342,2.0302919048654426,-0.052003015885520386,-0.5831281067957917,-1.0064942156577557,-1.0877696368118885,-0.6893386484414988,-0.2824571496588058,0.749691249561966,-1.0384454125837594,-0.16382247606522232,0.5553475082819974,-0.2705217470132123,0.5714227987417928,-0.25018267247087245,Ok,Ok,Clean,Clean
-1.093985774073459,1.3860486985799523,1.9068787205329931,-0.45058466057314683,-0.23913080514957918,1.5880958370719447,0.9366758597496141,0.26866940261669275,0.03538829346642028,4.064868134134111,-0.6697823123438332,1.1700195137211562,0.7290410478331977,-0.8263684330479013,2.3763632078146375,-1.5348803100401036,0.1791170135338114,-0.4733866732550475,-0.8827998485678856,1.0971594050387854,Ok,Noisy,Clean,Clean
1.9053352975778868,4.757769563864745,3.505014952215359,3.258851237713686,2.6108043595680686,5.994868760131395,5.585857210499282,2.916046336498589,1.4267931824346924,5.56944422555306,1.3057450257310752,-0.2965255792739809,-0.5806330029291213,-0.5802636056448623,2.749480914796379,-0.8795845562493106,0.848290823409181,0.2469394847731661,-0.5690013671234428,4.754625067345047,Noisy,Noisy,Dirty,Clean
0.23058794721376463,-1.1161836281275523,1.6022486477035771,0.8026869728445433,-0.4019197850253615,0.3931826302210637,0.5114980783705682,-1.4100267662329404,0.9052098781351205,1.2253565162909752,0.2707170908379907,0.2329995887725563,0.7496428889462696,-0.7639742203050016,-0.29346905514227706,1.8464908116502012,0.5999436111695072,0.6468273618469234,-1.7755797831604598,0.31740882207846527,Ok,Ok,Clean,Clean
-0.7078760021470724,0.18363273096141133,1.155127665423077,-0.49144196137093327,0.48387337392812707,-1.141991332400622,1.1227909001139285,2.3037397456827695,0.5460401150770107,-0.03895751987408803,-1.0827702519250924,-1.0158331012311141,0.4786585596875716,-0.5153423796489938,1.016380945777708,0.37123419115122785,1.884944036002018,-0.03867987736958676,-0.8820559634120414,0.8042507119148418,Ok,Ok,Clean,Clean
-0.2713699544398185,0.5003804764988992,-1.406857235616262,1.5988772925380594,0.7369134706366529,3.794059162246623,1.5486151960270282,2.410576564401169,2.927547309403626,9.061464599098253,4.278988866642051,1.5077407592317091,-1.175903845175443,5.243132083749667,4.565025478424165,0.23007171362277562,0.3825064907493842,-0.9391732395099913,-0.49549340507905676,5.3565008115312365,Ok,Noisy,Dirty,Dirty
1.4523281466579685,-1.1144036242448006,0.006674680674114768,0.5336585707858404,-2.395940161893692,-0.7992286814595576,1.2392474974502137,-0.24793924266079756,-0.4288336749830657,-2.089167494234344,-0.02639289142818789,-1.7152578260901137,-0.149301697588975,0.9617817317229639,-0.01765950449062293,0.7896400950477624,1.1359636206149264,0.49387115668040465,-0.1748129215917622,0.4473345267763806,Ok,Ok,Clean,Clean
1.376630546406073,-0.46299649452507324,0.6481112917225557,-0.5112443010957468,-0.8188611007366375,2.4229252590894306,1.5470874239180323,4.291323910502893,0.1800561779296708,0.6969704919126568,0.008362109800803498,0.04507616485007647,-0.5707091668648713,-1.3129042417456331,0.12732935352868202,0.4697067403246913,0.49971389778110675,-0.23331522809007005,-0.4050708056108222,1.379063515635205,Ok,Ok,Dirty,Clean
0.6791064088499984,-0.7124964504918561,0.1514080378165684,0.9476914669236733,-1.162523568712553,1.2780416643604358,-0.8967286210423514,0.4480021908466091,-0.3222916467451415,-0.06308219348880532,-0.07555724704934397,0.7337989337599846,-0.7674499132768496,-0.13670377720509322,0.2933499750908787,-2.2360012098282893,0.09154995941411531,0.26486619120881366,-0.5831747418013251,1.7669005443727912,Ok,Ok,Clean,Clean
0.6321163388666433,-1.210565218273506,1.4333892864649993,0.27360620664598395,-0.7513186079403833,1.1843615820818758,2.376985380750513,0.47948592518688093,-0.597793253107876,0.9627479050815894,2.111719866982306,-0.32627601802329115,-0.39786899998027,0.20818682658623222,-1.2707383206095988,-0.08597547372124104,0.22738455674771366,0.7414558425224744,0.22563590192884025,1.7110114986686373,Ok,Ok,Clean,Clean
1.4024492736207506,-0.18663667912500154,-1.5963970581500362,-0.052770478887965336,-0.49186589199477954,2.5740301876830967,2.194985841031916,1.743832060180717,0.6205524003773164,0.7716935713355555,1.375719938753592,1.2502467259966137,-0.44870012290734806,0.26209362078720905,-0.43448275313221096,0.5385707178596431,-1.7703835200427154,-1.0249807930642247,-1.7899225259830047,2.560532532704504,Ok,Ok,Dirty,Clean
-0.9295251340720683,0.33918446189607077,1.000364242727558,-0.09580372960817082,0.7732197554057195,2.299811342656547,3.600342156651652,3.129515645161813,-1.4871422906931249,2.8139381832597596,-0.1850652286683846,0.5442268469249714,0.5062650112561328,-1.276348061213133,-0.1445395084934875,-0.5793341414850703,0.44693083658667565,2.209975877079166,-1.6553577818573906,2.4897609363757276,Ok,Ok,Dirty,Clean
2.4999995453030985,6.114104894961977,0.1291123876667676,2.7628021166934373,3.080094300658633,4.922115029608854,4.873609862302274,5.672517627232989,0.4774464595066339,0.7840445666379627,5.713462841275025,4.063508483373566,4.044281196143779,4.821171457581376,0.8676035254021575,1.2174262695222036,0.45181725734751643,-0.37423855527234384,0.010945565583715617,0.7787829847768513,Noisy,Ok,Dirty,Dirty
1.1902836239591301,0.40986016415167714,0.6653230771799161,1.164643512281508,0.5490475216067532,-0.501844126166536,-0.031693271772233064,0.05260470476872879,0.7349467343709756,-1.2628300654026374,0.34742048002768916,-1.0977257127704785,-0.5157178624441628,1.796687404538277,1.849743901307093,0.6616897320649652,-0.8060517549901557,-0.16056649642013546,-1.0841442357093258,0.11989833987680637,Ok,Ok,Clean,Clean
-1.6216581236236045,-0.12753890984243585,0.4449987820949343,-0.7873956598963031,0.6859342325157586,2.039709903778242,-0.32510299563595735,-0.8264645904309217,-0.3691511569651063,0.8432441255520615,1.0233261187125082,0.6283527532832793,1.3872511853337268,-0.2760765332800481,0.6861356367001783,-1.523757862250224,-0.7342386905652861,-0.8276306518012234,-1.9012575608676303,1.1599693821763373,Ok,Ok,Clean,Clean
0.2703988185694937,0.03675089105160124,1.0704732078917918,-0.8733147019745806,-0.44088290867333546,2.804659005333155,0.945872882898426,2.1229549025506604,0.05375044743036689,5.020987390202254,-1.3465392255313078,-1.5060126435000192,0.6470762928202345,-0.7160705186132555,3.2935782431800513,-1.045893107237394,-0.511800312639266,1.6854344472434326,1.1037464988474242,6.6731446136344,Ok,Noisy,Dirty,Clean
0.5877493329914125,-0.05965068591737058,-0.7858450056317152,-1.1132551935004258,-0.4479774344120162,1.4686161097887234,-0.4780052626596839,-0.15561469430143,-1.5941100350885555,-1.3416036485826186,-1.3363629621783444,-0.33255992909847903,-0.5527321184722855,0.005235221318446339,0.8142246087553449,-1.8422570202674355,-0.5079003756083299,0.2213506459174234,-0.04423087277855642,0.4318662798320441,Ok,Ok,Clean,Clean
3.624913617497298,1.287548227872028,1.433193284275436,1.1313285993796487,3.273910719066838,-1.0840846914489193,1.7860438144752049,-0.8927144984811319,-0.2812856000052153,0.2772400178358009,-1.9551137842325754,-1.630865904850964,-1.7217077871330422,0.08851479803873794,0.3170211388408346,-1.1219622266518483,1.0922376643635123,0.38382150453800107,-0.719774230693986,-0.31299736778429765,Noisy,Ok,Clean,Clean
0.5412750357213947,1.1188716554518467,0.005605559714259963,1.0150140703875257,-0.5161120426498714,-1.316756345886984,-0.35469299334801646,-0.15927497031881577,-1.6511580017899927,-0.8160680530253026,4.5974341998552175,0.8928738816271735,0.695868256969512,2.2252937168541025,4.099644281117598,-0.10552036969547728,0.2957505136891975,-0.651988442774607,-0.799136866572925,-0.6225439145285735,Ok,Ok,Clean,Dirty
0.2585748685310806,0.5330307460455666,-0.24633988496449985,0.2264761810326095,-0.23540959099752976,3.4204743247820817,3.6149563073191993,2.170124721499154,1.1378601274435607,6.500437990720965,1.2531582928148162,1.5996978353319393,-0.9616213491078414,-0.017789972358103992,0.05352323958883183,1.0525696615824502,0.44123662350192006,0.43980285167733313,-1.5876519333971233,4.80427442914687,Ok,Noisy,Dirty,Clean
-0.14551289407898088,1.9195692700288305,0.10805167777404626,2.3942078737978996,1.864383636393195,0.009976624891630164,-1.6373712741044968,0.28043234848117743,-1.5479775370542401,1.0236452432598246,0.3252565211903045,1.1655562155885948,-0.7882815407242806,0.22276780663100884,0.05722125884505242,1.0487319098961998,2.3741744187723675,1.416728029877981,-0.5453353739632951,-0.20296705346920574,Ok,Ok,Clean,Clean
0.33921862996217644,0.21782256165291558,2.2143843017339857,-0.16193976639394778,-0.14468061976576888,1.1419724922989982,-0.2744605912215582,-0.6502131307702749,-2.0661093390866787,-0.11359189985137273,0.12953172234278942,-1.1704313850094292,-0.7145625139329401,-0.2593114648735598,-2.6974630945004217,0.09043411144916826,-0.24946584217455853,-1.8318431514688087,0.20868280603563402,1.126042744976922,Ok,Ok,Clean,Clean
0.5727551167092526,-0.06167330143672373,1.3727480080964833,-1.5440913439624686,-0.7313258020735475,0.04214894867902914,1.4251951455421763,1.1319075029177217,-1.458829203254108,-0.287079572398745,0.6270478556120597,-0.6894648097112694,1.2302119685315391,1.8863089375836277,-0.7020472434529286,-0.44854474461153754,0.7193165706387752,0.4130261214627011,0.7813237460775894,-0.5837668144318789,Ok,Ok,Clean,Clean
0.5328762121018209,2.105505860427517,-0.33336941236240797,-0.49261430109888527,0.19352320983460233,-0.6000678582937723,-0.8666486303911761,0.6797082302811266,1.0445764842245093,-0.17816630563939634,0.20961803068522444,-0.7762436527051038,0.38360231770224096,0.34486886404077216,1.3450755383865498,1.1232833961921878,-0.03313007092191363,-0.07150574457029345,0.853341056723936,-0.503939301816055,Ok,Ok,Clean,Clean
0.5933534083436688,-0.16551994262592906,0.2474521744756763,-0.14738988573515416,-1.4206353910133938,0.8174996620760117,2.1796663982092883,0.34386123548844855,-0.07691022767397422,-0.7469280802448482,3.3736622233473006,1.6202073720853485,2.228325192696787,5.34384265594178,3.311553769987662,-0.5885312264838092,-0.6300567330482026,-0.18417412619858822,2.3585042606079387,1.88592145665135,Ok,Ok,Clean,Dirty
5.361459753241237,2.9780953609769925,4.015370837921071,1.2908673761372607,0.4862200113794466,1.710682720620047,4.207328306896135,1.467646434188841,0.559160318336071,-1.2442980735458669,3.576832707406679,3.0135128187046143,2.204931074890346,2.4571772865119974,1.5015712728395862,0.6341860535214944,0.5171691870525909,0.21677755052211992,-0.9952499000766768,0.4669027594596422,Noisy,Ok,Clean,Dirty
0.04729064226278541,0.9172708328439791,-0.028927389889266762,0.13866999234161875,1.1135399780346509,0.6084175582050618,1.0541226923456601,0.34253918078347634,4.175225046716372,2.843802509653678,0.5171765405695045,0.09786658960962766,-0.5504462509507368,-1.4595516965131516,2.371905367662812,0.9261069146151607,-0.4336324651297747,-0.6457778291636593,-0.6718733413319016,4.137191799713958,Ok,Noisy,Clean,Clean
0.4993687006984543,-0.033380157544907044,-0.07594935575130186,-0.9806837375723649,0.6197805834132567,2.0758850809291367,0.9059546374867717,0.7419280541879455,-1.2097313609203875,0.9895033112577046,0.6412499837713654,0.7455653413209989,0.22553347795651044,0.40085376471622375,0.6829442968960109,0.3933921369431056,-0.21461595909997164,-0.2819764638617643,0.9632530762694829,1.6655223956340053,Ok,Ok,Clean,Clean
0.19727481131579078,-0.25275646847154953,-1.1202316976812898,0.29686055030352576,0.2639384909385297,0.9410424508466861,-0.9991834247244418,-1.428865861390586,0.14256924609234972,0.030913218860250388,1.8884360869277048,0.8913904301280831,-1.6218600263100675,-0.7042845389705648,0.14889208064702666,-0.3482869951748765,-0.42561370138891885,0.3411884034495848,1.07407147012949,-0.006724531325590815,Ok,Ok,Clean,Clean
0.13180177603376686,1.7203404161817843,-0.5549884801972413,-1.1840355221871715,-1.1941868267147333,-0.5026119290893668,-1.2147770444327488,-0.30813766321003294,-2.0625103725783283,0.5822310962341437,2.1849737059204513,2.4110104769498326,-0.978505085582877,0.30863924719982316,-1.3733114612780861,-0.1104694110195816,0.6776838232980444,-1.9528433262982785,0.23193316451845342,1.6218940516393305,Ok,Ok,Clean,Clean
0.6618783391698089,-1.3075866770165858,-0.7882394028882731,-1.2925600896089529,-0.07198702266929967,-0.37251477594744486,-0.012023993565619213,-0.683116629911807,-1.008334176669996,-2.481448068239837,0.7826358416389853,4.834897126953724,1.8340257481864846,2.4173130270091607,2.3959627619633768,-0.6424824045300215,0.8127542255943221,-0.5605024270718355,-0.27987257560188056,0.28675709213730477,Ok,Ok,Clean,Dirty
-0.5987226756975395,0.3589171350958781,0.3675020874365309,-0.7969581789781971,0.4116946646330593,-1.0251962417467082,-1.2499331056123235,1.1757013948340527,-0.7187856586826059,0.2111401664044936,3.6272553940635777,5.71543674108157,1.8607158637072736,3.278259025701606,5.717756713431684,-2.1369408718623704,-0.028916253455037826,0.9037955293145822,-0.46670009455274547,1.9187991561949946,Ok,Ok,Clean,Dirty
0.095819580275259,0.8441158424768666,0.5851759090780542,1.2487830516306364,0.6573382173107359,0.9250842030924525,-0.8340531604905339,0.921695536346352,-1.7359132758623985,-1.8148669461434295,2.107021005062218,4.334344234559281,3.408604042520974,3.9587567418481453,2.0638705772688533,-0.22169966347666578,0.1485271669608467,2.228222856325737,-0.20860757386808843,1.8082606646515376,Ok,Ok,Clean,Dirty
-1.0149483140957314,-0.8591211508252311,0.03898249472655392,1.937594413764192,0.4276987632443673,0.30255859792393636,0.5123288307306827,0.3029063083640656,-0.5699154290321179,0.7307162899909295,0.03871065630089562,-1.4770422742074363,-1.1986556363278098,-0.09306612558365673,0.29440514272596074,0.9489525532649191,1.124518258463429,-0.2787149079288052,1.210984409103649,0.5881812634939995,Ok,Ok,Clean,Clean
0.6455463509319121,0.4259457195196728,1.1082314209949162,1.0414777316592685,0.9906654714358543,2.3448393593101526,2.760068126484504,3.349486076779462,-0.6981920196267477,1.8574889788445486,0.3866630333065979,0.2534079677225432,1.8235861905183022,0.32000924139128156,0.9273571761561851,-0.13551966696006915,1.1334189436051094,-0.4129630926896525,-1.2542306888625778,1.1998502583717405,Ok,Ok,Dirty,Clean
2.0564402351316686,2.684977892079495,3.485179123009564,4.587415486309668,3.2941180219319293,0.03509815211176507,0.9062023287796972,0.19740109735917205,-0.10068827812991137,0.3930650237220472,0.7599162878484916,0.42704014172830207,-0.7091486050324857,-1.9070252651824133,-0.09393880752068343,-2.2888224602716014,1.331674752775769,-1.4728559385142383,0.4970455040668461,-0.32158081140162614,Noisy,Ok,Clean,Clean
3.7304066424967184,3.993729167364288,1.4306790895053976,1.6081028754126052,1.38467660344054,0.35405182905620664,2.1446264886250774,1.4075917897713284,1.1769388918156485,-0.13002996880823278,2.1899179691704758,2.131048196802992,3.898227439140805,3.870321410628811,2.872896999948119,-0.9350785684893083,0.7793671280485187,0.38033124539800806,-1.6506234778656312,-0.3194056258920635,Noisy,Ok,Clean,Dirty
-0.3730261347495553,1.1683135590627525,-1.0272708476612065,1.0592077002623908,0.5978484463029686,1.0735382391679602,1.2171423461844177,-0.32029781437078536,0.39920625252836356,-0.16726309277901694,-1.205518571353148,-0.5979727026982917,-2.1426883518484545,-0.9821596056147276,-1.0831698492516109,-1.093708793425981,-0.7075656019077813,-1.3627590774618459,-0.8429079301152281,-0.9980029508739472,Ok,Ok,Clean,Clean
1.908365180427193,2.80434420124227,2.8454706685875735,-0.6091378090718712,1.1181369465481774,0.926868091565907,3.2965812180565743,-1.9477977977351646,0.15181621842259332,0.44821989955092484,1.9320148823457557,3.1575287049292258,2.157987770881855,2.7918996632874253,3.186602972381727,0.1496946041780377,0.34225134940936125,-1.8043712662740525,0.19087713763381037,-0.20286527395382783,Noisy,Ok,Clean,Dirty
-0.8055739374335956,-0.07326099359771228,-0.3361748003765228,0.10684766073306202,-0.10927178396378305,-1.1365640271004247,-1.0667691330364157,0.16212257954372725,4.484353130254522,3.312067623227085,3.371355648891308,1.0739096062481102,1.1625305187049313,0.299736407274061,6.491780632642412,1.071044218296406,-1.8690828945633051,-0.5863739441994973,-0.4561926965742293,3.6487528308111106,Ok,Noisy,Clean,Dirty
-1.3675534246114307,-2.0594344941051457,0.2140506630582214,1.0698548999851885,1.1150258445138508,-1.1254667793853963,-0.7373205286568502,0.038813189335747046,0.15101486135377246,-0.9455273448237654,0.8121579083541594,-1.7756963222684874,0.058589368908969534,0.6445566740274772,-0.42807108752953865,-0.8440490055104385,1.0614404827288668,1.1518348741069249,0.3341399368865799,0.6702224317447828,Ok,Ok,Clean,Clean
-0.6191160217675545,0.9068102513252863,1.3213961788777382,0.6554165248101548,-0.7405802987953408,0.31092156914526803,-1.0162396518890113,-0.14026358527764754,-1.299704475064886,-0.2353037797289675,0.7565436162547703,0.8254645430990719,-1.0885955716337434,-0.5773251841106773,-0.3525610465700839,-0.1990643791275352,1.6522635994159474,-0.028133537239249377,1.6733882100022532,-0.17633223136614656,Ok,Ok,Clean,Clean
-0.27101339593120155,0.3744670939557463,0.4107509013326721,0.6599742555947085,1.3802992663824045,-0.023081015176857768,-1.054409565451763,0.8199863289111718,-0.9161074765451412,-1.2269301612153773,-0.10775797401730484,0.46051895605006543,0.24712989053388523,-1.3960838297260354,-1.7105537520912184,0.7790750757663241,1.6626781900035503,0.0858119628737417,-0.11580190054034972,2.0304751025114034,Ok,Ok,Clean,Clean
0.6081558223995734,0.6733026549024946,-0.6810524633837409,0.6148494498828398,0.47315373088426627,2.19778047394545,-1.2869793796627726,1.1945012535326824,-1.8171289665328474,1.6910778812753042,0.9825597288994291,0.9143993232678166,-0.5516660947549518,0.32598038319302486,-2.1401721312011524,0.4831990028908669,0.3576867637012118,-0.16597242799393172,-0.09093693470246567,1.308748055263826,Ok,Ok,Dirty,Clean
0.7496876761201088,-0.5496255835759305,0.12620554075570173,-0.3308906749037835,-0.07604405773350627,2.267983462713995,2.6299735866479925,2.589280257703462,-0.6822452687875834,2.257222694893179,-0.1659739752028652,1.080580472866549,0.4771016596638881,-2.0362370080971957,0.3050782281921246,-1.439843558507598,0.8339721851140296,0.7420018465158049,1.5236049533898122,0.2945437746226682,Ok,Ok,Dirty,Clean
-1.4196163142918308,0.5390597596594634,-0.26595093351152627,-0.07918810058084513,0.12226966461279619,-0.4363726006794464,0.5806411967124322,-0.6558598370765956,-0.46454417088437916,-0.2932713150234406,-0.7196418655163619,0.049354776513451326,0.5027699913037642,-0.3616644807465164,0.13394315975546914,0.6509461676741652,-1.1750103822591222,0.10661030762398889,-1.030022345919072,0.877711488518697,Ok,Ok,Clean,Clean
2.1507508516801512,4.371015074413082,1.290992332515565,2.7330363868530765,0.4962583053122835,4.157026612995283,6.230071450572341,2.7463437695447874,-0.6905826616451821,3.7250566061774806,-1.0992228905973445,-0.5980746542770548,-0.314872534563866,0.3149969931673404,-0.9248121454843758,0.12380471760744574,0.2064709054670509,-0.43691772818567903,1.2147441628356126,2.3459082923644714,Noisy,Ok,Dirty,Clean
-0.4133492301260336,0.7567114114222634,0.2912480834148684,-0.8935759617223665,-0.3853655916601655,0.27423364882504253,1.1510924024401723,0.09974881560569387,1.2118497853328505,-0.0043107125720886486,1.9969883276789748,1.6255202448337167,-2.609206861198937,-0.3087535010866663,0.8750993976803892,1.0155999677873047,1.9656823924395677,0.11662508897009612,-0.4075575799614857,1.2154920809773764,Ok,Ok,Clean,Clean
-0.36461579013320333,0.09533976554486392,-0.095549384778674,-0.6063598273586263,-1.3013645653281325,0.7744341634399821,2.2007469130003603,-1.6478718343005054,-1.0879166197818615,1.2426044218160892,0.8560783473184795,1.1931548097420699,0.4043765889559951,1.7356245869740607,-1.0612558676151882,0.241978883128088,-0.18519968551440105,-0.06705367518623548,-1.0494681518139484,-1.276763757702046,Ok,Ok,Clean,Clean
0.5687081586981892,0.881985458862033,-0.3543881123128023,-0.8748098840783524,1.22983808604728,-0.017871438244272897,-1.0649342897998233,-1.3193528372058732,-0.047795808384939534,-0.2107620215210961,0.11673371715196178,-1.3534420275726158,-1.5120063097379737,0.14293563188513667,0.3091493802386073,1.689307763407368,-0.6252840090201948,-0.7541922210804645,-1.017754105270959,1.18404160101986,Ok,Ok,Clean,Clean
-0.015586577390859191,-0.6386150847193203,0.8696235168019699,-0.14127676701171143,-0.024304417372855918,-0.7820293911413465,-1.3886569317401167,-0.5539862825150859,1.6345716074032437,0.8042236375727924,1.9546959940738469,-1.4149067708030298,2.2537209783970624,-0.48554947666440595,0.0962090521854793,1.3609648155511493,-0.26043189798043304,-0.5366293613627484,0.816221606242837,-0.07204785283329566,Ok,Ok,Clean,Clean
-0.607377341622051,-0.6391191698971229,-1.7685747440194377,0.13169210938109852,-2.227318061504953,0.4067577063632292,-2.392072067976434,-0.5543222877467555,1.8126421130066883,5.369822321497219,4.730663107338072,2.500230736797636,1.3324501408167846,6.061899903883027,3.8972812330315447,0.48006200280232386,0.7307989828887608,-0.03673285740651301,0.34447995270806225,3.497109549216628,Ok,Noisy,Clean,Dirty
2.3792015157751494,3.4309396743614147,3.4839043358438797,1.663282711893523,1.069494065244335,5.415105003289803,7.577329702826542,2.1791063525292578,1.8502065287981373,2.0952345154143166,0.1582003122337991,-2.4458727573452963,-0.5891257107137826,0.06254902999790554,-0.8457458994153292,-0.3961982834213009,-2.0211162722962968,0.15946312708598834,0.09693868603991718,1.5960078326900573,Noisy,Ok,Dirty,Clean
1.6876507468904112,4.793090133695902,1.9366040465344305,1.8477065279661,2.107469719738112,2.112976867454403,2.7321570714745858,-0.03250368704671908,-0.32454291126426876,-2.6278210757328857,-0.746564801986109,-1.252966365482974,-0.1549114739947736,1.753297497053091,-0.809853828092654,0.20067552854596263,-1.2620400952387512,0.3733790769560539,0.26691733804215756,-0.9263060749413197,Noisy,Ok,Clean,Clean
1.105605326880925,2.2627656854300504,-1.355708887014197,0.2317609717921592,-0.876703593398378,4.694687909801478,0.04193294429127092,1.397644778059311,-1.3181912613038786,1.5631153676602176,5.6281448908145695,2.7890356204871773,1.889863259191841,3.481700054947893,2.5412935776945664,-0.6170091842707027,0.5475733472586092,0.2960724572920568,1.404674632309072,0.1265257380663343,Ok,Ok,Dirty,Dirty
-1.3401328552981444,0.06890841803001356,-0.04340743759472789,-1.560229699201034,-0.9607293243867034,2.5648653108713346,2.017227196611532,1.2290704230467635,-0.31114819524090337,0.33558816807365033,-1.8525573938041864,1.9609133595490607,0.5953891510681016,0.9703329494918963,0.5366565527000577,-0.978202354439766,-1.534302172956773,-0.44344880734068953,1.1375571420327062,-0.018021589624246367,Ok,Ok,Clean,Clean
0.518135480472714,-0.6346952963749232,0.5045734269496208,-1.0973152841046196,0.6985776993131129,-0.22422126511700793,0.0715445835055026,-1.2621191395451679,0.11936354037658328,-0.4952622875527954,-0.6197260120424654,-0.29486169766423936,1.0586123744777256,0.12205522735445774,-1.758760746150375,1.7186641182807,-0.4147216971161602,0.8902518024793136,0.21167181704656016,1.831252413548403,Ok,Ok,Clean,Clean
0.19662351039669076,-0.6501022156289803,-0.5579548252544502,0.31131625813973335,-0.27199036578004987,0.31493266727456753,0.02870169240266548,0.7356450466242318,2.7342989466263106,2.7146666678152993,1.841619337298633,1.0850619217418593,2.267210901880844,4.130774773581001,5.566004826938745,-1.017887214009236,-0.2908680922423628,0.46189854164570077,0.25023898109036785,2.043568955291788,Ok,Noisy,Clean,Dirty
1.9538289313135877,-1.7205684707059499,0.5323960871557959,-0.7145931429363751,1.1587446073346805,-0.028390169976596297,0.8809724471833625,-0.4699174468719392,-0.3629981536508463,-0.02506528877906173,-1.951087534339319,0.4596948833938947,1.295437695520633,0.34767174223590513,1.309250764103569,1.5384486478816541,0.07796486913627486,-0.07784661154223903,-0.823516147971867,0.06715041917590399,Ok,Ok,Clean,Clean
0.5605038849945168,-1.3845020164980055,-0.542993819720226,-0.39110338008647727,0.7795005793488323,0.26706711797954324,0.418576537058195,0.29885169407371154,-0.1907267291665879,-0.6824829592489715,0.48121365359938645,0.21187998193374558,-0.13990121820980003,-0.23209320545152692,2.8547078645663215,-0.3449403016043146,-0.2196686544687441,1.2705902582047202,-1.174639403651433,-1.9629499377966457,Ok,Ok,Clean,Clean
-1.5809749431266016,1.426303663782966,-0.16509396694782458,0.9568583739261409,1.2219445537847518,-0.07464970996367384,0.9291151016701418,-0.6505239791359042,0.9755658672510176,1.4162062654084788,2.759292378856364,1.996976651755472,3.0352252315145627,2.7191845205957157,4.620485932641603,-0.025852241003981955,-0.1336967426865255,-0.28921047632247376,1.2530968455983125,-0.3055796588102225,Ok,Ok,Clean,Dirty
0.6337096481942837,-0.5625743620668594,1.566054428268647,0.5982897600545012,1.4549748575919537,1.1319838167065668,1.930845014434726,1.4158917019735378,-1.1497719579854981,-0.4981560806734611,-0.8302708377337393,0.896472273428218,-1.3068025440165627,-1.1089401773832117,0.1836401112361794,-0.6520844654953245,2.5044428665819827,-0.5673896270198714,-0.5089966981950421,-1.8322830357038187,Ok,Ok,Clean,Clean
-0.2762162959304082,-1.9298828502160539,1.6656225362993897,-0.12316443919134618,-1.2771702018521698,1.6254047537383138,-0.16842747634950814,0.7158294015518256,-0.6813905186793126,0.2616840370119885,0.6902702911655137,-1.6778618495563262,-0.8399796606207935,-1.346878947113236,-0.6544642917241927,-0.17365650519411002,1.9897889675853528,0.3299631135213031,0.22356704728726323,-1.4295295475647902,Ok,Ok,Clean,Clean
3.6481295444444335,0.8724530942028202,-1.091629646281235,-0.5755187194064436,1.5362369455582552,-0.28085523545730234,-1.1021456214650478,-1.0224586215540896,1.1634548312358837,0.8819085500824464,1.3057533750997006,1.0779072421037448,-0.33735128708619827,-0.22285537173487513,0.6701890882361686,-1.726995331184485,-1.4020933358744159,-0.33407138301113454,0.3735629096023315,-0.17231303591683178,Ok,Ok,Clean,Clean
-0.7218082444659464,0.9270084492546579,-0.24589234912164853,-1.2278570649560956,2.651526046847556,2.057369258869489,-1.1228469032018873,-0.08614604482691395,1.8681152536369845,-0.3063354117024217,-0.35017698454274054,-0.6845534425370345,-0.3351722885616775,-0.7118295600105534,0.9623609192600758,-0.22415644263240503,-0.9834439097188021,-2.056729033620308,-0.8217502150120941,0.6733307423941881,Ok,Ok,Clean,Clean
-1.6703584559438949,-0.7484859467256909,-0.2656177146614696,0.26623102261926235,0.5631133247934542,-0.0001574270629328359,0.46972829094455615,-0.7046684009002311,0.3638909420448878,0.20427289709354474,0.44012211545470664,-0.6116446789307256,0.2299881375918112,-0.38261138042729625,-0.9669006738880014,0.08333397729185812,-0.5699121896591735,1.025636745832979,0.37818060877393384,0.79518534410329,Ok,Ok,Clean,Clean
1.1666499996081863,4.151346340870918,3.203356500410379,0.502108277637029,3.3275384293760206,0.4523401140427494,3.2340973976061074,-1.4037315391943734,-0.8555067644564697,0.029526088831677413,2.9581868242928757,3.2782949381119417,2.779481967820674,3.1227475708264185,2.6889518339963696,0.8921706010442033,-1.137510956555773,-1.436144302469325,0.031371848419005616,0.17897311609526662,Noisy,Ok,Clean,Dirty
0.4424711420183765,-2.555141019279347,-1.572685016964555,0.13111252425943384,-1.7217490540030234,0.8656558509066938,1.0035763773215953,-1.5538181155956674,0.9243190154172203,0.7528672867345905,2.323762186527192,0.41294461149931344,1.878459772338537,2.4080954972585014,2.473551910506052,-0.8619398426267298,0.7943533849089176,-0.5113883012862673,-0.2395205531021765,1.8739401108148066,Ok,Ok,Clean,Dirty
0.627563728630207,-1.362604604653964,-2.114812025403179,1.008161325138375,1.5825911900505196,0.8976092748594665,-0.8300177690424648,-0.029046499540408634,1.040889691822286,1.4997191945754045,-0.006747032956264755,1.9441419791868109,-0.4253348939732166,-0.8403615912386962,2.384334955410377,-1.089046686141514,0.17579794820591432,-0.29897953386934684,-0.30183126699959983,-0.16520584917135006,Ok,Ok,Clean,Clean
3.586578200771445,4.729536551194854,2.8114775308919326,1.4045037205486401,3.475010365245099,0.27792375402605457,3.4222405106747127,-0.8283189505372007,-0.4480140666818388,0.9469779198319509,-1.277619764560373,0.0721468397902223,-0.600420768592383,0.6565068074125412,-0.48430912922813507,0.49309188282333394,-0.549920592355436,0.6608692852659149,-0.0005003230932984751,-0.871168282666625,Noisy,Ok,Clean,Clean
0.4367421047796072,-0.0912717840269576,-0.7420673153555764,2.5112313298954794,0.07412712295763774,-1.3307614211010168,-1.2919513745437683,-0.6864496027166029,0.106561222423615,0.49946634222135455,-0.28548117478005974,-0.9237334486102311,-0.0634994516399635,-0.4909531799646475,1.8239213708312374,-0.8963261501206935,-2.0659164122038773,-1.4980377329639878,0.2776523104942144,0.8131110272930455,Ok,Ok,Clean,Clean
-1.9313152865371543,-1.392892627615758,1.3148392916349303,-0.3903196072645651,-0.26479880378264586,2.595399039427008,0.19587176815939583,-1.853100303168523,-1.7517459481527067,-0.7955873895339639,-0.4149403079935874,-0.4105323590260455,-0.3948725735596448,-0.8846095271581199,0.45621829052348295,-0.8397499433918747,-1.2663934347405428,0.7790084831805107,1.057116613485213,-0.9485766637766553,Ok,Ok,Clean,Clean
-0.31134942985966113,0.805425006994934,-0.012459073860960661,0.23421863646873467,0.2847738444999891,0.6758271993062396,1.5656983445445294,-1.845450645304263,1.8867486276058731,-0.4590845700845068,2.0717739573043055,1.1169299637967913,0.6317270147122191,0.7972703480734357,-0.2356727593054981,0.32562384513952186,1.0945215808807054,-0.8337953401470247,-0.2854610963440871,-0.6062491049763962,Ok,Ok,Clean,Clean
0.21045652962058375,0.25988577738686114,-0.9226647468710473,0.18179856335139485,2.2005192007251884,0.12201809762772974,-0.8680820295534011,0.1677024776221208,0.5230982729486103,-0.12504801485553052,1.407191053995646,0.48546458091788847,0.22977648703948078,0.8582660897565472,-1.6411869995297232,-2.429925430560861,0.2289479367847939,1.1400046611059678,-0.22925515870609478,0.9675446367603128,Ok,Ok,Clean,Clean
2.0012874929037707,4.209355432349308,1.2059972847501266,4.586149893241194,1.2170865677359608,1.9781216064726037,1.8633707604387832,0.12970813779979795,-1.0075296124201845,-0.07966814634874958,0.6421212799357768,-0.06899114877185622,-0.016488720689723527,0.5187339425310493,-0.42982169190602504,-0.5356313502718519,-1.6216634390058953,0.5362067196365424,0.7554359484777724,-1.5684270055960365,Noisy,Ok,Clean,Clean
-1.755536214696243,1.0239081864274686,-0.9438829768394499,-0.23767451415806945,1.1633531048955827,0.02010537738137283,-0.072131155884576,-0.9962182018843532,-0.06768131682751745,-1.1715430681252246,0.2634709637866056,-0.7396291831154639,-0.03379680898869181,-0.7090378164968316,0.2265687379677835,-0.4767214528226945,1.5894326292223744,0.7136906702661533,-0.2881236737101554,-0.7209231753792431,Ok,Ok,Clean,Clean
-0.38046877661868883,-1.2777096872871818,0.3793693338080928,0.7517902420545565,1.0659927295202505,0.5801677287927186,0.6001076009262576,-1.145661285287471,0.9913750288907388,1.8660616224171678,0.08192735544932599,0.33670432189647814,0.4019550385685662,-0.1191195647404384,-0.6528550701604864,0.8433976434687762,-0.042901649221992785,1.0364479991565987,0.5478288090579877,-0.5044277309825784,Ok,Ok,Clean,Clean
0.7227824154418109,-0.30056332465971763,0.22098815096822438,0.7137942265856997,-0.8601397327545933,-0.8252413242215829,1.700471707588225,1.7914296950599136,0.890936300954308,-0.6306228957929376,4.524136177631265,2.763044099253639,1.5615035444749186,4.195376212480763,3.3603729123735873,1.652424071103498,1.8051434301976346,-0.7845461408120301,1.449477041875193,-0.4161132394302069,Ok,Ok,Clean,Dirty
-0.6758486235084321,-1.7990891974579375,0.442651998258472,-0.29936706716899414,0.09473074996321307,0.19900387484637042,0.6605687831967709,-0.06584216656202055,4.071203187427311,6.363373914661911,1.3571264076747123,-0.12224097021189102,0.1255133648502348,0.14930558526279294,2.263295437704663,0.6975202076856832,-1.3355525748737482,-0.9302318668373414,-0.8668625499697765,0.5586929511800457,Ok,Noisy,Clean,Clean
0.2589349597939086,0.8021031891665916,1.3872722200150216,0.37195038274572173,-2.0016783230665047,-1.739965211308109,-1.9353790599157563,-0.6710561624657588,1.0139970870805244,0.09627088528135787,-0.23320446633215308,-2.1310100192611485,0.8432171471392664,0.4182815641188289,0.3884241805189514,1.8095800307940493,0.04276071885524143,1.0389791570298341,-1.0959334441089503,2.574324483923715,Ok,Ok,Clean,Clean
-0.28943885376102285,1.7068537629669387,1.2750093991953984,0.8795245761363844,0.13960785140194823,-0.8855235684252006,0.5709683959055023,0.6990957061998688,2.424186981858665,0.2022951819622626,1.9720191625351082,1.3160293306934685,3.2159697417112127,1.4841701866874049,3.4656656223925233,1.4918016083926344,0.32343089066830344,0.17747270381911273,0.2732268917475688,-0.7638625182425838,Ok,Ok,Clean,Dirty
0.34449043770091,0.6779095571853856,0.4703597546532141,0.5769686982136725,1.281379394788194,0.9000980611834173,-0.001246413440272267,-0.27668151976362704,1.4789438207088401,2.25773657455764,3.307900384204373,1.0839757636048126,4.00877523420894,0.4246283648136463,7.663909027759255,-1.0579243611695182,-0.5567809983026075,0.002614685649579542,0.022489910866362622,1.32528820630434,Ok,Noisy,Clean,Dirty
-0.19391541605663756,-0.37933216884838267,0.11631585401167223,-0.41903755243353125,-1.328835914333406,-0.8056554795318651,0.3479785029840012,-0.17059222720308997,1.6074973543571591,-0.08584265093246682,1.4162899432405822,-1.4556466105909927,-1.2815638273090664,1.1663067075027467,0.3129127621404209,-1.149621008764159,-0.4607089653229811,0.8918888723243061,-0.24705962045571148,3.947734168984082,Ok,Noisy,Clean,Clean
0.6642605970113994,-1.0165112578824176,0.18773599888363862,-0.23184831721591184,2.2454323920438113,0.20156819333835657,1.1226122982257025,-3.6400780525554333,-0.9308321733551668,1.4277761780752607,0.1862771762387616,0.23353776490559336,-1.6006951812412307,-0.27188446040343894,-0.4721822935467782,1.0179842691770815,-2.2216837886838467,0.8547712736622036,0.6546557723242764,-1.3822020844831906,Ok,Ok,Clean,Clean
-0.15436144194154736,0.4417215969005344,1.089166338095493,-0.26913885600690773,0.2893145993211862,3.0123966357164096,2.8226592503833854,1.154278561976308,0.0525638049049327,3.9346665964822694,0.565686691831128,0.42250383209484205,1.2245283677716654,0.6451034551091842,-1.284255865777956,-0.19281732489500875,-0.5137671719285274,0.9801052465654783,-1.1658150321193799,0.8483245239037333,Ok,Ok,Dirty,Clean
0.7011183438185226,0.5160985057420309,1.459255518981359,1.0719395690357663,0.022564921951691946,1.4319274733080736,1.2372855228981088,1.7330970870370805,-1.0904657322039606,-0.03150843902052067,-1.7817220335947352,2.2183121372102814,0.29578681479787977,-0.17630487661127806,-0.32984279469923883,-0.21739848662618946,-0.16445225209762937,-1.5390280911449525,0.7244235554245243,-0.06555346343258603,Ok,Ok,Clean,Clean
-0.3345516048662255,-0.14160235533316348,0.35705730144942066,-0.2716667224128993,0.24960996853960124,1.114258368919324,0.4910097468758609,-0.5889694799716912,0.7225488863326763,1.0818455818019057,1.1269660679805322,0.9506138759918052,0.1685691427668884,-0.8712801049968789,0.1831370934018606,0.561825982084875,1.9469872307686718,1.6735648155543748,-0.7175015690721939,1.8297500351321707,Ok,Ok,Clean,Clean
3.637333372472275,4.422629147614404,4.158887521490505,1.5132178983324642,1.6490516992224358,-0.6741491594917535,3.2918919878445547,0.9040778196798646,-0.7526555140822943,-1.3276431019777672,0.5520661670715769,-0.21321676520125296,1.027180832142444,-2.2648938333021507,-1.2370820413141161,2.025313967387719,0.5224642364811853,-0.5029918183412205,-1.3046628803173528,0.5692269531321407,Noisy,Ok,Clean,Clean
0.49385106530646544,1.3147294474775932,-1.0991101737638984,-1.7489036969621503,1.474390338671045,-0.12089395913538326,-1.5788458272535495,2.132191916845249,3.1439396925950454,7.13328137776999,-1.5502222976116178,-0.47820977609438625,-0.6326570158187513,-2.620103074623082,2.2597114227812574,-0.9062238114998444,-0.7132245981092332,-0.27247756751461377,1.073391022944237,1.413707976114304,Ok,Noisy,Clean,Clean
-2.2639746269613314,-1.2062883885411377,1.9715969313523862,2.229723565820366,-0.594748620477905,0.2488212817165338,-0.2771269434299546,-0.357348959365468,-0.36777959884400907,0.09339978003944974,-0.7881215968628281,0.4900047396833494,0.6572294621385929,1.3283067599843312,0.9771497014777834,0.6591642091418892,1.013089896329381,-1.1869509431320715,0.6106825187749777,0.4716208374184901,Ok,Ok,Clean,Clean
4.753697757036238,1.5735037324978518,1.6103645975437593,3.6113015873602996,4.187378190938018,-0.08607472933612147,3.1462555810630697,-1.516219473746136,1.0514844206419847,-1.6643985396535357,2.2065387198790742,0.24795748750162053,2.2617428833213475,4.019213875203793,3.174796469248181,-1.7795418913047125,1.8407996699873619,1.5956336554830242,2.164999294515714,0.8566156263648081,Noisy,Ok,Clean,Dirty
5.832707105918269,3.8227900222299858,2.0275024230049357,2.2661756370731903,3.7063676148569638,1.5267345754577022,2.3986258912926792,1.5483873708813274,-1.418928459214793,-0.25425866736514136,-0.10983551329120018,1.3512402827482033,1.2945793270841988,0.1386872190328017,-0.22121858404884157,-0.27210931594734933,-1.6567476815719926,0.9063951436299393,-1.4503691811770894,1.396155013221308,Noisy,Ok,Clean,Clean
0.9273372796565347,0.7166719127430483,-1.65639485410107,-0.5605712595415926,1.0422848206811055,-1.3931768244005314,-0.7125106377726407,0.3104301388627688,0.5480055099466171,0.705017450569755,-0.15517706151978375,1.3663940515151989,-0.6107695010759896,1.5366392469421915,0.9942862464244766,-0.40209755834232386,0.7617197253542187,0.5509188031424106,0.5986919584922226,0.9593342278316934,Ok,Ok,Clean,Clean
-0.27766983638467463,1.0215222587184594,0.14707569506767143,1.0966768644381377,1.3809832114568539,-0.11445050285797041,0.6939507907787185,0.7244146681788873,2.842022001793997,2.926567471835805,-1.5150031047217651,-0.49458187433082146,0.002551354624924125,0.34850376716451226,4.501338075001235,-0.009284104947788996,0.7221808386823454,-0.14080287672014521,-0.24249636333500038,-0.1777358388415208,Ok,Noisy,Clean,Clean
-1.181899556527974,-0.08470031130039313,1.378962128686574,-1.1750030291340932,-0.5040484642014775,2.208069902636551,3.3587813030362015,3.0173502518115303,-0.15720326073867122,1.3988670943372588,-0.602612178132069,-0.514602240601127,1.2899233018919982,-0.03096078314198363,-0.3368472778443595,-0.5009152801142545,0.27816520872474526,-1.602064038780702,0.15238755226801526,2.795204878343137,Ok,Ok,Dirty,Clean
-0.47185393688044086,0.701513449788807,-0.6262800048551008,-0.2765351835775924,0.06698093399307341,0.5239510110234257,0.9533315450031746,0.20434116978922048,-0.6694851443436983,0.6283138377426768,0.03430670258533068,0.014577495037029172,0.09887919166793561,0.932266671404158,-0.49463524960158145,-0.26318807832719426,-1.3351425218384878,0.19485231510463583,0.46031212057826687,0.6712628156957896,Ok,Ok,Clean,Clean
0.14263311089881975,-2.2378592876543015,0.18408108661737818,-0.8348047465277744,0.3848551435360033,0.11507317960355543,-0.27293605145475724,-0.6301920867241958,-1.9571820854362472,0.6254900395065287,-0.7857227054122327,-0.021761338446595058,0.612344048659513,0.35355750589179796,1.0641908992679008,0.9328308882771423,0.3758597762588383,-0.4430564900170423,-1.032405357334528,-0.9334096157260254,Ok,Ok,Clean,Clean
1.3561638763747987,3.199811081150582,3.175801063775273,3.0090454777076823,2.361335215551423,2.6678851461648296,3.7576264823829146,-1.3277769448323216,-0.4502990827885949,0.8237629566617327,0.21994215139087311,0.8515933142720254,0.36860075047869173,-0.04694904595497096,0.9614651516856384,-1.2620675503334666,-0.9128602346311943,-0.4290556383569988,0.990966893831173,-1.4682418507730959,Noisy,Ok,Clean,Clean
0.5874941597179378,-0.5048071418995984,-0.2637752722989546,-0.45709248613507714,-0.11581322316100158,0.7170105035942985,0.9786605106414425,1.0857903216094644,-0.5039701773274032,-1.3826753588175225,-1.4121914154387152,2.1686088590198533,-0.005874060196512163,0.006848436833352422,0.13225059710336273,-1.0793311315339682,-0.024371125789846203,1.0408818864518177,0.598143560619967,-0.32354865712368497,Ok,Ok,Clean,Clean
-0.6265254709915965,0.3773240060994445,-0.9088488731269035,-1.1333697790949393,-0.265223552330812,-0.6682896612680332,-1.5404895177323037,-1.1282723596805369,-2.207188927327854,-1.1723535204066406,1.5630887045875967,1.1057803598809532,0.15287677145324494,0.3515691300156271,0.17187777259979353,-0.03912915235338641,-0.5880743971252294,-0.6970440814852542,-0.032865975260862566,0.33257599226785284,Ok,Ok,Clean,Clean
-0.071286959124216,0.8986900805169848,0.20591989210174017,0.7747046140431165,0.12309994676937891,2.4936082503639834,0.8447374485600904,-0.7423603134955773,2.1171796206779114,1.900223045616203,-1.0139386246847146,1.3153258149066902,-0.3498445352603117,0.5667604043976594,0.19775909920611778,0.8837269317319659,1.004290547941066,1.0002307114373137,0.31826873711362214,3.13238755022288,Ok,Ok,Dirty,Clean
-0.17744966042585886,0.1585214316392026,0.9156552112551111,-0.07272851583683344,0.6312756732649338,2.5501374673771493,2.998046586013277,2.2977704152242318,1.6388836982901205,3.5920015897706246,0.30582911916749006,0.48408045054369325,0.6956508524652326,0.25663324498788637,-0.5248472360226212,0.9701787637677676,-0.03146385094361689,-0.4888051374443142,-0.6978125520665674,3.546533136413535,Ok,Ok,Dirty,Clean
0.15764330599859744,-2.3008561825863274,1.6120167999598922,-0.14716078970037497,0.11177108559365238,-0.6106988655900182,-1.0649830019420274,-0.18837180623391045,0.21591030752817433,4.798256484987762,-0.20319394437958063,-0.6259580988570045,1.0739290474618464,1.0603681622063872,3.9110408148304465,-0.006754362489086522,-0.376217911763146,-0.08829001096213271,0.8467798050541686,1.6452290568553363,Ok,Noisy,Clean,Clean
0.366776613877791,0.17105436962146758,-1.2368334529190164,1.3522913976847688,0.9645026839398918,2.431602489781851,-0.2591171098917587,0.047493212366801964,1.0495601224871338,-0.045653046653407275,-1.6968450756014315,-1.396431637139327,0.5665775222209126,-0.40447481628604115,0.4341474335582204,-0.7490645597090223,0.830488914323451,-2.48259497833668,1.3279725768610433,0.5623431702860872,Ok,Ok,Clean,Clean
2.2661764404487443,5.859501377423558,2.0096081637803236,3.083322960684094,4.933749145218676,1.2175297099503974,2.5397943397743044,-0.060982542310781526,0.3847283757052383,-0.4417698273532127,0.6147615475569066,-1.229751205215066,-1.0830653115469546,-0.671673713339764,-1.3950711970231768,0.7644927169414286,-0.35185247166521894,-1.4103242368750986,0.3256446589414793,-0.7429502899297544,Noisy,Ok,Clean,Clean
-0.018871527051837384,0.40917960887176524,-0.6210192595196328,-1.444717868344125,-0.9679345859606122,-0.08168155832334602,0.4721193947079588,1.3481532753491132,1.3417258165518338,-0.00864305142686074,0.03311264793157955,0.3696492046660973,1.61762041756847,-0.32518826820311897,0.10956614294629212,-0.16836172509695768,0.13501532733755173,-1.9617691011477192,-0.8789972817989358,0.7567028371278242,Ok,Ok,Clean,Clean
1.296019633747803,-0.23611825245779766,0.42056705283936796,0.7201475775270134,0.9205338743144647,-1.3909543018351482,1.2796537386151048,0.7494509230928896,-0.5300678541786402,0.1635758864442286,-0.8347774316678982,-0.07461938591493718,-1.444029587392761,-1.6755772751246945,-1.7810250062321673,-1.370127643726789,-0.7214946640825886,2.0560763032721563,-0.8173954658292061,-0.4361150387234916,Ok,Ok,Clean,Clean
1.9888670923874632,0.14477472589638526,2.880257627243348,-2.0737438981137366,-0.3411133061530063,0.8631803821605256,-0.3694196423227237,-0.08225388689141944,0.3355250033777186,-0.3990012804999165,-0.5037398167541951,-0.1755949248982125,0.18895865381869154,-1.6603784945603448,-1.3477747092289867,-0.6308679674335747,-0.2445919569884486,0.5069637504492592,0.9640623281000199,0.3573424966326429,Ok,Ok,Clean,Clean
0.6053696437491826,-1.187727266863044,2.806344679520211,0.3673398937540446,-0.0738615903599787,3.647881713892941,0.45520941602974435,3.2348440789561446,1.2692935069212625,2.323859773941641,0.9397652848981806,2.458469981217938,-1.5109214334225505,0.9279586745496379,0.6874605760734243,-0.5506388276763786,0.04628622140968198,-0.6391096006344559,-0.9455586788438952,2.864716399727714,Ok,Ok,Dirty,Dirty
-0.6563594946227947,-0.27424074616636257,2.7347780006465356,-0.011907931528824635,-1.3918608723700796,0.17376149161980098,-0.31331076986959094,1.9420574957873924,0.3681267816874845,-0.26412884845305445,0.3530472379569094,-0.5311106386736754,0.46376303866332313,0.8082612857731895,0.6505349287612449,-1.1173654373794295,0.668370085764889,-1.296518519415962,0.9893065253163632,1.4006850460801987,Ok,Ok,Clean,Clean
2.1776681854254694,3.7832441750340773,1.7285504635950102,2.648542887061072,1.867478492635681,0.9569434319813559,0.9107649568408627,0.3794105611278041,-1.3901847150903615,0.0898212386021493,-0.3040277926383743,0.7702894257150636,-0.5360821405631117,-0.9229789706674313,-0.776551837959187,1.5380814854476135,-0.15965916512230668,-1.9168565530765576,1.5133706340904518,-1.177831335790953,Noisy,Ok,Clean,Clean
-0.2519975549791116,0.6868298392055033,0.08709861029654706,1.65501866776691,-0.4549651580650349,-0.23492936295832026,-0.31433509112818,1.0541517645120195,-1.5106399295045896,0.6937627223077393,-0.6398569956009783,-1.6056639654126594,0.1718556762668324,-1.0301758064053748,1.0219772311827626,1.160317285776901,0.812805612002758,-1.3041201792484267,0.32845586261916243,-1.4044204249822014,Ok,Ok,Clean,Clean
-0.863731747561076,0.9466242362490481,0.21606731876069363,0.6841467117093387,0.36613510470804594,-0.43283484334435596,0.6328062959040822,0.6651572984162007,0.3469369410878896,-1.1887344657307033,-0.411049952681128,-0.05360482330055713,0.8516672966873476,0.6087346994227959,0.9367290509374193,-0.0950007847506599,-1.969369212808286,-0.6347579004099427,1.1355147980853135,0.7038750649862303,Ok,Ok,Clean,Clean
-0.7674797660109381,-0.014916175159757123,-1.810102165915201,-0.7329290789684484,0.8196095467678773,-0.2520454901112168,-0.3590515892172361,0.132950310042875,1.3338177456800333,0.49905050774694704,5.868778695338613,3.7496366768134126,2.7762014564005844,3.6656636079996776,3.012610854688788,1.7802382049753356,-0.5362847608443344,1.2935149529212921,0.740974594451705,-1.0773194066651268,Ok,Ok,Clean,Dirty
0.18464199642488077,-0.4438114955675362,-0.40976382737967365,-1.2701199655004054,-0.8412209315666437,0.7266261150695494,0.14968351335849306,1.060395498932351,-0.23526444656620946,-0.338981605847251,0.3316153868756474,2.2827301337665604,-0.6092025090771301,-0.7032646148112349,0.16121758711833145,-0.696460658851819,0.16349943907494388,0.5487938333841577,0.7504476041646274,1.3209662674291651,Ok,Ok,Clean,Clean
1.0691100773011657,0.02764891090007908,0.43188523351869984,1.003662716485688,1.0262165823771114,-0.3751526189788417,1.5430960735829244,-0.09843791628805128,0.0740776614851497,1.0584827316257133,-0.8721107702057032,0.11600743230359721,-1.014942697027663,-2.460837963316754,0.3938745857626837,-1.1257646751997485,-3.1871928660656956,-0.09483592033366538,0.2107018238025573,0.444125911783226,Ok,Ok,Clean,Clean
-1.7455900931143435,0.2154727425569654,0.3886964386548092,-0.020241153096627967,-1.4221730908413448,-0.8456348444388836,0.8112037991294344,0.17197972875227271,0.7971691471213489,0.12350226039609877,2.0180350001063276,2.7129329176340695,3.9255363887743115,2.141181322129941,3.413242528844535,-1.4916987788880556,0.07856277060009814,2.5017432927548993,1.6703789608979405,-0.065883921659223,Ok,Ok,Clean,Dirty
2.544513011639728,2.1862445110078483,3.232292463356962,3.4792836378120793,1.9847959329262308,5.001033920740035,7.047860295057716,3.4650362403709103,-0.6011278016781907,1.6978268448818143,-0.8082536947197201,-0.18255721227184632,-0.25176526282070233,0.45774731142340114,1.8325830774498562,0.5133721829123216,-0.28563842474967643,0.9402067718164171,0.17425010585923667,5.115480227172528,Noisy,Ok,Dirty,Clean
-1.6349322061847094,-0.6518895082993884,0.17896537801700999,1.1777880450720783,0.6168475961206249,2.7873109977466193,-0.03538354660509264,0.1614601584221476,-0.8913105185481898,-1.6714662879553766,3.934963635082685,3.207611752872578,3.1999636756247347,-0.6805631069044203,2.9322872829781668,-1.1666547030666956,-0.1460443118442507,1.1958924260493702,-1.0517582108639099,-0.42685044603089634,Ok,Ok,Clean,Dirty
1.1307465615839651,-0.7243758715924303,-0.7477133090464988,2.051955139502108,0.2499586656877879,0.7647076938806031,-1.1336132474319662,-0.8116878971407979,-1.160050428035363,0.9059514696967985,0.34250321193148453,-0.27067899643472965,0.12862841411213194,0.11628306862612867,0.058637962560749365,1.2284978242214082,-0.6680187158925178,1.1042969044161084,-0.7463025652928355,-1.281493514943818,Ok,Ok,Clean,Clean
2.357558611610314,4.229285256600343,0.9546460597305154,0.7775482140564367,2.2715859196483827,2.7421598423880913,0.9102079468337424,-1.2216055304476903,-0.7371403674460508,0.7275024325292643,2.083724952510506,2.1846202600241047,4.75290109847455,3.115871060260279,2.102853961646897,-1.1970171076808778,-1.6420698842203982,1.7273547412300925,0.06732855742566406,2.010280376817847,Noisy,Ok,Clean,Dirty
3.1368280943486693,1.3399240720662537,3.9574575810203325,-0.8809022148030551,3.1868800461500815,3.4312398772357184,3.089505211947284,0.2223104546529494,-0.42951708195972454,-0.23960688844420694,2.0039296550315413,1.2639357349587617,0.6010573904281474,2.7193535251176364,5.531822428079991,0.5726413579449792,0.7846265188318872,1.1681757670612118,1.4795660095629593,0.9240801699191334,Noisy,Ok,Clean,Dirty
1.6062188739436236,1.258476010524023,-0.8971081226248026,0.9925845280583379,-0.8449742285860593,4.093977217050665,1.227357110855606,4.252239280637116,1.6348851742761814,6.311393432613769,0.0014026112070423394,0.3282297122837984,-0.895993040403869,-0.31125832365370454,2.120830695292701,-0.5960499835865317,-0.1002053056079888,0.46294396412729544,-0.7021363116285083,5.009890140920818,Ok,Noisy,Dirty,Clean
-0.6148992931258589,0.1986901994480465,0.09891963401702455,0.7878259489185809,-0.8944358537043305,-0.39970766054904106,1.1614634946978661,-0.056489850018309334,-1.4674964471503373,1.954740730378806,0.06683949254984724,0.08212918709339656,-0.8056664405860079,-0.7020224828705508,0.03313151914954301,0.4899714991729542,-0.33455617066784077,-0.4431326688770178,-0.506670808637007,-0.2631881261146336,Ok,Ok,Clean,Clean
0.28092692141367437,0.028902109376545956,-0.6158152307121233,-0.4745586182675507,1.331277387077478,0.3408951359116634,0.3768356087587757,-0.07857340763990994,-0.6247269076881679,-0.044901515597734615,2.3116861097867596,0.7498638667246267,0.06130925722645196,0.871641961078297,-0.8749387643595261,1.78773660167608,-1.6836369127668345,-2.2393232127462563,0.7995219162429008,0.3327691162312011,Ok,Ok,Clean,Clean
-0.6007555406077059,1.8989250237598363,1.056597805785502,-0.5298727618167384,1.5285293998617522,-1.2996283205944008,1.6898596819422425,0.4239676425993928,2.2256517550669024,1.2754363023158921,1.019321114392936,0.6908739494434131,-2.64002889625598,-1.375909572912768,3.7085050081312683,-0.40675917231319264,-2.8428406065496086,-0.3739420519204321,3.1357189932821616,0.4890143613054028,Ok,Noisy,Clean,Clean
-0.35975620747239007,0.5664285009021306,-0.5626273341755201,-0.532825873761769,0.6126848801582926,-0.05315087812303498,-0.5686392985753681,-0.4929370650124559,-0.12684166456122473,-0.7384374510933699,1.3067846599728803,1.182388893116688,0.22533037091124578,-0.2836394688205955,-0.17879799313334097,-0.9879069911839312,1.7234595464718343,-0.5898635693421452,0.39103463866361166,0.7133038870077303,Ok,Ok,Clean,Clean
0.19599836309106367,-0.9521267163935857,0.8221088857730685,0.23062773440638587,-0.9294288909251054,0.07402961741663984,0.4101031257578997,0.011242784704502703,2.1445870873529893,-0.4051239391960603,-0.580843705039894,-0.16076365824925612,-1.203615782829617,0.9150231579160905,0.38180996699693437,-0.6065184861599743,-0.5858804829645575,-2.0498789101974086,-1.9484976481287126,-1.4263727324326194,Ok,Ok,Clean,Clean
-0.19467314029548477,0.16968694295838538,-0.4747488941557656,-1.4083350165392985,0.5937782982524251,0.485127238400221,-0.6344706440515561,-0.9178513939361949,1.6959056922128015,4.031298332481096,0.6758106046385832,0.07908228195160255,1.3104673450986632,-0.13515897035286886,2.8393525566196858,0.04227968667058564,0.45177615977633223,-1.3931087013108452,0.5273398429339502,1.7690617377617692,Ok,Noisy,Clean,Clean
-0.27639889911965904,0.7135855069046749,1.3276752928714457,-0.42455064078109733,-0.07488162460291162,-0.8617210179518395,-0.16660469435597372,-1.8378853399252273,1.0939536934317564,0.3688994953687554,-0.23996010704202927,-0.8719896850160754,0.643965211949929,-0.14116504727691853,-0.8011661013722512,2.5147036421506357,-0.11506610426843938,0.23369916339117486,1.6590344486293287,-0.09104490093906607,Ok,Ok,Clean,Clean
0.14225995107826217,0.384389622365012,-0.5836267462301741,1.3240090059773282,-0.5816780535819941,0.27195512999969146,-0.96381826375628,0.30733732951905246,0.9897766776865863,-2.749026649324865,-0.6902867376575846,-0.25785653239313866,-0.05631002192038383,0.7401617745590438,0.41241802278796225,-0.7139641301816432,-0.6862852669586769,-0.4708923870921463,-0.06283905552125459,-1.3614711026440907,Ok,Ok,Clean,Clean
-0.6918055161777785,1.2330437755512145,-1.4337475348184094,0.17347831885432258,-0.5634849832948725,2.270983615923134,3.417755472944155,2.5023630742584175,1.369948597322923,3.671064016040946,4.199435837624834,1.4186417744634547,0.8992939944717047,4.294454834609358,10.378281382820028,-0.9458897032852752,0.8063522225298806,-0.7344014753159588,0.08511910731850207,7.213351998093386,Ok,Noisy,Dirty,Dirty
1.222790751662627,4.405720167805849,4.145561554988572,4.237427598735745,1.2746747643576695,1.0659897113726302,-0.278109323850908,-1.8562785196800498,-1.2089264512948115,1.6799933282976156,2.190568893491313,4.176363476946327,0.2917930084201148,1.5422820360449463,3.024526330281713,1.1101691055623628,-0.026188694916156285,-0.3924987120179719,0.8991853457928505,-2.257959302254484,Noisy,Ok,Clean,Dirty
0.948290202870636,0.16134495041111557,0.13449326443888632,-0.8748869677206965,1.587078534512862,-0.9176298680312261,-0.33526834963259683,2.415157188061012,-0.5174658374602386,-0.48056828517763645,0.5881477776013544,-0.7870687076526022,-2.2634947208718708,1.386582857586594,-0.9326893753940438,1.5351013682282397,0.020898153400989945,-0.16168790856240176,0.7699217790870841,1.3641278597264759,Ok,Ok,Clean,Clean
-0.8873613865810248,-0.6608157803891541,-2.1796835385027427,-0.35157961128596776,-0.3927520151532452,0.6771121064410329,0.49572602292117857,-1.4717927839692782,-0.02944862716741786,0.6491428998166024,-1.558234683918988,-0.04281467597169472,1.8423468371395744,0.09866293076700497,1.2611273632579094,-0.855530217391916,-0.3239639082300638,0.4855740950696894,-0.012117852498864495,-0.7750386307527704,Ok,Ok,Clean,Clean
1.5095526142899074,0.22302712836446092,0.8439322772512409,0.31183507313920555,-0.8564058341270502,1.0123877165038442,-0.07942902521316762,0.03499116864334789,-1.1012522427560343,0.9069503450604586,1.6061382496546772,-0.21673265386466634,1.8470802744083463,0.4138673195747579,-0.38544899704184654,-0.5117709438788535,2.526897879237155,-0.09968985271468558,2.517539562245146,-0.5859316250276279,Ok,Ok,Clean,Clean
-0.6383713241654274,0.14012618595128415,0.7957017197849316,-1.0089338913716466,0.4846442955941276,0.28686349934963035,0.4332493602851787,-1.4295184902218867,-0.8985525468690179,-0.2911534191164528,-0.14570746487938208,0.6604633628313091,-0.27134728115039786,0.824375207515941,0.643589536345624,0.5268323757415256,1.0716037531776974,1.1165526051278356,0.46211390565681904,-0.4706813768641551,Ok,Ok,Clean,Clean
-1.5789225170434111,0.1070603812246976,0.33982245829499486,-0.21982602237242568,-1.3469265564535409,-2.639838191872676,-0.9714097335768228,-0.7718707481225229,1.6313310084104573,0.16930879126955758,-1.0493206894600482,-0.9450558183484821,-1.4293327370777011,-1.2027139947444292,0.6052474659572827,-0.6086360441154441,0.6815779340219328,1.3524511435442317,0.3448815947814539,1.0583231015508139,Ok,Ok,Clean,Clean
1.5026721175528326,0.9492665838876322,-0.6157543145724864,1.0689564437816612,0.2542613614825821,0.954774163360214,0.09951907587768266,-0.12071527846442257,-1.3268356252540057,-0.08819883677666004,-0.43304879121231876,0.2738895870473105,-0.015973212142945774,1.6251819422180322,0.46409598793612444,1.730761711481229,0.8047123474446273,-0.16417964320446377,-0.2103169841705892,-0.01701673315126654,Ok,Ok,Clean,Clean
-1.270315412491939,-0.204288411550574,0.40557806874844127,-0.323483253531889,-0.5237704981791438,-1.3840226667072986,-0.560466042144438,-1.8989415588098209,-0.9136899684152415,-0.40816569187779206,-0.5507282000708633,-1.0923631283271036,-0.7380066127020132,1.065193814675249,0.7927861611891015,0.41249319712209015,-0.3595544363018758,0.1690846880878409,1.2745975270542464,-0.6553727566938181,Ok,Ok,Clean,Clean
-0.8393804042294536,-0.5798765105624738,1.4754844290208924,-0.7435725090984806,0.27369344512078264,0.16378014115204814,-0.27168520836686133,0.9959784905214266,-2.4075009382079346,0.16246135588183397,0.8545814614860292,-0.054700981387435996,-2.5679012935287284,-0.738832627087745,1.031117604662423,-0.3792608879040208,-1.4882083982892007,-0.37572811983253473,1.283474758313606,-0.2942909957836587,Ok,Ok,Clean,Clean
-2.3217464059917043,0.9611695103865271,0.30276093484998845,-1.1041272230358987,1.0862981685940125,-0.8876935905725897,-1.4242494542202147,-0.1276389691111931,-0.8757333986980237,-0.94674254838831,-1.1344538220173492,0.2530090177583408,-0.6157530884973818,0.26262683580051166,0.7854646417200577,-2.8794929804475724,-0.7711461100909206,-1.2359764748740207,-0.06360610455904066,-1.7296992985460495,Ok,Ok,Clean,Clean
0.8510732775203202,0.13770097895455957,0.04319756501991402,0.39987760217656837,1.2934960244418428,1.9516675110435775,2.374047390498188,0.34326592528806876,-1.133357668505698,0.22296973810241666,0.3136560483314147,0.1312045016079415,2.0957696431648563,0.09237212051782787,-2.166115105613937,-0.6461192211090683,-0.25753195197844136,2.1811604272219913,-1.1671641573279696,2.0824885224470604,Ok,Ok,Dirty,Clean
0.3780073603422723,0.7714039286204664,0.6579843867291052,-0.06110803850939986,-0.8716518693919391,2.773006580018172,1.3994693494825605,4.372762180573842,0.8943762781533732,1.4102362300447717,0.08663405461978502,-1.7791508088203334,-1.017367651333624,0.9983466586698325,-1.2846752286079461,0.49952476652333105,-0.36319857453455767,-1.9342008126551808,0.9520299806299825,3.7506135264046527,Ok,Ok,Dirty,Clean
1.14050539559428,0.645945976370779,-0.5387389965767477,-0.19955972584899762,-1.4867595786726036,-1.6659130268076623,-0.4453296105519158,0.964216264324813,1.0914972396400269,-0.4133221223399473,-0.4400331656267021,-0.86976245439215,-0.8130826430443854,0.5292144373490737,0.16243466318223984,-1.029102720055909,-0.8496821350342012,0.08949092057033808,-1.3918447769326392,-0.839871592957223,Ok,Ok,Clean,Clean
0.21987761943946066,0.719572653446999,-0.4499205084123895,-0.26410649932354624,-1.5272699585560032,-0.3001885478557997,0.1348227920365515,1.1020968727064844,-1.137389526305352,-1.6909022388497665,-0.8004655396107312,-1.5543091000319287,-3.330777330287917,0.4928747958463615,0.3098410503394723,-1.7428606579025567,0.1553694614436542,0.07592199443139395,0.0043809782859646545,0.4828976501154008,Ok,Ok,Clean,Clean
-0.5608920536830638,0.8984287500396179,-1.0538638888484624,1.3250906823022104,-0.3247363450421565,0.23839567331494532,-0.6419473830635829,0.8904703834965892,-0.6101952683874173,-0.8353162781789812,-0.160615350072266,-0.4243355895522471,0.6756536653907761,1.0068288752930932,-1.0976047217412666,-0.43508808597548665,1.3038821048405524,0.3201096388685443,2.1256135186895078,0.5890159939756399,Ok,Ok,Clean,Clean
-1.1791596685195929,0.6852044635913069,0.7300780361428898,-0.2872306597050708,-1.316106865240584,-0.7492732585359836,-0.33637070716982476,-1.255106877964956,0.6297031279518567,-0.0216198114193941,-0.7376517478796822,0.31717057228168094,-1.2600017565805965,-0.817253527428339,0.858303275560404,-1.0536652947885503,-0.18365027084582305,1.4727121636187015,-0.29974541130278237,0.17595852788812524,Ok,Ok,Clean,Clean
-0.7323706987922153,0.5894718572537365,-1.7944324513981775,0.6553584945570435,-1.1465611964743003,-1.0372555923904156,-0.06289110771760895,-0.8850305729144128,0.8256001482887483,-0.530279440791318,1.3135986438861575,4.6422734051954,3.4535531475670016,3.334697134105753,1.4122588224960018,0.1308720260902465,-0.8815254586347525,-0.04784412089255816,0.0990977296202594,-1.9023403653559217,Ok,Ok,Clean,Dirty
0.03524087134902824,-0.08510346139377531,0.14386743462288096,0.07929436694570456,-0.1714933854891318,1.5908580468422404,1.489956954813823,1.1978290272567569,1.2326488044263777,-0.055793205967190763,1.3744005615970907,0.4533174580970705,-1.1484682476197532,0.3588666860002731,-0.059048118566296444,2.0208252475128985,-2.137206818986167,-0.36302108688545354,1.0196810405176633,2.3003720462754838,Ok,Ok,Clean,Clean
-2.099229484749137,0.8434414325007531,0.22238568799915331,0.2306144865903024,0.10633946341778225,3.47506885320094,2.857888411784409,3.8276190083132016,2.273004385472027,7.2964185001928845,0.9724673681982855,-1.6632510938476626,-0.7441703383962882,0.19538058720391205,3.466029133360246,1.851423330698963,-1.2451759262161939,2.253856153709499,0.06373320419809049,4.665013004310637,Ok,Noisy,Dirty,Clean
1.7849167531662726,-0.4864139271602836,2.437490704165562,-0.7757551842267643,-0.05072570006341624,-0.42760434045511975,-0.7735197834718383,-1.4799325545442465,-0.9194229993425668,-0.348239286171646,1.3638142452959499,0.30674263604640806,1.3275439694858842,0.7164133082045172,0.3472645136837443,0.17362248695130833,0.5467455918646937,-0.2810178005191761,0.6901174793298119,0.21112691731383731,Ok,Ok,Clean,Clean
1.3074265925907838,0.009883011153474343,0.7423276512150973,-1.9591578346658303,-0.6310601960482362,0.068104093141782,0.781534935553258,0.025844969344167475,0.11152605125223497,-1.1368187624675088,3.767666376727053,1.2722209360293706,3.487567641604019,2.9936597736455535,3.3420297445948255,-0.48554773998809425,-0.5940899217702279,0.4093180299894755,1.4746669392548628,0.12359762742673792,Ok,Ok,Clean,Dirty
0.5145363982649934,0.8058808452022538,-0.26328903152767125,-1.2247038004077466,0.17187555773236607,0.779582934423724,0.4054750213535684,6.349917170308581,-1.2359540882434072,0.6634283708186602,0.6235689016874401,-0.9972216741817379,1.5119068056840532,-0.5765595122189681,0.4264872757102092,-0.7158358155943104,-0.44039011920374055,-0.543391617506964,0.44691011004485576,3.965492852215928,Ok,Ok,Dirty,Clean
2.039561853593772,-1.1609242828146544,0.026684738667126073,0.7007246834260352,0.7701942281666602,3.348364487245501,0.4521067302720502,2.879444198288493,0.7986909819314918,-0.5762672999005605,1.2190314135867444,0.8020042908085567,0.39503713789797096,-1.2614445379613122,0.25729992496200826,0.08593007508240771,-1.3881463225625306,0.13159813834623757,-1.1698544209410544,3.786514020705884,Ok,Ok,Dirty,Clean
0.2899508983825019,-0.45387888111670627,-0.4932096293580349,-2.4961115736783066,-0.15089157988125018,1.3886640287694636,-0.12411240366473067,0.09527966815923415,0.080975743028885,1.6439422986495178,0.1989309842593269,0.7813743310919028,-0.46235674812674743,0.18987485888898312,1.3039233739800624,-0.7557376552750774,1.4152019976555574,-1.8740353244291346,0.6970220280387782,-0.36099189733155984,Ok,Ok,Clean,Clean
0.4217410763847938,-0.3108447983396205,0.07294587923395511,0.6652657579745427,-0.04848314096822635,2.1210007407321436,3.551029883796862,0.45524970639687173,0.7628764399033869,1.4434994155434984,-0.4561981184322731,-1.360853790458255,0.6029694689882791,1.5398044658531627,-0.2175290581606436,-0.14359811071364628,-1.3165511845922306,-0.4134283111014212,-1.3780368017100322,2.646149330517738,Ok,Ok,Dirty,Clean
0.4080822798096372,0.6461598596668718,2.3572616882789195,-1.2883659016130093,-0.6883533174496026,-0.255897502162371,-1.349564148617875,-0.2902574284850372,5.579310067491734,2.43194904196056,-0.35293859137436606,-0.2462144042916546,-0.26778679196393534,2.1577316770733046,0.1009565381230243,-0.12943114459238478,0.6174799967162585,0.653437313558045,0.998995196366961,2.6188335976505406,Ok,Noisy,Clean,Clean
0.6168606746023677,-0.33129931943978214,-1.139867746922729,-0.03554245191931363,0.1785535940921229,3.1000194174254583,2.5215492930480496,2.1497903247174426,-1.4680659706572616,3.213761430419272,0.39546869030212145,0.6818184692643203,0.386832725093046,0.4902841977920902,0.5746106808924396,0.7130896793706537,1.0091007932867744,-0.04320020381331283,-0.8021503762878397,5.090218201890197,Ok,Ok,Dirty,Clean
1.6667085351096125,6.761872370558127,-0.5486356070818871,2.4769584647007217,2.6542628534952253,1.698234700943803,2.743309610232348,0.01612300830186849,-0.11960118681236116,0.14294402456549168,-0.3161039732176516,-1.5274325427099384,-0.20328090607673893,-0.08306275799242434,-0.47278100239656623,-0.930727916845307,-0.06980127560182597,-0.7042665376812887,0.23166022845592021,1.7370094184104072,Noisy,Ok,Clean,Clean
-0.9401327898396502,0.6372016383863255,0.761001614829843,0.8545611951278277,1.255255868996872,1.1392929444796323,0.4842948595568535,0.0672264600443205,0.5234691900720397,1.2638482248261258,3.1052127200363633,1.3864786478294597,2.0274193353020813,2.1118228747517556,2.7554405870434495,0.739786238024687,-0.2456812694483093,1.522875926355306,0.6660079512200472,0.10081797358685213,Ok,Ok,Clean,Dirty
3.146897213846491,4.2011562847869435,1.4082704396708807,3.02235945657668,1.5920560314601426,3.38196024754979,3.2212702308339205,0.35167719501080014,-1.9966144647630708,-0.236062419973207,2.6163240973776016,0.9788499249683691,2.0606970075869704,3.308682511448393,2.2110170499447026,0.9203695137800275,0.05486850507309828,0.47313662720894867,-0.850105873283422,-1.026637765332813,Noisy,Ok,Clean,Dirty
-1.9168731216341761,0.6480780010180686,-0.9409630658985052,1.7882673630794017,0.49184310052264557,-1.847844985636035,-1.1339199914948828,-0.8070034431617006,-1.907296529379198,1.1701238004221484,1.4421424857440721,0.49800886911225356,-0.19215718024355227,-0.18000077961215422,-0.29220527217641606,1.2416421328294478,-0.5051340954865859,-0.691341780904505,0.16869782409581402,1.0996360578287732,Ok,Ok,Clean,Clean
0.20022417800571962,1.009939316840071,-0.9881441201038063,0.1819439792075013,0.05149128797808443,0.028565081607643417,-0.5341934587700096,0.5607452435298143,0.8782272589681104,0.3353541087638734,1.1364621174034566,-1.006470263424711,-0.40401935217570073,-1.0541490753147378,0.16958120272317015,0.8642009667560349,-0.7329763080364337,0.2345395108343438,-1.29424168208717,-1.31785033215753,Ok,Ok,Clean,Clean
1.5197961564317963,3.5459571421355496,3.214702883099621,-0.7026765076533953,2.766139596771373,2.01000540842346,0.8931563133892685,0.1517727538244637,1.2701230702008615,1.1483162074669582,3.7771692058363677,1.1802450679927896,1.918231785509101,2.8454453301585674,3.0320932707819774,1.1020489837746552,-1.3921911781460403,-0.5645736342976152,3.384099706878339,-1.5202531626373796,Noisy,Ok,Clean,Dirty
-0.0010277511233205386,0.3942527240940415,-0.35748282068973625,-0.15005706820876918,-0.6750561528246966,0.9936467797748056,-0.20754670989309346,-0.6853694045991194,3.7867580669761174,0.4039649079108372,2.227158020168719,-0.8911038420745978,0.09134398727830564,0.783987790711767,1.1594301412884243,-0.8169030371000617,-2.2393358190992747,1.6585528115088075,1.20006455574199,2.267799618905848,Ok,Noisy,Clean,Clean
1.3556430147914234,-0.4152524572384058,0.4744403391977292,-0.10009195003849865,-0.18341056110498477,3.6643451693063973,4.505804317058596,1.5277945295069504,0.7078386887856851,3.715977465886844,0.3815148145631504,-0.8298646540247069,0.0858141184492968,-1.136577898264823,-0.7798460457502966,-0.22252975196352454,0.11362402462599873,0.08448651177998379,0.9951109673296726,4.826703587805166,Ok,Ok,Dirty,Clean
0.2709638787118521,0.6821238153520974,0.791244565657971,0.8676571402289494,-0.7381468109443692,-0.8158474322774844,2.509375877132606,1.0122309302455919,1.3948725204785677,-0.26421681378370737,0.08783251330781594,-2.2271503781054505,1.5879466690303814,-0.0025328316786080653,-0.039614989494720636,1.2541663108363592,0.9762088087841341,0.5045375673913295,1.5434486704002424,1.8058215109023623,Ok,Ok,Clean,Clean
-2.1645306947965524,-0.5883644315655882,0.7779649555787784,-0.6633800265869726,1.175017430392518,0.4597769829117718,-0.2585456290650534,2.2705832561312187,1.1072547451073613,-1.168670298645075,2.4904626641722705,-0.6994031619107921,1.232176213108348,0.9047568783729242,1.7093747275023965,1.5223382349370218,-1.5691365258733625,0.19847507567375147,-1.2732314973313856,1.448265278642778,Ok,Ok,Clean,Clean
0.19617023117268126,0.5907207498821794,-0.3669087028767612,0.543781645382189,0.5630671281350934,0.027253377841755723,-0.9236592556924768,-0.5279076221509554,1.9261805521648339,2.149241268889886,-1.0499066304154956,1.230622213952307,0.9083359461700765,0.5049844980197499,1.4395510164478946,-0.7219665769934549,0.0275395062389276,-0.44811314946178976,0.32468635265257534,1.9947554471662425,Ok,Noisy,Clean,Clean
4.345507559151893,3.7219034063640044,0.7130963968644685,1.73920283662548,4.374724738941173,2.8079211960092985,2.6512526732327846,0.08157804929779107,1.1444655378790727,0.5484772001946165,2.1630520847193337,1.646371330563866,3.636678946525282,4.8126402101644645,2.2131459652429277,1.0353110369433192,-1.0104004123683352,-0.9108253318297882,0.12003024990935982,1.641469558733841,Noisy,Ok,Clean,Dirty
-2.0153712051540422,0.3386275558326424,-1.0372478925039463,-0.7993535093981367,-0.9594163490844633,0.5892606630718958,-1.7895453011458569,0.40712657940818064,1.9874268788618912,3.0815162357396733,0.5908732530110485,-0.8735706296047165,-0.520717090265104,-0.7078725413738155,1.486094966470605,-0.682986473325672,0.5619072952056102,0.5881233825438446,1.1153398731907356,3.432473208126537,Ok,Noisy,Clean,Clean
0.3651866768026211,-0.09157224395578084,-0.3858772071704495,-0.22272854962386546,0.13642523282709143,-0.6041113162023476,-1.1879288904998444,1.4381883844137076,-1.065026467799237,2.392430427813543,-0.4684948727626038,0.22467664130947573,-0.6453200296731396,-0.4743342852691228,-0.3049280790914781,0.7618466328186836,1.7430795662145857,0.8247234175829689,-1.8395860162279056,0.18402012546762891,Ok,Ok,Clean,Clean
-1.6658438073316981,0.1461231659121902,-0.4063681584318467,0.8666560598417665,0.06560216280129343,-1.2083112121287785,0.7086833857245678,0.8758998151706284,0.23736643149887834,-0.10223278026319911,-0.8548324228256977,-0.8635887660750071,1.2923538285465905,-0.7282175737708064,-0.7602817854649971,-0.4387066960174526,0.33045861235090707,0.5211113877447735,0.19380161059580062,0.8303160672668116,Ok,Ok,Clean,Clean
1.9095449258347974,1.3689572930232252,0.3391134403641425,-0.7718517855684952,1.185840547971012,-0.4230904255099517,-0.2584439358973355,0.8314053834590094,-0.3299336204020007,0.4823950103486964,-0.3414899655628233,0.8553286931169376,-0.23339136833710128,-0.06998757628352983,-1.9570159747553668,-0.6657801915378985,0.37700293400046286,-0.4122268814498324,-1.9397485107648762,-2.3519456000201076,Ok,Ok,Clean,Clean
2.4548013682427774,5.847187085901325,0.13860681464213845,2.033289314721896,1.580613905152218,1.622186315091382,2.1037098289189466,0.23537788157467526,1.7290686305482106,2.3474919407901735,0.8603340366374121,2.2589468335162612,-1.3708061634005437,-1.5302570931377466,2.6171382241707075,-0.23632157761235534,-0.49618903476384346,0.52104702280329,1.2932456622331543,5.362630925130007,Noisy,Noisy,Clean,Clean
-0.8511797524894148,0.9378967849731528,0.7769000360956959,-0.44608640526997656,0.823234666810631,3.079782848507706,0.1570216109190757,4.163230002255656,2.3872806309730916,6.655726611185016,1.4130498537647296,-0.36571687842719014,1.4784609448643173,0.4903141736769301,0.2251733689971485,-0.9170584333935456,-0.6939004089126846,-0.46744948219520027,1.3967970145338808,7.4134465434362795,Ok,Noisy,Dirty,Clean
-0.42925585334412647,0.809936978141392,0.09841435515270008,-1.4407383173154111,-1.2568066393332997,1.1049229795478845,-2.51567274524185,-1.5137775995208038,-0.9505590618309657,-0.3141349505444442,0.6996597367199195,-0.6303854360738145,0.6515277943602079,0.029422876501262317,-1.2719580921825355,-0.7694735529547813,-0.6868784256671009,0.5457377000092302,-0.8624485393737829,0.3313883377796827,Ok,Ok,Clean,Clean
1.2633327603429303,2.290224776512199,0.9130541507348447,1.014538130016023,3.1210112087904016,1.9034286718387454,2.6090618877328358,-0.11120305818627252,2.661017082781017,4.678976640300063,-1.0472762411579226,0.15191702044753833,-0.642362719455614,1.109190096754539,3.0341068835367673,-0.403162725136484,0.4942007590237423,-0.46325905152668695,-0.22989599536150032,0.4764023010591266,Noisy,Noisy,Clean,Clean
1.6887239614582064,1.4324737709422444,2.1837566397614108,-0.4794568193829013,-0.49464607908072833,3.8637371481657863,1.5852219807909373,0.8731262697053965,1.5992533139875247,3.4588772778412897,-1.6581217987972927,-1.5896841905837555,1.4297463451004895,1.3508987898169131,3.6793062413175264,0.6896608340014462,-0.8212858997014182,0.8060408343354464,-0.10064683541372298,3.403563908886543,Ok,Noisy,Dirty,Clean
2.353562504198859,4.996713354993311,1.3747006585924804,3.95857441438942,2.642193345213099,1.3471309227375634,3.87885061802508,1.7886333365399385,1.58760214982567,1.0512785568793115,-0.47420092633836136,-0.9423911249040834,-0.3058146850725974,-1.1026015279900103,0.6021837092129805,-1.889762361514671,-0.0832016268528811,1.428629879069074,0.506295698563929,0.23807915426400547,Noisy,Ok,Clean,Clean
0.5040706326675775,0.3310432307433606,0.4022345067306806,0.17654598999856852,0.015887262487979836,0.7296695299048147,-0.005220286210683407,-0.11906589748772169,2.0323142304932897,1.4840700712710577,0.5694735284822862,-1.6328037541736014,0.2150682703336699,-0.02553197063500607,1.417695272352899,0.4797773267725984,0.269042998806845,-0.6768190644341193,-0.3393920467583967,1.740126098597186,Ok,Noisy,Clean,Clean
-0.8780395420879855,0.23886716587157242,0.39679003152912357,-1.720570206123638,-1.2273660890255578,1.1421386386565495,1.1880304662588663,2.9145214911485353,0.2838999427771947,-0.2402815650453776,2.1903167420560927,2.6832652006250126,2.1784880780604032,1.3713876496843822,3.132357974773373,1.0321490636385537,0.5931792929606695,-0.010053749334982752,1.0421780591047847,1.5256336835506974,Ok,Ok,Dirty,Dirty
-0.4814950999851475,0.9956857933338616,0.06945938323473674,-0.37306704322705964,-2.028977316324215,0.6488899579468949,-1.1947172568818076,1.0972628239069298,1.509086974135321,-0.17203799825120994,3.098950171784508,2.6444911518543504,1.7181715190025035,5.091229203042768,6.987295737179923,-0.3435652315692717,-1.6072104284567403,-0.6385278000869231,-1.2402517027121316,2.440542174970858,Ok,Noisy,Clean,Dirty
0.6608654459718314,-0.07390543383242365,-0.5746488339811878,-1.1547209794468771,0.759919214232395,0.746933079932502,0.4470762058795325,-2.552507127673097,-0.5264051790362521,-1.034782010102554,1.2222653593853476,2.000089013868388,2.5238457093834716,2.943407605688623,4.114583291403984,0.5833594664432165,2.1496589798210994,-1.6566570526466853,-1.4202412351975744,1.3790905683394095,Ok,Ok,Clean,Dirty
0.46113399163122903,-0.8052868955974878,-0.3479657568411395,0.9484820863560469,-1.1439660191838545,1.3590864529988453,0.7641963698398234,3.4598096404766103,0.5696906079875654,0.5528826098597148,-0.5354173666871073,0.5254982109840048,-0.6211288491325065,0.043617459443449365,-0.44386211408669063,-0.8122578329478083,-0.11700228437346931,0.3199323671836519,1.2299126826011053,3.137993624400119,Ok,Ok,Dirty,Clean
-1.2655221630072526,-0.9211747765793402,0.5826272710275997,0.08431838682185593,-1.1720911386264647,-0.8030486337608053,0.8029662736186077,1.3073622130989953,-1.1149747783250659,1.0739023101773033,0.6060573333079203,-1.0456484669297144,0.5338912596957138,0.6799951391916865,0.27253249630634674,0.4932194727695324,-0.09387278194605785,-0.5877927753891778,0.8041926512106049,0.06760000916516219,Ok,Ok,Clean,Clean
1.9708216852533833,4.791357819732359,3.785290974258175,2.653894262972383,1.9860372523333896,2.6811331473386777,2.9706213833403146,1.337484175374925,2.13838877517472,3.2710345452251044,0.8137828501361332,-1.2242125998703048,-1.3646293209359606,0.9711141090908174,-0.7770437580514494,0.4426091470572523,-0.6752398881793996,-0.7347560557320693,-0.17121598946985023,2.1444146063464027,Noisy,Noisy,Clean,Clean
0.9596382343207492,-0.6512788655241796,-0.33419553326433016,0.32111416263661624,-0.3015529779374857,1.1916910690416798,1.6631351046525147,-1.5940908961456888,-1.5120866083098006,0.3308783812800203,1.4400758488314676,0.34625951347513917,-1.5339536851685283,0.4004969154621938,-1.0835116343451894,-0.7453985130872359,0.03369541424132483,1.2268556126326218,-0.4521305999550153,-0.07729587270751224,Ok,Ok,Clean,Clean
2.3320431315736743,2.0820416454968282,1.1532243601786167,1.1333687477337657,5.5619770014994225,4.163271277910913,2.786880657247031,0.14920217134165645,1.0341283976935227,0.8268073058852956,0.8836913488231072,-1.7463219745026721,0.4439338421511193,1.3314003855700818,1.128780238097902,0.734893817572563,1.3475637554436901,-0.9414090907783498,-0.8140281561250358,1.6491404223582955,Noisy,Ok,Clean,Clean
0.8304440729400457,0.7189116605472958,0.2687597622963318,-1.0561229727676609,1.408275928879388,-0.32555222378335874,-0.7862217263951139,0.07379137782747305,-2.597640870343086,-1.2955534189250697,0.28840715649087717,0.8025220185872228,-0.8096215367521067,1.6067376509586853,-1.033555598071449,-0.6723319053144261,-0.500093579103196,0.25157684674120656,0.06629033795656393,0.13040950427155137,Ok,Ok,Clean,Clean
0.29190427910940914,-0.6729644196360844,-2.003613092377189,0.11951319695527088,1.196273379188278,0.33890858180655037,1.5251905642215604,-0.8618839010998014,-0.8162287350242156,-0.26124661779368963,3.217361447916148,0.6799161696225535,2.5521744926062087,2.7488587976763603,3.734752103586501,0.020263420646495698,-1.0283969163059796,-1.4326202337475686,-0.7797257688995294,-1.8142402746517057,Ok,Ok,Clean,Dirty
-0.5269101763268971,-0.9124152260063928,0.6884711655442157,0.38471898198826904,-0.4820828109572262,1.4076127780818395,2.1360787351480575,1.1227073468845328,2.8519154034667187,0.7217715928490791,5.647705780179512,2.074431440525824,3.585356328066773,3.1334149254656922,3.6284927789683827,-0.31119617510688763,-0.06355662313461898,-0.21625703957499698,0.3371097935271465,2.3784077038873703,Ok,Ok,Dirty,Dirty
3.213826749890836,4.594618942070149,0.782160672450708,2.6270005703997894,2.5525442912199474,3.477813805811544,7.907160775844645,2.9886818453917257,1.9679971156171643,5.475838811955461,0.36931057830412173,1.1469090870055518,-0.8074396384357668,0.8899885687227121,6.712160015638743,-1.6378600112078998,0.6797960676358564,-0.15328606172647466,-0.1161711311795434,6.742046131099013,Noisy,Noisy,Dirty,Clean
1.431363439521122,0.30843441333592886,2.225297800520896,-1.368500065750023,1.1636639174229828,2.989587081332493,3.7907473814036514,2.326281937170329,0.6074325039842934,6.349059848445572,0.6271994384274546,1.2878935490052854,-0.13952229335456898,-0.41241973508067514,0.6345499067911682,0.4896743204542938,1.0746745933903563,-1.143328413602124,1.0931948841247996,4.779667239858548,Ok,Noisy,Dirty,Clean
4.610059113583587,2.2957707452649085,2.4107302550641223,3.6294497084951924,5.3607947186583385,5.386475207991713,4.912931378107323,2.542408836614973,-1.615215367634301,2.617365809047842,-1.0004115155342914,-1.264166260253932,-1.3584731408363,-0.3381290400647952,-1.2970096130234778,0.5939212353132428,-1.3624232341624336,-0.7490490493695326,-0.9181059317952607,1.718596127899996,Noisy,Ok,Dirty,Clean
-2.242270689698623,0.43030180166350546,-0.6346602107753723,-0.37502617097634006,-0.733543552164433,0.4829218792911191,0.6248013520566379,-0.7162269685452123,1.4305310472651993,0.27999953054368404,1.1448737789591565,0.40626238409350807,-0.8376876479062891,-1.4667630308306079,-0.847750287981641,0.4672244862838924,-0.005025757817754285,-0.22798227760828968,2.4428585975882116,1.0147061223329499,Ok,Ok,Clean,Clean
1.04057018506752,-0.38646603880166697,1.220307502091195,-0.5316397023986086,1.4382558404730352,0.6761802215356563,0.539151393574112,1.0002743216433807,-0.6498534646752457,3.064031014442546,-0.17047499336155694,0.7494100111793721,1.0460082409435953,-1.515997430455491,-0.5862325000692704,0.25163900229420083,-0.7905308051069712,0.10506261879987913,-1.206179631729513,1.5996741577294922,Ok,Noisy,Clean,Clean
-0.26999377630377747,-0.625111547218805,0.6490143220631698,-0.45797460141838714,-0.61576182000253,1.5682187188029637,-0.8779920472926728,1.0088984895996012,1.8453161125035566,-0.7940813531378568,0.24962353589977565,1.5126663873513342,-0.5117565446927701,-0.6442407968754886,-0.4984501956569355,0.36942459674728484,0.9999254775186159,-2.40401734247729,-0.9362352076934711,-0.7738609607667294,Ok,Ok,Clean,Clean
-0.8181145749257774,-0.6373513297353647,1.0631539661395946,0.2995644616986929,0.19745168684946088,1.5660405476483519,-0.9396467876016168,1.0107343426681343,1.7167468667484855,-0.6685528788186978,-0.8062552503705506,0.7723453275008382,-0.39489684886950627,-0.165706164018042,1.1211228703277725,-0.6638205890588237,-0.07641763448626715,1.709548686274325,1.259520823742478,-1.1646286155881993,Ok,Ok,Clean,Clean
0.4011015176135501,-0.09351401361988994,-0.4583198411474999,-2.2222800738443174,0.1958661078572201,0.04400815240718047,0.9849701374492735,0.2321447601763998,0.41108551732895804,-0.23232298321753156,-0.32709233914806124,0.659851964882583,0.6404703920932955,-0.186198831227562,0.05873847331665427,-0.47158570155531504,2.0275916844341757,1.1716220401191126,1.393945121434491,-0.09540236108246969,Ok,Ok,Clean,Clean
0.2700924811966719,0.554263899570648,-0.8497821540425429,-1.087719214771275,1.3614112709188981,0.18557639714527954,-1.1710544764383146,0.0721997358348981,0.1826726280954581,0.2737384765898475,4.830850757208862,2.9925454147440105,2.360491707723354,1.2729928512077362,0.6799419717176297,-0.8552174876034743,-0.826494649742365,-0.9551409425426686,-0.5964339365939586,-0.7226455022942508,Ok,Ok,Clean,Dirty
-0.5258754706245635,-0.918629328084865,0.2949688394215103,0.7649420554995349,0.27625043648557013,-0.31155991138953104,-0.6955049997465351,1.3805137087070218,1.597303392417758,3.5668289311959205,-0.5476777706075999,0.6736259163504841,-0.8453703581279863,-0.5948948497760201,1.7750354074245411,0.3526301949736522,0.5836859957123434,1.003303830822603,0.7484283001784646,2.3606014806934685,Ok,Noisy,Clean,Clean
-0.6162137181644841,-0.7070028461269342,0.3924955846749351,-0.01776734688309874,-0.3029902162783478,-0.16817506637859164,0.4522989426917936,-0.7926310255821867,-0.5165276789281467,-0.5114927977784519,1.9352972309046719,0.28591291082553494,1.1367935067838095,1.1307244485596388,1.1961270521149796,1.2732873642328,-0.04084702715315431,-1.176392584090627,-1.733121130854883,-2.531998683947802,Ok,Ok,Clean,Clean
-1.0825649894466163,0.7969739177065996,-0.7778706890301573,-0.8511021745578464,-0.8635951415038228,0.5436278707821669,-0.245403600544679,-0.34692856753748463,-0.6031687392777779,0.9208530575460453,1.6781432201854567,0.25693213380129326,-0.37375498347653646,0.6352477505584613,-0.2351492770904808,-0.16770551371326958,1.6283136261620674,-1.3084081122665068,-1.1167611660519943,-0.6301441052840161,Ok,Ok,Clean,Clean
0.6942468519095362,0.4516440580014571,0.08522543832884402,1.1366812060921598,1.2553576919021816,-1.0112477006257659,0.5350379462122639,1.0824914474040972,1.2867834017524244,1.6178345078918537,-0.6584313942824627,0.060354806991577456,0.06171736083459857,0.6310995292219477,-0.4237790651814484,-0.15452958716024487,-0.6921715673746922,0.09003565454104295,-0.1301221674918328,-0.3194547174037258,Ok,Ok,Clean,Clean
1.5956845612128017,-0.9870150468189717,-0.8381171743662316,-1.2833067928390824,1.144930447119208,-0.2594554761005242,-1.1112338490916924,-0.8122875247662741,-0.7456738454714382,1.0692885109853716,-0.2218023871666004,0.9574361514119014,0.8008617494464002,-0.6805732653787292,-0.6786195631837538,-1.0502066883214918,-0.22558837841649795,0.180354118956577,-0.1664089226131248,0.12844057641332057,Ok,Ok,Clean,Clean
-0.18951625041881653,-0.9653014935666218,-1.1187254222256935,0.642318167876587,0.798792082046755,-0.5456246949722665,-0.39900831159782424,0.05999587929409156,0.3890366489287503,1.4743573586225258,1.1728163268215113,0.8995151769028759,1.460225688876548,0.05061365445640935,2.3434848296144337,-0.8591144657976225,-0.7213841013094727,-1.331582216889588,-0.46864852038603155,-0.6798390928480647,Ok,Ok,Clean,Clean
-3.0846257166861033,0.9225207488232864,-1.2819482893047025,0.775492430019233,0.9194715839516139,3.5565869956872196,1.0377448305598618,2.2725403712972936,3.7719967590152135,7.24227716740731,0.9105813322636146,0.385461500259284,0.44311012275524786,-0.32063285897377153,3.1878216471204794,-2.1946903914576494,1.793635875536577,0.394291184141583,0.7644537958909782,4.290169394972598,Ok,Noisy,Dirty,Clean
1.3085748921148088,3.098637557376386,1.3892865277303492,1.5766496791924562,3.7158467351326214,3.8166971489117127,3.4359012293506277,-0.2956439942039181,1.1975945758663236,0.09499979354903815,0.6037747118826812,-0.17102844654964924,-1.1680907738915571,0.8567969677006283,-0.013624170797205352,-2.2138825198281844,0.7276723326948038,0.194294883119435,-0.6651071602220635,-2.12819250306988,Noisy,Ok,Clean,Clean
0.4083681387944139,-2.6621472155560557,-0.3175863008850963,-1.6249821711011918,0.736830415075232,0.79348548738593,-0.5543519120267325,-1.5328662543062723,-0.9061269534932787,-2.1313188079700898,0.3927201180001201,-0.48732134475336014,1.1119977276693336,0.6284917339571667,0.2699531774401459,0.5026717933854056,0.886780765898688,1.711628734470008,0.8013994109998199,0.8173357848492178,Ok,Ok,Clean,Clean
1.0895877392391509,1.4705913263742807,-2.3370524556910586,-1.3439890427758767,-0.04500756637621829,3.628999210415557,2.962968064800322,1.1228495759452943,0.5927699701683421,4.256820785795559,-1.4824088878404578,-0.33558845495653217,0.0680394767846158,-0.8617927700443314,0.19287480896330506,-1.6311355833004824,0.5810391733329805,-0.49897007252559533,1.1809943087887234,-0.08331862224769704,Ok,Ok,Dirty,Clean
-0.13477029815805025,1.0094777998162159,1.0200495114446777,-1.0252001368772463,0.985947380102596,3.3195799681102085,1.7350313950474707,3.231512377050732,-0.8993473363199841,0.9496615635931329,0.3887541493966077,-0.20388661954286552,-1.2348821037609141,-1.0797365305309936,0.4312431983832573,-0.41164250056595764,-0.7857091784138902,0.061129031187842915,0.694512291128894,-0.13239682505373146,Ok,Ok,Dirty,Clean
0.0975323476553037,3.423423294408708,0.8486427663129283,1.6895487092000354,2.4076482895384963,6.4306238246599285,6.38888594835965,4.560376759549126,2.889500126944806,3.3276921952047247,4.376152340985042,1.3816212060284492,1.8276756155086757,3.5465890352940725,1.8502915001047355,-0.0096235841466382,-0.3743954360818265,-1.7601725762914602,0.8682140128273368,0.8206843877546889,Noisy,Ok,Dirty,Dirty
-0.12872009200764942,0.2007511143394815,-0.4551769526945505,-1.7093850163823932,-0.40371718375238025,0.4660570355076617,-0.7274178141085071,-0.3879809521225869,-0.05735020512213217,-0.1535559886184798,0.3716175291176816,-1.6322899660355166,2.0442909027045832,-0.4600752965277679,0.7118215276051142,-0.46547551348554417,-0.6472809004634373,-1.169397028840551,-0.566757697025232,-1.264914426958014,Ok,Ok,Clean,Clean
-1.1109360581637167,1.245748504895237,0.9939869017208158,1.0365896628251179,-0.28387793886182267,-0.7609135627040335,-0.043199999651858244,1.0284997842873016,1.7188888008136283,0.10431630980067585,-1.826061303645093,-1.2608272157242413,-0.43118917931142897,0.691149909981778,2.299730157962988,-0.017454337199194835,-0.0009758445210683751,1.0854599826692415,2.5041000887435767,2.6179631758307487,Ok,Noisy,Clean,Clean
-0.2872066925246872,0.32836848318062734,1.7809817352338548,-2.201499115718193,1.4405077193632203,-0.5967598546349732,-0.5982530454542856,1.8938522513290807,-1.6668354796061013,0.08351783261185543,1.128282953426165,1.234311636543087,-1.4554339386869715,0.6131948394584652,2.451489520798023,0.08223955259822156,0.501411061403034,1.0569398424756447,0.4581292518697296,0.55594888509032,Ok,Ok,Clean,Clean
-0.3969015440260213,0.18150474745300182,0.5625113363514963,-0.9180714476234558,-0.39246099734865486,0.3909787310349175,1.1611989540411969,0.6330478314778504,-0.21524884572370875,-1.2428069973210225,3.30029280449441,3.8209207768781757,1.1540940336486443,2.774940199118428,1.874627190816549,0.5292488047432724,0.9311735433114278,-1.0477210199520186,-1.4493214785477861,0.26001184894918783,Ok,Ok,Clean,Dirty
0.6137486574584444,1.3573682571202008,-0.9472301892470203,-0.6203365190379881,0.8277936493720084,1.1858173790986883,1.107067430859713,-0.16473015254077605,-2.537203780256589,0.7164010792722698,2.1619627362695755,-0.330711526664064,2.3833708540312237,1.1153584820982063,1.463568484772712,0.06175605596563323,-0.1352123576602419,0.9115274551306252,-0.6843747706600106,0.47461192366163885,Ok,Ok,Clean,Dirty
-0.3811155525361759,-0.0013435062719929774,0.5462269233332474,-0.6359482073108372,1.1221637271780427,0.021073659505141017,-1.2235416658856513,0.2829120173916881,-0.1514222252842285,0.07738601242644423,2.5323729780816344,1.5098860904069675,2.300945196467752,1.3752168259381394,2.1441435452598396,-0.05640472107648128,0.985701074102292,0.7054381348458622,1.2343088054088591,0.9370529563853383,Ok,Ok,Clean,Dirty
0.9461324187034694,-1.4933683050510465,0.5596266074062216,0.9659876151062895,1.2549176046033588,0.4714171029415514,-2.313433761892206,0.5116865887401413,0.26811534080461685,-0.6164829160624072,3.971628162669692,4.4244014426630915,1.4389142257272092,2.9828320525593166,1.895060061565248,1.9297061865414153,-1.3959456156121648,0.11808551599981598,1.0278570826836866,0.31458194282159385,Ok,Ok,Clean,Dirty
1.8384803763962467,-0.7482344238556055,1.3583429873757877,-0.18370963146097213,0.1123564563788522,-0.8903438223953959,0.2415692080094117,-1.477112298581063,1.356202958164754,0.7008790434825781,-1.496872335629555,-2.147780515830093,-3.224642800762245,0.16017532019024344,0.4625841206182888,0.42956802014242856,1.2895233971824962,0.48021965302580893,0.12291948805739888,0.5445369512251488,Ok,Ok,Clean,Clean
-0.495591691229343,-0.9678335600773325,2.0423088953581763,-1.7627640517481653,-0.9259010568356324,0.6305980167192649,-1.0445927384157863,1.166736752065285,-0.6246277345002076,-0.2123503326730853,-0.6570904068703934,-1.0679621591818447,-0.7414485567769047,-0.6568090248615941,0.2852643108910995,1.7671540375474457,0.3240386831418155,-2.043509959437942,-0.7441568254771548,0.005992211142740546,Ok,Ok,Clean,Clean
0.8765628314481343,0.9345775907560495,-0.3183287650505546,-0.3553800562172228,0.6516144575770026,0.8536384788103214,1.4160000566747406,-0.8108455156540001,-0.21722212829109466,0.20283999726454288,0.2020158610953753,-0.48625747906489364,-2.069944852497011,0.5536877896375011,2.1309996059065974,1.08556365304455,0.5161869636664126,0.6420662333301976,0.16188247605043254,-1.2649532306440898,Ok,Ok,Clean,Clean
-0.12103675955399369,1.8274571908720076,1.292334658466203,0.9654998191375675,-0.35273807826715803,0.9058032578077466,-0.6024465131517212,0.1636620562456918,0.13612995831306,0.5020696987984142,3.0661500682146094,2.2755409418275248,1.1937699673668203,3.428147993346569,3.1067304259716617,-0.5261369379191115,0.36942491281963263,-0.6924575431299812,0.9703771303705011,0.18109135182362857,Ok,Ok,Clean,Dirty
-0.8682813153371478,-0.18801156944532707,-0.40284430798003296,0.6551395827327414,0.260852893836926,-0.872884636302686,-0.38315683599804734,-0.34781601996000283,0.40721941179665305,-1.4994342012507502,-0.06265523091169209,-1.0969354826412592,-1.101393334705485,0.4971809697064803,2.3170783882055157,1.2700185032326616,1.0700698699243587,0.7086696766505327,0.8365685501836209,0.31166714855906663,Ok,Ok,Clean,Clean
-1.482951963230836,0.9089935929187073,-0.7024206978638451,-0.033227137843515185,0.8194512758376687,-0.7118510722749228,-2.6669150762280736,0.6684954361202202,0.5514143309425295,0.6542891458841321,2.7240363401320744,-1.9293324565529977,-0.39717322048290243,-0.22129039427655617,0.4380451353694641,1.8382089721332264,0.29152530044183983,1.6930412969059,0.7001817067164462,0.02299343080229658,Ok,Ok,Clean,Clean
0.7434540691567731,0.5374815679082757,1.0472789730098944,-1.3085560660079354,-1.2165493283425022,-0.7185478714868372,-0.43403034838207993,0.5564572843985768,1.544534473235024,-0.7018785400385933,0.9092894750553238,-0.281278824267705,0.9540269606912252,-1.5846874847639512,1.1932793611901198,0.1233097904646053,-1.6146827213683426,-0.8003956385224775,2.087625550426146,-0.876450738627652,Ok,Ok,Clean,Clean
-2.169571616649441,-0.8040318709540888,-0.5155978802037473,1.8157360662911477,0.08877179398658368,-0.5900174783814509,-0.911191448846588,-0.03153164900182583,0.8480463265272902,0.3290522584104572,-1.3355206369859973,0.4419182903421545,-0.47494528164643623,0.14265823650582535,-0.5629312096875473,-0.3227049183825142,-0.8258616006659697,0.7388356797901454,0.23564459433026666,2.398061023846421,Ok,Ok,Clean,Clean
1.1290599544990805,-1.343247681710063,-0.746108418916355,1.3694267821156767,-1.531061335779336,-1.0990866730838684,0.6938758801074174,-2.3264011871818524,0.4403408816112912,0.16361954015257482,-0.9239780938355504,0.38828501698030743,-0.20220168942347846,-0.42696852120510775,0.7955521579086905,0.9762781911759842,0.5511495525321514,-1.046521731902017,0.7693812593971863,0.3426570021116285,Ok,Ok,Clean,Clean
-0.443660273817215,-0.19862969864588226,-0.2258495385467154,0.41520582432784026,-0.385544196547746,-0.7728018944957645,0.1833885168996506,0.46517492077178246,2.3600075505077625,4.588945239085854,1.2395840191303358,-0.6699897080179393,1.665674410544373,-0.4916541909898838,-1.1926344410294265,0.26477158199235584,0.7298512797901273,-2.444630700853158,-0.01275670559115872,1.2569034326239348,Ok,Noisy,Clean,Clean
1.7974913274824436,5.7992838130279445,1.1236454446732902,0.5706783826064623,0.8495501776305757,1.0148609224805534,7.7013870558999695,3.194586206598242,5.187291600066622,8.71759071505239,-0.41881704306936973,-0.761484165048986,0.415693838304227,1.1184424662169363,3.5588856827211606,0.973336088322492,1.8672578001165028,-2.113061838335051,0.07353111277523554,5.351303008735373,Noisy,Noisy,Dirty,Clean
-0.5417893710664317,0.9764579594601001,3.786668428276163,0.15776511798418058,1.356058982482731,-2.1268624601921275,1.9956946148117682,-0.7136431626702241,-0.035529332793545275,0.49053468964240954,1.681761726565154,0.9005435309493232,0.6427537423047581,-1.6196725155935272,0.4018383653440514,0.21683294066095962,0.057779402791190565,-0.5366589455544996,0.10839354547108039,-1.1235105817257776,Ok,Ok,Clean,Clean
0.6667579460433503,-0.07738223944361503,0.7014762534024197,0.7161106559733867,-1.1115004228623504,1.0676695136259562,0.8678537931292474,0.5534151300410011,2.674840260134686,1.2482697465003019,1.258438352701789,1.855979602770687,-1.3248716250524804,0.23108763801741358,3.362182082589694,0.8277395932827583,1.5156488492109774,0.7561603927751088,-0.8177204227337193,1.7903368983894996,Ok,Noisy,Clean,Clean
0.31679782573002696,3.3251690348255445,0.009942005058901518,0.9689425160379206,1.1314034468769254,0.2142713894599237,-0.16809581105808866,-0.2288432539881203,0.8294127247071289,3.587918796740896,0.014150916029443255,1.052280248182219,-0.7002155611667723,-0.5837192173176873,2.221079310030365,-1.2974210260746417,-0.7844947807813891,0.3710653061781772,-0.30357994820491024,-0.030498220044652437,Ok,Noisy,Clean,Clean
1.130152875088515,0.25604968182160565,-0.3694110857099582,-0.5194784286760947,0.5804964162341532,3.1513798329036637,0.8328249820529801,2.5622169828685757,0.9682055417153331,2.8303999173529832,-2.8868997989865073,-1.641131652513318,1.1344343569985083,-0.292801592662634,0.3857504279572006,-0.4349226253165022,-1.0431123958404802,-0.5056570878951562,0.538165466177229,3.9108591811158413,Ok,Ok,Dirty,Clean
2.9733598979297953,1.1473545026002898,1.3542338761610788,2.250980013187855,0.7710668270238072,6.3785066809556525,6.607545634653445,1.444841828123148,1.585861268381014,2.821023694686387,-0.15597165294064627,2.2803528443233367,1.1904731362220091,-0.47877083621702593,-0.9866924288651158,-0.3765066409214208,1.4225680390263553,-1.2738632367491025,0.6587684289376037,3.923102140682105,Noisy,Ok,Dirty,Clean
1.3231937141944343,6.0728352131116825,-0.025088559966857268,3.3704913298976824,5.120192341059889,1.2873261185615958,3.442202267974848,0.7410858455678236,1.2464615266862438,4.862335858734845,-0.659226216335151,0.3641224403790997,-0.1087855253184991,1.3538847271861727,4.145051914391347,-2.0941107616212955,-0.5105737753401562,0.21324926643603115,-0.33334658446252335,0.6682713623444345,Noisy,Noisy,Clean,Clean
0.49365611521187186,0.18103041172031398,-2.2770729383062536,-1.688077909480672,-0.24285674282946326,-0.3656517655845011,-0.04579408938036468,0.9721295860394531,-0.2688448580009572,2.100048625112598,-2.242863544686427,1.0720034171270774,-2.0457511200430814,2.6590355433450905,-0.37497147509608075,0.11527443710060699,0.8294095613827107,0.6162638668226174,0.14081473502279104,-1.150596846334732,Ok,Ok,Clean,Clean
-0.9138504316956146,0.8092596414762634,-0.3613662813937869,0.5408944955291625,1.1824692610491159,3.4188132606920747,2.976189921428462,4.421013798978424,-0.36359989993241504,1.9806065497127634,3.8829287329897646,1.8729924480341746,3.070133235015853,2.6968354831232277,3.1973461951740063,0.9431078039913819,-0.6975528837646061,0.22728388493437018,1.0419221894387425,2.694815242973326,Ok,Ok,Dirty,Dirty
-1.4594090836911513,-0.07363857625063365,-0.28764351470846056,-0.410754220361465,0.5460597308172545,-0.7911525484079328,2.093088347391646,0.9406761887339429,0.079094997883436,0.726709098333604,-1.602869974129694,-1.3451749057959588,-0.2925164329252556,-2.114093409547793,0.6251629364804855,0.8795311719255811,-0.7774413735116389,-1.0972510537102707,-0.3887464720032473,-0.7890222580512939,Ok,Ok,Clean,Clean
-1.195106142704552,0.09112124796746485,1.0309045779626385,-0.25367083704266197,0.5638070438643523,1.058746395402929,0.4300733677513469,-0.6806167522360071,2.244208737823209,3.5901129941943415,0.31131331162234743,1.083547039677558,1.308764092539148,1.2497170380912062,2.2346355240286995,-3.330473186847274,-0.41800714992726595,-0.18477149214290017,-0.5187649016048058,1.4730211669293807,Ok,Noisy,Clean,Clean
0.5673911920832589,-0.8022452433603365,0.7145669246001115,0.06323725830279464,0.04743769612329614,2.7734039580528016,0.09400064687172809,1.323206667714932,1.4947045283005465,3.3831087748515927,-0.3664875738296377,0.35070148545767027,-0.19463514121928524,0.6451851713358007,0.5666816780983868,0.9162765121879102,0.32388775451396795,-0.21779852016308404,1.3278460558639433,0.8978667415420084,Ok,Ok,Dirty,Clean
0.7832398900806785,-2.41547206973744,0.11634467362942667,-0.07076001990564158,-0.21201576571156233,-1.5644749293984803,0.5351952893141406,0.22204479521958165,1.434615724691682,-1.166329609967119,-0.8517815717534882,-0.29243101837354724,0.5664648151465284,-0.34688955596224963,-0.08300563944532727,1.7695838236331898,-0.9654246147932791,1.0750728102845881,-1.5707928658308308,-1.1541497343150995,Ok,Ok,Clean,Clean
-0.4588977265320092,0.8774233488823737,0.03178350726705905,0.46671089146391054,1.8045625438468047,-0.28693180048490796,0.4005007908431806,0.47507928843983627,5.049231114241721,2.3422545255735367,-1.0178731965128136,0.8458295228017731,-0.23409845210821442,1.4645312089902272,0.700912362852703,-0.47448759702598076,-1.0206041716229766,0.407072661995984,0.007966105244804397,3.0264522729113654,Ok,Noisy,Clean,Clean
-0.5056831680710453,-1.722187012682463,-0.3833996750163946,1.385090318701403,0.569239787840971,0.606513008944372,-0.1719278069134327,0.9006968993474941,-0.6874543470555187,-0.48253947290528815,0.2531644159965433,-0.3434609127100099,0.6358588609966099,-2.0925220404451985,-0.08477257499485134,-0.938991187541877,0.009145735441020457,0.1891026651160188,0.004429323489137911,1.4334539596304592,Ok,Ok,Clean,Clean
1.565076784648291,0.1747873849423356,-0.015086593399435624,-0.16531254132218093,-1.0094371558463107,2.0261536717030215,0.3378589832565874,0.49978302231407123,-1.7580404086376247,-1.5290116028348735,1.5032142746690842,-0.44168715751048065,1.4033985838349146,-0.45153774265712215,-0.6224693538605228,-0.9545979518114873,0.24853660890967563,0.3889399395718054,0.9096949328901683,1.8236031190522892,Ok,Ok,Clean,Clean
2.057893820891783,2.9474153032711166,2.6643518542360494,2.4690676088232135,1.9107406689536859,0.8966028609789461,3.2772604982712155,-1.3933765200252692,-1.3657031286289159,-0.03569556526085912,1.5836726748284913,0.3925655528892364,2.6401634248248316,3.9156298625094084,2.7587914960563564,-0.7614598435417844,0.053830619711536784,0.8309936731843229,0.5208003295305079,1.0355694051895965,Noisy,Ok,Clean,Dirty
1.0516821486263714,3.78841463263337,1.4038167689845007,1.737143577218998,1.3199767947895713,0.49565480927196526,3.4064375089603107,-0.9294140610066359,1.1675171918432896,0.6418798555979517,-1.4131406319009558,0.8883897701077024,0.5641165488735618,0.8887681876654578,1.4202692582465026,-0.6348298677352912,1.5827259294605525,-0.6540751530644252,-0.7307882159796834,-1.088366259662326,Noisy,Ok,Clean,Clean
0.6332871917741216,1.0505987975013285,2.7155351868958952,-0.6728071225755284,1.06802443058315,-1.923037063742143,-0.4011970108769881,-1.5539697501014764,0.4209170264557266,-1.0337647495221458,1.1461298776037059,2.239391655308613,1.2451915316060747,3.165169902259949,3.7897679143612586,0.7744160040062411,-0.07846853139592645,-1.0056618234348522,1.112508581904718,-0.18554041652285314,Ok,Ok,Clean,Dirty
0.5954628999798016,0.12177822919900924,0.44312387013377563,-1.0810996366238532,-0.6762435979778617,0.8770296554478954,1.5134427392128034,-0.0879543319737327,-0.9163149901088855,1.1798704290849555,1.6653094178982182,1.0958192767497856,0.490757424173065,2.0729059734377975,3.9311866564645284,-0.5605763767576998,-1.06879130962291,0.33866729780275256,0.487251187651127,0.12500175356903248,Ok,Ok,Clean,Dirty
-0.44032448417625825,-0.3251892291378953,0.0651351332060336,0.6375017825258108,0.8983268634128806,0.5606476226814189,-0.05107096526859925,2.2887113301795825,4.644911357108786,0.3338267026770084,3.834546239258231,2.327340303154126,3.2882990033522534,1.1915802002351696,5.977564798997445,-0.1822063140119388,-0.7361013585450225,-0.48808637699839885,0.0640697492614415,1.7149522262420116,Ok,Noisy,Clean,Dirty
0.1018779622664735,-0.26307637590007077,1.004570551296051,2.235822045727225,0.37651019208534364,2.0393908473294617,0.5823282534255325,-1.3581012627634044,5.4892386679123915,4.179680011920275,-0.3828638425626732,-0.4931900428698453,1.225861213894029,-0.33473760307836914,1.2807942521959201,-0.5919278466203752,-0.4945198107044411,-0.1427896345202731,-0.4625627385996642,0.6996889063082872,Ok,Noisy,Clean,Clean
-1.0493183913253648,1.3427064185184308,-0.552082748468869,-0.8268539699662774,0.32623251802829195,2.070906656057982,-1.0115224200624273,0.26860310379231284,2.7630168073253207,6.73244383240684,-0.42956050572771864,-1.1928132252231631,0.5543654504292163,-1.0120868090918513,2.849712536644051,0.7656120410921786,-0.8602864236806136,-0.34209566738867464,1.0758608634067732,0.42996333168097045,Ok,Noisy,Clean,Clean
0.21379110780298713,0.000281666249505599,0.2903590565826604,1.230149277869303,-0.5663496243640813,-0.8731726664722569,-0.41754620839141393,-2.781940562657578,0.24377204819608964,1.1060191872600287,-0.3435065530907977,-0.20111198177535566,-2.2399568560779914,2.143458937286822,4.78175545918497,-0.09895963343920161,-0.42119020373545446,0.3000332144964261,-0.08791307306844826,1.1709545690512269,Ok,Noisy,Clean,Dirty
-0.2829237346592849,-1.5375466874018928,1.0750219649089436,1.0598782823757436,0.5948842231045521,-0.4741583059643266,-2.0559690008936196,0.7613651676541868,-0.10424689879497653,-1.050005922210319,0.03539385620760407,-2.9229916748026463,0.7537325053529246,-1.1489876203124179,2.7238643320666838,-0.43603486903510935,0.3578670326715087,-0.5828886285440977,0.6899383014229085,-0.42445117208501726,Ok,Ok,Clean,Clean
-0.9544196781295664,0.5015339258235626,-0.458375593804769,-0.9508344575590613,-0.5058196622184709,2.522630985614968,3.9011063866306817,3.4286520469088426,0.5708822425225557,4.905298713409774,-0.06260102424036303,-0.47466417302899,0.15491894790060656,0.8665332518610546,1.712767043461788,-1.2209572656949774,-0.2142635995029516,1.7371058182549255,0.9495749027578566,4.549614634078297,Ok,Noisy,Dirty,Clean
-1.3898665545548015,-0.9528046491999989,0.17336731944882158,0.23381252440809158,0.5217212623229414,0.5811535760674547,1.2472667161271214,0.26065415697244565,0.7127555799477562,-0.5485270060219564,0.16735815095366416,0.9425714645816651,0.49989471966024385,-2.0179961716107306,1.2321654874689978,2.2912801440679673,0.11038484976161113,1.115898490451835,0.9517506188089827,1.9264813538918026,Ok,Ok,Clean,Clean
-0.7811506922489476,0.2761245552086565,-0.05963437420099254,-0.07029678237224925,-1.3454413839822925,0.32922372360913793,-1.617713364820636,0.09233107013737486,0.031938804968086945,0.6654359273949556,-0.6060333930445342,-0.8723404895766421,0.23766090125364975,-1.4151723149944733,-0.4063959066562677,0.6406004926927352,0.4660322802044844,-0.46005310459953513,-0.1817128524905975,-0.04121627568845983,Ok,Ok,Clean,Clean
0.14694088553063947,1.0888798143183895,0.36276282591129033,-0.006125970770763108,1.154286696706767,1.1639071788802675,0.495878173682585,-0.726488719443871,-0.12312487741820005,1.5134987799057424,0.2891037111169172,-0.5252089691320552,0.043727260199299366,-0.7576595255309688,1.2300150584449998,0.6752714371906446,1.8156500480866746,0.15379849510518537,1.0304119277071273,-1.483250875825828,Ok,Ok,Clean,Clean
0.5409579735345847,0.1601512292965859,1.9375415332156218,0.7145309182531687,-1.095962082233218,0.06371758595997466,0.07565402422341651,0.7167033967726709,-0.11005937102469339,1.3145060361255543,-2.211452665077363,-0.521909856804077,0.6400404422615044,-0.3532157740754563,0.8011457168426565,2.030215168383783,0.016128862526940405,-1.213584142300409,1.1748308406378785,-0.6645565985222182,Ok,Ok,Clean,Clean
-0.612742104419558,-0.09109689511652688,0.8636628264686808,0.33801247159515624,-0.4713060304627551,1.3231294024407654,-0.8261126686382797,0.08355076291901323,0.7178971065144207,-2.415694920659431,1.045073044575604,1.0371767147679745,0.5546063075775973,2.48400790725104,0.032760783305004225,-0.9170439950649829,-0.7885708900620062,-0.328241062489469,-0.5305556496576477,0.20101436840120732,Ok,Ok,Clean,Clean
0.09757052745065924,-0.24899922270477848,-0.24957060610237086,0.34895588761153723,-0.6198417048267089,1.8549045888206168,1.3933540486557656,-0.010079089006627915,3.5349106101333625,1.5870617829323375,1.8170631599383522,-1.1257844798073016,1.9469501473095419,-0.3887102395197361,3.0777635230416203,0.755439866614826,0.4402238764745997,0.02040496570430426,1.1687051789354803,1.5291484057219933,Ok,Noisy,Clean,Clean
-0.04431055094158779,0.6527291919442096,0.06691981628367799,1.0419101470395544,1.2406325377956253,-0.7838417849232865,0.5724520753848875,-1.1532865580819218,0.3012353204080206,-0.5430406216090178,0.14987499293544604,-1.2004135090186951,1.1073336343978282,-0.1062700002865557,1.7041710471234517,-1.1652436799956083,-0.09395894162181659,-2.1685277147003026,-0.724231776194495,-1.5209212594596393,Ok,Ok,Clean,Clean
0.46991767745889745,1.0262380560456046,0.3495264959376949,0.6204871461917908,-0.29867090944205976,4.437402774967832,0.7061394834477341,2.5170164344367136,-0.3135027281773839,-0.02119504048020632,5.3822082447889,0.8869547965492095,1.6862432828832312,3.2395573382432836,1.086552124440896,0.6524885055053015,-0.09973172230104858,0.5784891383316044,0.22795283994962862,0.3469263071812659,Ok,Ok,Dirty,Dirty
-1.0606394269506014,-0.027590376977489558,1.4585513321951145,-0.2676809581536567,0.5936773405352777,-0.5021746428383285,0.8741747912983802,0.06253352251663433,-0.604546952849263,1.1995477387547837,0.5038504553492961,-0.22100377202962598,0.1509246604816841,-0.9686994819743167,-0.651464523623868,1.8009162615245768,-0.3138463346304761,-2.1542278956046887,-1.3741913703272512,0.3655398681977807,Ok,Ok,Clean,Clean
-1.7913293390254634,-1.681221151600967,-1.783921686126691,1.7593632188204071,0.2580446054492737,0.2331709922315579,1.225951509547593,0.5537592523200955,-0.5184329050774761,0.25665306072662464,0.46623606950808405,2.1373113457582,3.309330861855968,4.316135978060239,1.9071953825441672,-2.0470707559273245,0.8051568875044892,0.5801530156994891,0.5873324359355415,-0.06422359200476914,Ok,Ok,Clean,Dirty
-0.7286518370215704,1.3243089097576133,1.396610041366123,0.4600064575499376,-1.4962434889981044,-0.2644491169066252,-0.638069825512821,0.08956156917798323,1.8191007478584778,-0.3427667146128772,-0.7651788577134089,-0.38540499019224295,0.8653937145330824,-1.287212703150282,-0.8493698634758734,-1.1029581044229915,-1.1699597370795958,0.4985626022927817,-0.6141876824734789,-0.09481022297463115,Ok,Ok,Clean,Clean
1.368381416791021,-0.2828711128235988,-0.04006001786555229,-0.9673460955219532,0.40661671309753905,0.515749799338944,-0.11740960377346325,0.5605934008698407,0.1937704396697427,-1.2157873769500438,0.5924625949995738,0.5916530358533387,2.3059311429850284,-0.9342828873657466,0.8702021654511367,0.16002349271766794,0.23566775785460176,-0.2351621500801322,0.042350669412392135,1.1298789148433581,Ok,Ok,Clean,Clean
1.2619639801231577,0.10037054779410692,1.0105139182720715,0.19880584402445234,1.0991826936953162,1.1261942551252306,0.36547203314953086,0.3110691206737637,0.9102911039667817,-1.2573612615486465,-1.4597664180669045,0.3029521919389572,-1.4919931673825617,-0.23396494099406434,1.7936935588823966,-0.13766426919293506,0.17739260002412977,0.10971685122841612,-0.5344119578786305,0.40988181011606434,Ok,Ok,Clean,Clean
0.5373495346628303,-0.1465621727881156,0.21317666796698123,-0.9233547620525133,1.4853610279797231,0.5620493730094683,0.5297471423631362,0.3384467862114067,-0.49300973739674625,-0.6097660402069102,0.8349550310604058,0.10725225538528184,1.6709602148048852,1.528471096444962,0.6909699096272238,-0.7841143439696794,0.3476976975563303,1.182290385875141,-0.079251005172738,-0.34200038825689527,Ok,Ok,Clean,Clean
3.689334462693401,3.02066325548414,2.8426691381429228,3.433728480247921,3.211376319016655,4.589716602559068,3.063922479680125,-0.7682603521671889,0.32854162148000154,1.3254576532180087,-0.7115846829331935,-0.3306735678270119,-2.2802300672868485,1.0522673831336375,0.7238202178125189,1.2753891230830028,-0.7971020857681905,0.8899517270940078,-0.01461157319582082,0.5260748553815106,Noisy,Ok,Clean,Clean
0.5810187950666431,-1.5792665087945732,-0.9516950190741357,0.801229199144738,-0.538464968488125,0.43671485093021256,-0.5246229902782505,0.8065384872839763,1.520448883325647,-0.1659376127552989,2.4382248089048164,2.3495375857089402,2.533540497076604,3.2357868253187236,2.290380241136009,0.8294720445749748,0.23952358231008034,1.1438312027782322,-0.8247124065271836,-0.8311129148379333,Ok,Ok,Clean,Dirty
2.0113140438004335,-1.523837707607674,0.8778264889923666,-0.2535149205721994,2.4303171718831926,2.344283875383999,0.24888160306937906,0.3416998571412791,-0.4426431692526907,0.3858314334287665,-0.16619782004232836,-1.0893770549282549,-0.6677590171633768,-0.708283582668498,-0.5379662604975658,-0.3958139871485504,-0.14244807809844628,1.7254668955635186,-0.8132314879769964,-0.41332634603584023,Ok,Ok,Clean,Clean
-0.2939037143459348,0.8207789979440856,-1.7612628920206022,-1.276376176089352,0.6643263840401958,0.8197082542503525,0.5829689212557368,-0.4934902648320043,-0.982753695774282,1.5104177355305681,1.988807670549826,3.5991330945577644,3.4525708705490747,2.5611265025730994,2.9679272676961674,0.17737186051157489,-2.2004161186714333,-0.12302841315006574,0.30595381537154465,-0.3247389505263754,Ok,Ok,Clean,Dirty
2.717930513212138,3.4592514541997237,0.04644643055043042,2.8335629906534656,0.9429067804165794,2.9594193849850887,1.2557363285380427,1.0010574240950492,2.6436183651976948,4.8370896243886286,0.7923015623741856,0.6388814238712915,-0.35593378668287873,1.6128668261581764,-0.8467279143700468,-0.6076701567471468,2.0223933802201954,0.7771611993682597,-0.22888986997594032,3.362847985805057,Noisy,Noisy,Clean,Clean
-0.9464375017540501,2.2561835857517596,0.2695267158954375,-0.49890169514996896,-0.10007460650112628,-0.10519207726622984,-0.8462122228328759,-0.08520540126063303,-1.2009043974267184,0.26610948105281357,-2.8471023599020167,0.8303898163283469,1.992715185419942,1.1546455175990762,-0.5295609860904017,-0.6536460879999373,-0.3017708708699927,-0.15066597131359152,-0.041041004452564644,0.19154423663593106,Ok,Ok,Clean,Clean
0.42941532592326487,-1.0188997827999506,1.0594338700489554,0.7233501588670382,0.2138317010155321,-0.21148769909181606,-0.42795870960803756,-0.8274745345336991,1.5570895699713336,2.155406884047516,0.10422080374945067,-0.14973091553979728,-1.0362718002264968,0.39923360176814404,4.407491098136112,1.2638033851670696,-0.7941707594147002,0.11509531674927488,-1.2163808012481374,2.5599591554040013,Ok,Noisy,Clean,Clean
0.8786098682372426,0.47977119002810287,0.011033436307115535,-0.853381081421102,0.7144835571538656,0.6770902055726449,1.7207654524414588,0.3449449189943258,-0.08506476005835302,2.9983305018042277,0.17297335333833153,-1.5810867204082564,-1.2530760372408274,-0.3934098927477762,-0.5090724558314449,0.8906205572874902,-0.04535745242442042,-0.03148280797096646,0.24523856038832698,-0.28165484283813447,Ok,Ok,Dirty,Clean
-0.17392387304215262,-0.5931168493974635,-0.4392985612327788,-0.853546831084891,-0.8575877331185899,0.339789541056518,0.9070477820645617,0.4976631726521884,0.7600917811138882,0.6455574202819091,1.6843501525955433,0.1618557510961349,0.4426308182191082,0.9801997016949857,1.993880717804598,0.611548906798857,-0.6342386817966078,-0.1315236288993207,2.151405237058772,-1.3454323207921375,Ok,Ok,Clean,Dirty
-0.19432168655131551,-2.3273077488999943,-2.31058854844375,-0.430028188531784,-1.7563660324694803,-0.5250696758214131,0.6903885135854412,-0.929551916545256,0.39621957131855207,-1.3772175401647682,0.5981555832312309,0.44122208787265343,-1.8742249934042978,1.7919964064408476,-0.9404186228678694,-0.5949991430613739,0.7244063219002256,-0.9789397159262626,0.4216088777211216,-0.817614425221212,Ok,Ok,Clean,Clean
-1.592294084401702,-0.39349182771665536,0.4588963943758315,0.3819536752988739,1.3078534735493625,1.5292066114780098,1.2963606396016816,1.8744329513182878,3.2710775529732974,6.59231763682869,-0.8829410600889088,-0.11175453163786513,-1.0210992747322565,-0.9011729543412302,3.8014318162410534,0.9510612137726786,-0.03391813438698376,-0.3821639599982139,-0.7642833883553062,3.772437666037599,Ok,Noisy,Dirty,Clean
2.57564246266565,4.21003918705604,0.446356727626613,1.237273248052148,0.6362448828397296,3.085012460109953,4.408013715465732,-1.9207801832178097,0.35744697203037384,0.4576428795047577,2.010500308431769,-0.37556799524658996,-0.2944164922923608,-0.504551558348684,0.3034963591915097,0.3173654045482185,-0.6392379767041518,0.6787543171652912,0.418683081961197,-1.0650304540747368,Noisy,Ok,Clean,Clean
0.9809639232425583,-0.3191510663722128,-1.6997671601875937,0.2062135096612536,-0.3620888029573053,-1.3862695358883546,0.005449368992023918,-0.8075450503450549,0.07296793505021323,-0.9552365867812235,-0.1017543246161161,1.9854034705724943,0.27411760954524356,-1.6650401132359838,-0.1614852077665296,0.16990533283412038,-0.9798021671369586,-1.0969550935834953,0.5236669371022885,-2.242375139664048,Ok,Ok,Clean,Clean
1.8559696358935254,2.8229381481091984,2.34151071949771,0.8591496083525928,1.1102781106750252,1.6921194604201046,2.738238125374665,0.9553437398879167,0.09728748856798114,0.5274796020565982,1.4499538779175247,1.820569008176827,-0.5181015054868929,-1.9418709751181848,-0.9789672608240898,-0.25445546375640554,0.6897560377198966,-0.6447435084859859,-1.4337061197201808,0.35703664338933894,Noisy,Ok,Clean,Clean
-0.21131839775123631,-0.7181503480076501,0.6192768284655957,-0.18807525691252658,0.35320195370658236,3.596712609764115,3.1242303951077806,3.8567882739432098,0.5641601279537037,2.1160052661654865,1.5757742527792333,0.9565388187165181,0.6032887114698926,-0.1858369568901347,0.8407506523887008,-0.7668395596310882,-1.1026095932158222,0.24911120025211556,-0.21393010286863406,4.913231846725879,Ok,Ok,Dirty,Clean
0.06062053728632835,0.2736080837669227,-0.9110419866966148,0.35339571743639175,0.5049056215801508,1.0546577873836613,-0.7523236445944078,-0.33730647141589737,0.06804355345032378,-0.6776750257638221,3.4005589221398917,2.9554102496088195,2.292741707592568,3.233440021397602,2.3470837483845965,-0.2618668060075716,-0.10653963252941981,-0.7921632922567581,-0.20143920311060845,0.27822570360935067,Ok,Ok,Clean,Dirty
1.1160236543735849,0.6060295273377698,-0.029183644294755843,-0.4768262565189568,-1.2958880533525379,-0.6214932897864514,-1.2592511456986448,1.023462562164167,0.15673716165820073,-0.9206636552217743,0.10613169984158227,1.3502382796283763,0.15773613151705992,0.42425452032886607,0.9013527889501491,0.35634034669893966,0.8235943739185501,-0.5581055138287887,-0.5148842304615612,-0.6077982221429885,Ok,Ok,Clean,Clean
-1.1771082654019804,1.0909008190835328,-0.03883273821744128,-0.3075572673348775,0.5447678016371827,0.10286541264261433,-0.6455935041803159,-0.26331553207643993,1.608314695556436,2.8157478128023854,0.060802627686227684,2.04927411333973,-0.8482187427275,0.3671374751661096,1.9053550521546596,1.7624376757923024,2.0972600971391637,-0.5093695360745476,-0.9919428352710512,4.688478738017873,Ok,Noisy,Clean,Clean
0.7102606088594443,0.13522895550576103,-0.6221691744458695,-0.3875827737500717,-1.7054632229622668,-1.099482087903198,-0.7614999532814943,-0.49118612315830906,1.297294874228805,1.83694587389123,-0.4440434502650364,-0.8170316296345358,1.5848371093453677,1.0113429358764008,0.8875882535984384,0.8285869688557305,-0.6040823899884035,0.748345289467101,0.07926069207002635,-0.9219765669873208,Ok,Ok,Clean,Clean
-1.6472464122985435,-0.3671259806473864,1.4705914688540302,-2.1594367489347026,0.413283150884583,2.234891960483166,2.4181550687960804,3.7209226912259044,0.6421935316873079,0.04211971425440775,-0.5770609201726371,2.618704332901823,0.06757454637042207,-0.10550821380627148,0.9949384164124718,-0.04196768862073506,-1.1957470228148803,1.9555373421028077,0.18205425338862405,3.962982287312876,Ok,Ok,Dirty,Clean
1.0470522843795096,4.234697310824258,2.993675532451135,2.028895844751635,1.3774598781140757,4.250664114433625,2.256093841232195,5.470457064183285,1.2106898889320035,2.292874533462366,0.7426475905419074,0.8898668471173246,0.0203915874793857,-1.0095693210395085,0.5692644151118146,1.4177439462865034,0.9936158513944293,-1.9950269496698851,1.723571581490092,2.664658746265019,Noisy,Ok,Dirty,Clean
-0.025262711183580727,1.2992470009560513,-0.7980639683026735,0.5962475653196432,0.7021932331399555,2.9878006137645157,0.8116962423542281,1.7251343846717582,2.7834593780692996,7.087544871077852,0.6853522037923393,-0.8477236349593406,-0.8163865247208195,-0.9513304890173991,1.8713597019193098,0.3470610501306605,1.679909858985123,0.9959356976647351,1.3221912105391314,5.922751618513975,Ok,Noisy,Dirty,Clean
0.30421028025498525,1.2930668432904897,0.4342595122368169,0.8243270021883425,-0.05924823194974902,2.645723848600164,0.8911233829727367,3.413018363249162,1.3308803142883305,-2.495248512748822,-0.1949507985359334,0.20114386951462956,0.15925280049418516,1.3466014157343122,1.140183947868392,1.9846717894673145,0.5476097831500202,0.034936734106626476,-0.5523864981958194,4.805566825857247,Ok,Ok,Dirty,Clean
1.0741459882149997,-0.8979259645826339,-1.2702856186861116,2.592878935264255,0.8212799898124657,1.4621930372402367,1.3959596431817447,-0.6578458901503744,-0.34400522556557844,-0.4465339091022112,0.8608573236433502,-0.5206522768956308,1.6699152533029005,0.09202622689143525,1.1713743061722763,0.398632707195189,0.11976716626286696,0.9511721484740604,0.7542260605903973,-0.2944068288766581,Ok,Ok,Clean,Clean
-0.6109864353774046,1.9874267569130348,-0.6046384403280307,-0.9681423606606063,-2.2360474875778156,0.1547765257707712,-0.6991604748958742,0.9282019293300913,-0.998820709054018,-0.19810542434092268,2.8086025252852433,1.2939219561656319,-0.5645766191546272,3.9797842273696387,3.2938172289513767,0.1358316790169599,-0.040434784651111305,-0.4892981111838162,1.1171492384452735,1.0862592905722497,Ok,Ok,Clean,Dirty
-0.68659422770291,-0.813928732138261,-0.9389693491883963,-1.1350299176391758,-1.0950242349731747,-1.220117032860443,-0.7987776265859802,-0.6885925319759414,1.9162395521442706,3.883681648022027,1.3152724668746976,0.170749611539263,0.7383663918629453,-2.081531246234851,-0.24452510049296355,-0.6142518420603837,0.6720728727123976,-1.0203049247697225,-0.6058763525064975,2.564634544474784,Ok,Noisy,Clean,Clean
-0.363137567591882,-1.273480544251832,-0.19777055785258474,-0.9045098223705739,0.4370155389759463,4.410696118462931,1.9718789002650832,4.309783519304163,0.8001287559663712,1.9574552634437168,4.0775498368259235,3.2616166079185414,2.0945488755523756,5.474434004917781,3.438755862869518,0.8837696163685302,-1.43982673975193,-1.2454116848129382,-1.4971409703693772,2.2266694065432535,Ok,Ok,Dirty,Dirty
2.9329795608760976,2.7424097348563903,0.8755568171019155,2.225294864534612,1.7885527368480616,1.9335145109857232,2.698171932912176,0.08153999617917634,-0.5718570185003202,1.1712254075019417,0.5400206892852017,-1.4988977722469905,0.6449989623179748,-0.7196396816948604,-0.5788469900719382,-0.1320040198625013,-2.136241525223459,-0.8861073356449273,0.6192890438043338,0.836080426057581,Noisy,Ok,Clean,Clean
-0.7113443269084319,-0.7003923006924723,-0.6380075930464424,-0.050128165767670464,0.8148283086985973,-0.6370779445506577,-0.22259091436684378,-1.823133091618741,1.853532117256522,0.9131068577266157,-0.3608231963430732,0.5267411330073718,0.37303035321606987,0.4262712806936996,1.567313436654243,-1.7807120705251378,-0.3481250084340456,1.6678423355763765,0.4591440633581752,1.515719337126964,Ok,Noisy,Clean,Clean
-0.680673496554565,-0.21742404861275114,-0.6083961633242053,0.3850712002153071,-0.22810981475119574,0.5017905646692793,-0.8208393552697706,-0.7910472631582197,0.15446674413795458,-0.5643613193319528,-0.5109448088474019,0.5536294361900265,0.861605293597948,0.596603871820477,-1.4724052162549748,-0.1710618217130158,-0.29051192852726615,0.2789681146391705,1.1565821752974654,-2.1808248390579497,Ok,Ok,Clean,Clean
-0.7372623814923068,0.9592949394605741,-0.22378016177041463,1.2455855048629805,0.16637514412244486,-1.7947915948295459,-1.1991521159131107,0.2966458927484303,1.1918645153395278,0.6449656656674867,0.5185774855354315,0.15406559460544014,-2.1936550748024644,0.06595175688485858,0.29914373070462136,-0.3392638594297844,0.49573070168909855,-1.096980121966133,0.1361785691789188,0.7214846898468936,Ok,Ok,Clean,Clean
0.20850296408002728,5.293000915668102,0.5488494342729614,2.6986183122680223,0.05441671121519169,2.8747130496876028,3.0978390130983833,-0.37840725124436514,0.39816722614319955,1.8689391587587545,-0.3357963999345993,1.1762406900664963,-0.5788588851585365,2.703146942498594,-0.6433915533773787,-0.5031574387300565,1.1298331088555944,0.6488663090918535,2.320220747610767,2.164498569795478,Noisy,Ok,Clean,Clean
2.8169503849429085,1.7958053167723418,0.08075360602494472,3.8295164464417746,1.0231613917145985,4.404697274536462,4.436106631163866,3.8067693781848417,-1.0182651092067811,2.9790012785654265,0.674792897479081,-1.6184987415124017,0.512324772899243,1.0620573332537513,-1.3236076516382516,-0.7225177988881524,0.632621290787263,0.5312293814992115,-0.2225325849915531,4.097391018270795,Noisy,Ok,Dirty,Clean
0.1499263960867957,1.1276066931762196,1.336084786090244,-0.3139035472363507,-0.6824423199113713,0.2507009931284114,1.534096255096879,3.235101711085672,-0.5545344791571865,0.39793183040032576,0.9158964541750974,3.996313108725304,2.384877724202224,3.282926175282445,2.4959171102238003,0.33560019804330604,-0.2826164581236166,-1.638775939421907,-1.1895039641258816,1.1017811074587933,Ok,Ok,Dirty,Dirty
-1.438883384534221,-1.2449692532357246,2.265648072548327,1.2407119513245626,-0.4056668633996208,0.1931878518632816,1.3854144396020904,-0.09515401264837814,-0.7504811567381974,-1.8343246394755168,-1.5067798967309691,0.45838343643901613,0.16840746781793287,1.7605475556572612,0.7651259159324514,-0.1950808122569932,1.1958662713659092,0.960704749047546,-0.1837672081171659,-1.767940631337977,Ok,Ok,Clean,Clean
-0.9326239719022864,-0.09430293344254075,-0.17791146778516778,-1.0673723318828865,0.3796969076126234,4.894279009862832,0.6941342633376614,2.4834086412365712,-2.486398456229237,2.1287978252246638,-0.6907301152665495,1.6547219524481618,0.6357816347298282,0.4253492582155527,-0.12812086821467916,-1.474613763926468,1.533861750973588,-0.5942303857316974,0.8513786701946846,2.1625179811073285,Ok,Ok,Dirty,Clean
0.24685235545632744,0.34769327489921614,0.1263800739864189,-1.6120297434314022,-0.2903354512077786,0.026534423285541543,-1.53656052872534,-0.31323101935696956,-1.251484028306165,3.7471059254425074,0.14962248819162585,0.6603877765661591,-0.37426250085865725,1.171216232470457,2.8342787006998242,0.7879762693164747,0.5098521186715333,-0.002842618662342262,0.858650695014996,1.3542833572881599,Ok,Noisy,Clean,Clean
1.2773470371633069,1.439665299927625,2.099928965791803,-0.44783647963624523,2.230475660301795,1.6991933294058401,3.6596312662894994,0.8350762742157869,0.691231729983623,2.002294583414554,-1.5647265719604453,-0.14050165432180517,-1.2210780871271558,0.05752168523845673,3.0029269822521534,-0.39247434375123785,0.4080537218280274,-0.6805659556326483,1.7151508932288047,1.4890624984940957,Noisy,Noisy,Clean,Clean
-2.5223468958725754,0.1205831055372875,-0.5405221730566678,-0.029639979646324404,-1.3687756329002132,1.4578742692284683,-1.9908329432635512,0.5197613529636809,0.3860799864453771,1.7882334425380453,-0.0554489061499803,-0.09918080445055062,0.8534712354201383,-0.8450563222995867,0.3877703506852567,0.38881756339980933,0.013339696996126625,1.4274669070656283,0.3067068685564231,0.340946084724764,Ok,Ok,Clean,Clean
0.17357596271359604,-0.35543462459876507,1.741929298974579,0.8139187763702024,-0.9461767960096464,0.7734100092520807,-0.34330174927065393,0.32696787830688345,-0.5434128232157093,-0.8787687590322907,2.8028608092494935,1.3909563962311615,1.0201844176833612,3.1070660786695483,1.7002376608084637,-0.2971320507794668,0.7809832101907633,-2.2960217336262856,2.320718389818357,1.0964593341269704,Ok,Ok,Clean,Dirty
-1.4115108425326481,-0.638298951739397,0.18893621847258582,1.192316481991767,-0.6867745154651631,-0.7115980896131017,0.3531768442319802,-1.419799629897109,0.5735382910956145,0.4108950131945831,-0.0728021453531321,-0.05881819229637127,1.5902735267188752,0.6304821054700008,-0.0834910804717124,0.32347759930043507,-0.3503945747306257,0.5648488262237868,0.5050578898174085,-0.3853170924681719,Ok,Ok,Clean,Clean
0.5763150628131001,0.29484892714487954,-0.5043825571865566,-0.6387918507471851,-0.8125480745749485,-0.6992942617262329,0.4682560800657688,0.9194753130254004,2.686213529376586,3.418699421103031,-0.9849638156638856,0.3382160822616976,-0.6144597806141591,0.6220269882742379,3.11493021852789,-1.7657164336408893,0.04390553039784505,-0.19920460578642776,-1.4089869067373204,3.7007689519923246,Ok,Noisy,Clean,Clean
0.8358553631823743,3.2541087898648122,5.979643997242142,2.0797715421670526,1.408746145776952,4.5584290321690135,6.658769609843279,1.2491006498736137,0.5915404038481439,1.2120235548368574,4.58933405220068,4.300898481314543,4.897431497940264,3.6088706609828636,0.75036625305816,0.01796198651882505,-0.4476558327512925,-1.0042969174905882,-0.41356761720219787,0.395617762721847,Noisy,Ok,Dirty,Dirty
0.747377777216774,1.1816748073194983,1.1685687717426139,0.05044019646434715,0.35211722703269666,-0.5619902545637093,0.5674235040704714,0.543427223201252,-1.1296806570484468,-0.8519093666951358,-0.9577555166262541,0.8338489787773946,-0.5072456366808288,-0.28454646089082897,0.3968357592319925,-0.46302013092970745,1.2777994308722054,-0.31233441926697797,0.7279166016069571,-1.1183302905077497,Ok,Ok,Clean,Clean
3.3039872193752293,3.4456862082134307,2.3518842782710307,1.5094727935402485,2.8133659269988693,2.469954883160979,1.0958443448004755,0.12613407860290787,0.7012132557537663,-0.23135931182829814,-0.33572344399628484,-1.0340392160647023,0.04892504310853736,0.8342574130879278,0.2892014834933963,-0.5692972456803813,0.5721939840708896,0.2639761525777774,-1.0291802616871175,0.9936664236274152,Noisy,Ok,Clean,Clean
1.022673728093012,1.0251406982108433,0.36586020040607037,1.5472741025264423,0.1340572809075165,1.3430808411517317,3.185307012632526,-0.39123802518247497,-0.6509197050687341,0.5898900353595062,0.13053635753487644,2.0559592262378197,0.035713148837736006,0.2523315071356095,-0.14684628217287382,-0.4046018888063238,0.23928712514315972,-0.3726927365411888,-1.3230167147911898,-0.4388273413032141,Ok,Ok,Clean,Clean
-0.7773672503066197,-2.0131392090638194,1.2439665705406637,-0.00738054648980974,-0.22913783157546674,0.07412759346385955,0.7419080292579071,0.6110072474809616,0.7318953106898638,-1.05953833027983,-1.4234774082122024,-0.6640847156466027,-0.3889420578059444,-1.878466212000967,0.8913708662784687,0.19174720435034523,-1.902521869686008,0.567161439206936,-0.4303199504098831,-0.22252320439402784,Ok,Ok,Clean,Clean
0.22457566175380583,0.09229379817679677,-1.602319588907698,1.849906851468295,-0.8342769252380726,0.5505027425698578,0.08380006063023755,2.0134950707185486,-1.8683580064953997,-0.47918104706882586,-0.5379347938829864,0.9246552623439943,-0.48186298589150056,-1.0422082417160403,-0.021491847126725618,-0.23687555865895601,0.41486469897147016,0.544193576256724,-0.9529094277990795,-2.7156053794866466,Ok,Ok,Clean,Clean
1.2015359506617458,-0.9913214352542297,-1.1230005028844814,-0.811480989119332,0.5916947705424572,0.5499168008000388,0.3821183658087553,-2.4237553855799354,2.549025146403318,3.041468651448107,3.841322317662265,2.504686993139566,3.7602085145032134,4.255045091579978,9.752453415208324,1.0816821799868348,-0.237248929007564,-0.42343756896097434,-0.7147184217381047,1.40083975413519,Ok,Noisy,Clean,Dirty
0.44736096372850837,0.2022735590339307,-0.6455267775925351,-1.785581890985438,1.0020188109002106,-0.06719780745561904,-1.1129869059277864,-0.7536089375995031,0.9199464621472394,-1.7802035632545403,-1.2197247264747155,0.4044301863351426,-0.33784320677631535,0.35650498596881697,0.6560330652044123,-0.7036342498912512,-1.4011082253454141,0.24166176739812065,-0.032451371279127984,-1.1310371140979976,Ok,Ok,Clean,Clean
3.1442008157239343,1.5997942249568913,3.3685230481090875,2.5393070374835927,1.6811365819270299,2.809261710287105,3.1233749999488634,1.0061342266470032,-0.018645619693850184,1.38723926899746,2.6298414262854393,2.670138812395672,0.8949260552771457,2.121532791890451,3.9178651979723487,0.9147448693511452,2.2885007648606353,-1.9385068616830363,0.6944478136596416,0.49047816962758434,Noisy,Ok,Clean,Dirty
-0.7690174394616579,-0.4315289994306687,1.3109806450882262,-1.2629496563411673,1.625230439294652,0.6774398751506584,1.4542140704481585,-0.26061714364793803,1.6724472512951407,3.855814289208828,-0.5717186154790191,0.07725344616335716,-0.27979192531610225,2.2682181403300294,5.3220600753070615,0.4332837055486194,1.2994941902120019,0.26203646575433864,-0.2724410503248909,2.364893872177489,Ok,Noisy,Clean,Clean
1.6422367430138645,-0.6573355049333099,1.0226068256977006,-0.9803775542544021,1.161037092476339,2.9299085523777384,2.607879836781977,4.157289611118337,2.6125185810327824,6.818451055090712,4.210551852717259,3.212462508449323,2.3122457990010896,3.0551661225277935,2.292318070086268,0.1190758155674765,1.6197087863753346,-0.3810577366250123,-0.03384857287800293,6.28754031718273,Ok,Noisy,Dirty,Dirty
-0.06874416687705957,-0.9607093332780584,-0.6412681363711399,-1.106970809458598,-0.25228634988756804,-1.1378121400068963,0.46839031952751126,-1.6016736783052832,-0.0012835763940812028,-0.5526992200929745,1.6559319886445891,1.5194924335058229,0.693924803939673,4.320276709209396,2.6513686136418158,0.2219945605912807,-0.1021649841968752,-0.35105808810246186,0.7824358383655898,-0.1999471147992829,Ok,Ok,Clean,Dirty
0.08011682989402948,-0.8443721946802883,1.451479649303255,-1.3457192881234017,-0.06180395900234752,-0.4567379017883946,0.28580406313835705,-1.005052956657765,2.734970727796836,4.985624624036518,0.2866126831555555,-1.104938078565628,0.6598053890472435,0.304670262207749,2.0708414288679635,0.3688131731672792,0.7399154548741469,-0.46774875713280023,-0.9011286247392303,2.4599593145459915,Ok,Noisy,Clean,Clean
0.3203696548752844,0.7925765429624178,-1.343312370894284,-0.09109268557903577,-1.8658789566485383,2.6484257157274063,2.2179833489204652,1.0098346101408713,0.12603170678857617,0.6887116788360031,-0.5407926927975569,-0.26756066738144924,0.6513580217188524,-0.9602941918093998,-2.0014884412898586,-0.9932516815699476,-0.08237059008725414,-1.3164886166949472,0.24741096336806842,0.015391083742595608,Ok,Ok,Clean,Clean
-0.10132488737750271,-0.8186064619159062,-2.2194345478881092,0.3529951592650937,1.0171833563591972,1.4903329282069775,4.281978780085263,2.2840519388442115,0.8993338866672811,5.973363717745347,0.1143530282324536,-0.7424421268402784,0.8925293386216664,-0.9939687112229506,1.6086745773606033,0.18127327580870997,-0.9435778323116746,-0.3137596389873831,-0.35364876043517873,5.906369874841938,Ok,Noisy,Dirty,Clean
0.6776659623592244,-0.4945190830277429,0.1656378484377009,-0.823150950739745,-0.11818507049466671,1.3105242312227285,0.3798869937604238,-2.068153475590112,-0.4515694400227075,0.08196901366407293,0.23912404339392163,0.49428407781023814,0.536872079327679,0.119926095129146,2.0747639862626936,-0.5299668732815918,1.1376123211372462,-0.5081566571202998,0.2418589910260115,0.7351354531926108,Ok,Ok,Clean,Clean
1.5592272927246194,-0.22006199907231777,0.47001075018140137,-1.9753982495300964,0.14444922038348385,-0.27438106174416316,-0.21487258959582922,0.23628938085006415,-1.3049058215197427,0.9080099307351459,2.20925826029198,-0.09892815889158366,1.3440474557478912,-1.1403820440104615,0.6994544122826837,-1.37916879380775,-0.25793410173543263,1.704246028266146,-0.6667694993704714,-1.687477231965632,Ok,Ok,Clean,Clean
-0.31868170431368664,-2.692437439561035,-0.19262401185251135,0.5837342244583843,0.0017835134162077755,-0.1081968363108242,0.2191206670021999,-0.09192227733028592,2.917835022081915,-1.4258261833697439,3.881969037808559,3.192912239694006,5.992197361635892,3.9841781454019807,2.7675353598543646,-2.06131901515611,-0.610499884876581,-0.26220003864273533,1.0191399393583283,0.4288776405615738,Ok,Ok,Clean,Dirty
-0.16209593254983798,-0.24814006932388355,-2.2359361857815063,-1.2856350325066996,0.1243914230052264,0.20622014658639934,-0.6422676599596358,2.140597250241634,1.5857067651102423,0.7483467648927157,0.9419514640773242,0.3551447533982418,-0.1071008578637833,-1.176829032105907,0.10341352932722013,-0.3188794500715267,-0.4373481211839552,-0.15396473393460597,-0.668351405378369,-0.4348356660586506,Ok,Ok,Clean,Clean
3.223534953328767,1.275726289129772,-0.309449694080468,1.2611050175172955,1.6992057692575786,1.2777589617102338,-1.1033354433960172,1.264504523278126,0.577159754562046,-0.513491940194089,-1.8283138794023273,-1.0281644338381015,0.04008614777198798,-0.05095074335157786,-0.16188136158950858,0.4108981063299517,-1.3076156337538272,-1.2539343219570116,-1.2749445191044382,-0.9906631170972989,Noisy,Ok,Clean,Clean
-0.5209267746957785,0.09171526856222528,-1.361030901910207,-0.14505748106167304,0.291072545251042,0.14088998948183806,-0.24160911872064955,0.5315613171420308,-1.2323402569266315,-0.9780954357901027,0.09483331010384184,-0.01211029238981268,0.7153801284339555,-0.24636625192794048,1.8714260432134322,0.029782000028342352,1.053924858053989,-0.6521216915206663,-1.7346677926818879,-2.415531583674131,Ok,Ok,Clean,Clean
-1.6296571738290455,-1.9237490057372304,-1.6211517507355782,0.31176014081150155,-1.051618634976247,-0.23753114985675824,0.07775638393422181,0.22128145329076765,-0.36525268268391425,0.98436450176497,2.325128490863098,3.4885414908938874,3.6080805906569227,5.031287351991058,3.900546505021585,0.5595520534093488,-0.08730165036929405,-1.0999754543800768,0.7559401315123846,1.9823937587322622,Ok,Ok,Clean,Dirty
-0.08628612738454063,-0.1068745660380245,0.6162368432674935,0.03955532140133933,-1.3813922604222482,0.23582933049560273,-0.6968924001994053,-0.23547481899354095,0.47750832280860905,-0.5991121537387095,-2.0632081221283554,-2.913961464238285,0.07334132880867535,1.577518709147522,-0.059654116165322575,1.1526207454942279,-1.3563801536752578,0.12830906657170987,0.4139341608602814,0.7146310956836629,Ok,Ok,Clean,Clean
-2.2687411978658196,-0.5851211427877662,0.24769596778342573,0.5949954015457073,0.7613898164490803,1.2648621043942803,0.7855539106947995,0.4401510617234657,-0.3778799181529383,-0.9600797476495962,-0.4061853275384907,-0.35854592566707305,-0.742209896398841,0.103251706639404,-0.10550537892780967,1.055417847577243,-0.8006665732719751,-0.008486477568748442,0.9011646273703734,2.2276883996534296,Ok,Ok,Clean,Clean
-1.0400711234067632,-0.35618736515107036,-1.0462232538302023,0.4189727970835152,1.8338986749229549,0.7601575897826551,-1.0648679570703758,0.4119703837065034,-0.6007257762695961,0.4235980319834552,-0.26194578329380647,-0.06752530155656115,-1.4693294820976914,1.1465768297402792,1.5879829438381392,-0.007887882019457868,-1.1037847639610021,-1.443210648190808,-0.31770670720219196,-0.14192420257368898,Ok,Ok,Clean,Clean
-1.737654725273139,-1.004559205333198,-1.335360291687312,0.7146839378059046,0.5630104011356534,0.5099300758295822,0.36525170697002945,0.5155045264383183,1.4322818646337108,0.6476666723927895,-0.28909035934194866,0.03895511145869724,-1.8117677409105168,-0.6320363874978832,2.5430701028680294,-1.4904451465891817,0.4001834754976382,-0.8038647025370668,0.200884010076267,4.1824811430787525,Ok,Noisy,Clean,Clean
0.8993904481135216,0.08317051819340358,0.3237820156877656,0.15325526859151015,-2.339811692534157,-2.1795106227359367,0.6239208427826738,0.8216269680832813,-1.6730604789695982,1.2282660702857986,-0.03124572435945699,0.0457733946302713,0.35398772316997584,-0.0467559998667125,0.037211882167130984,0.0588358575821997,-0.8166477745371882,0.806952085898441,-0.7769636347381069,0.7678918551767535,Ok,Ok,Clean,Clean
-0.8739375465749692,-0.15634408388499416,2.1379299812678023,-0.6363300841060767,-1.5752322283241176,1.1407412902626923,0.08906347436954767,0.8194363040040306,-0.26251643120522555,0.0871635224543152,-0.02007513568136871,0.8677416095406485,-1.3348368675333107,0.5389159635086473,1.1288166187080657,-1.083900975158838,-2.2417696721083207,-0.13601020629909283,-1.2095666145828896,-1.7112006419421821,Ok,Ok,Clean,Clean
-0.41276135160306393,0.9547977721793919,0.5776843982240538,0.008917025536263183,1.2310979503034536,-0.8389244371686747,-0.6820389752931215,-0.29608515142138087,-0.8157278547252276,-1.2812692970978334,6.0672151651634545,2.217839537579503,6.544360832684745,3.488979084649983,2.6319000520307814,1.376909310705515,-0.05473204026528844,0.29307781829958035,0.5829968555818754,-1.3953732840285782,Ok,Ok,Clean,Dirty
-0.17651088022406877,-0.7069007146545845,-0.8656369379924173,-0.5055258527750294,2.0554930746043976,1.214483376116248,1.6198684671672121,0.29857330571279417,-1.0619620717115725,0.9757863434847701,2.3903189954228408,-0.07023944897399836,-0.1885954334170652,-1.0109355238295321,-0.03372895429054885,-0.6997309648947049,1.3149034399217219,-1.8870829551868955,0.6420232265243421,1.5478353798852122,Ok,Ok,Clean,Clean
-0.3902916553987038,-0.32709237066568975,-0.6904162183991495,1.5247581457262753,-0.6590659470784483,1.697721178037141,-0.5091849913223442,1.2412845095987632,-0.1614399154255334,0.7811604610968009,0.6122287301756106,-0.7648598370213869,-1.6159462522078683,0.1397894186337766,-0.8127308967133565,-1.0936567931742949,-0.9779117159864962,0.7311418854417409,-0.9052500774907295,-1.0396325672967663,Ok,Ok,Clean,Clean
2.344214502511802,0.7706300490178187,-0.47162161425564036,0.14275246465940192,0.9766348231482698,1.1499991605617268,-1.1889735350175983,0.2650293060579554,1.8916369128247454,0.18041635736168038,-0.522257219088941,0.16726782816233143,-1.837396220415105,0.31963572523160017,-2.090236584151354,0.5941252854344727,1.7273022608278483,-0.0015044373603269644,-1.5666325575620443,-0.004037934328625687,Ok,Ok,Clean,Clean
1.8512062216939202,3.864016749925083,-0.04221981292048357,3.814537735174597,4.193646368493304,3.979649627212899,3.520913828544353,0.879543343163357,-0.33465037654247737,-0.8605765337391537,1.3402880995766828,1.0947286095966677,-0.3001313902997832,-0.03354589841005015,0.023501258360259906,-0.5207128948931046,0.4747690230775879,-1.2386772912470867,-0.671073827181025,-1.0823339129594036,Noisy,Ok,Clean,Clean
2.192875187611246,5.821032528951069,3.032921482901608,1.5654888248390928,2.3805514923481654,1.4392100184659338,0.9654404180744661,-1.1341012385011362,-0.6751538067803001,-1.8499451793511397,1.0260351616207117,1.336908553469712,3.4168130230937757,1.5251056122865139,1.5994640065642403,1.1314164004680796,1.749873829672593,0.45737275155006035,0.32717926024299737,0.0865964695634328,Noisy,Ok,Clean,Dirty
0.35624598825605264,-0.33635798047922744,0.2044943196708906,1.0769636130280786,-1.9748706981507558,2.2446193567469175,-1.3953952585532101,1.6293376907754793,-0.54461655979773,-1.1713624976314743,0.3786836077682358,-1.661600147692545,1.7978139326845146,-0.6884579787606457,-0.6981327196985168,-2.208934788196391,0.2942655984051529,-1.098581391773866,-0.39807559544661497,1.2228837053097579,Ok,Ok,Clean,Clean
2.3677573790447197,-1.1685626939228986,-0.1447341163887097,0.7523705195278033,-0.48149149274879516,-1.1830645908590611,1.8704409587412834,1.4133744143650104,-0.15033488066362297,0.45835695463391907,3.7019160634550077,2.4559640706319126,1.5664669657385144,5.700519213364784,3.287710139892149,-0.5093140054083009,0.5589004561745882,-0.1836426196244561,0.9430752735776322,-1.3684969192529013,Ok,Ok,Clean,Dirty
-0.6836013201557958,0.29061143114907584,-0.11165173721154378,-0.11810953186418896,0.6977260497830426,-1.339597097504082,-0.12885464211577063,0.7457486241453943,0.3313514196902982,0.10844920231828847,-0.20917848014576704,0.8147192060216288,-0.4049335079940397,0.20621838665835787,0.776069108294402,1.669835522990228,-0.5629489595863902,-0.0505760903966955,2.4380622822147533,1.298498625887157,Ok,Ok,Clean,Clean
-0.5837857143574248,1.083845490477931,-1.9337625506953167,-0.4378875707336588,0.26765523593285667,-0.4833867529636982,0.4307449423438607,-0.5865731250746309,-1.4398036675226231,-1.1981529800994037,0.1789986820046126,-1.4343738662708092,1.3450224307992555,1.5988762644267873,0.7108066878071634,0.1419483429453512,0.19284448931120765,0.22112160143985052,1.3460956892634923,0.4130368780162295,Ok,Ok,Clean,Clean
3.9269045579580286,3.93246681044238,1.7694328146979033,0.7270636173159228,6.106917122892128,3.199717574716297,1.8265456857334768,-0.17049771933414642,1.1828348289133679,-0.6712383537576827,1.3735936567026235,0.8669116190655096,1.736215619436287,-0.026518158333890998,-0.20015955874831573,-0.6069260671603933,-0.07299531019286429,-1.158426530730772,1.0322624127703046,-1.2353608470590758,Noisy,Ok,Clean,Clean
-0.9553333337765598,1.5101746619770153,0.4504741980564095,1.4458219366306462,2.1179637833503993,0.7542019472913517,-0.25538166354676345,0.9327757930418755,-0.43845939184489213,1.5562271843443047,-0.2167204441889576,-0.3874384259590594,-0.025026650681846493,-0.7060310907992002,-0.8023184262495433,-0.9933703121698576,1.1362778340073203,1.6639167458574495,0.5810861916432579,1.1981739397797782,Ok,Ok,Clean,Clean
2.0274428775156585,4.551303277057464,2.1361296430737498,1.3004899322895975,3.2903188198958984,1.3450983962594607,1.9266817622548484,-0.09586709101727801,1.222154345518486,0.8437649262024557,-0.6621709868727871,0.3181896621197119,-2.2298052905856984,-1.113868026495659,1.3096002038553731,0.04315593701574021,0.700366514120096,-1.110387608621686,1.62087705703511,-0.009618356688471908,Noisy,Ok,Clean,Clean
-0.7459734101322091,-0.09362904067463959,0.14040042896367091,1.6005010261499462,-0.14560268412353838,2.442368691029472,0.5733586390472105,1.4870217424448662,-0.8126382500445548,2.2446791105838697,2.683116982605471,1.3024753689743038,2.775435820359035,2.5772042105828534,2.4451945565906374,0.5875530924143838,2.892494483833984,0.581177024466984,-0.44346618483037126,3.798605714629525,Ok,Ok,Dirty,Dirty
2.6779482296496893,1.0204286179982112,3.8396909351433512,3.329262831356126,2.0905076837253613,1.896283907718445,2.9271823793871015,0.4039654668890583,-0.7100643943960278,-0.03968427171921962,0.6512241758249449,1.1448226993314625,0.13581008278817358,0.3765493385132384,0.12453957344383061,0.2491896594618535,-1.1615538158244454,0.039191674581492,1.3872915765066542,-2.1999201638086414,Noisy,Ok,Clean,Clean
3.165558963442411,3.509005474003046,0.7484820168059935,4.667489053213901,2.5282287826320404,3.49826794237489,1.153717830023546,-1.2617378757770061,0.6932432920899297,0.4385652670421835,-0.05939674769885237,0.751871846207704,-0.9486973021974515,0.11244535349529168,0.7050657526554418,0.9481328446064574,-0.6905196707811508,0.5802553384069207,-2.2316682684248774,0.10812820454017365,Noisy,Ok,Clean,Clean
0.9326079333957702,0.7469676687767238,0.6448994657225104,0.893971318841859,0.2315128562619172,-0.5050554070357529,-0.1979250971583213,-2.3703790721328613,-0.2006956386151352,0.5612628986211907,0.9219624433085196,0.15065306379497595,-0.711643779397242,1.5100821688095132,0.6881091571666421,0.30420449655526166,-0.11281784075546789,-0.27535439769159215,0.28428300478264046,1.358691847656932,Ok,Ok,Clean,Clean
2.927241948084025,-0.6562778886983847,0.06012116604131565,0.7278511091580423,0.4286730417619431,0.10145466481117214,0.47914413575689574,0.45225579029322804,1.2520119895608453,1.5401897134723432,-1.669134307226963,-1.3253259771632286,0.3430709323368559,-0.21615827409882526,5.247107242047783,-1.0779459645012783,0.312935770138354,-1.1212909581769732,-0.022662958193613855,0.4409089791259604,Ok,Noisy,Clean,Clean
2.4197549118959545,3.78886432441826,3.0723549538399033,1.190850631692624,3.9416821113176397,3.033089156263718,3.4823066005492893,-3.4716621748395844,-1.122490035668092,-1.9586079046088507,-0.20245879146378531,-1.320254475866634,-0.9173709909282632,0.013976899946839542,-0.0244845404878493,-2.3907176171744826,-1.417061237239194,-0.19589482321593255,-0.4157196030787581,0.9642844629536629,Noisy,Ok,Clean,Clean
1.0530082332967186,-0.27346208336523303,1.0926112341933665,-1.61763451281522,0.5491582111719748,2.026529792140071,0.13239926406358457,-0.4740725867834281,-1.4036051896441335,-0.5144143872976509,-0.15059255406735858,-0.4052039561804697,0.8796207844853682,-1.9373262793411699,0.3375876458853946,-0.6413580923390881,-1.3833066113903558,-0.26885984630018656,1.4799006141623594,-0.5027015326324237,Ok,Ok,Clean,Clean
0.6515312692381475,1.7671752464490993,-0.9949873793745034,1.4186455758089742,-0.4884878972541608,1.726063776129434,3.2717158896031244,0.8696650990931036,-0.29054714519938285,3.2735319772032785,-2.2766769616760882,2.126577449377374,-0.8557301674873903,1.148428248906563,-0.222711405883252,-1.1899668337168177,0.828886144327395,-0.6844612363848368,0.24158709218938387,-0.788952767553743,Ok,Ok,Dirty,Clean
3.3260998378624365,5.16724558211166,1.0822651640365966,0.7585614198540159,2.799539477090554,1.1956563488529057,1.8629147633431273,-0.762149412807004,2.196251517651487,1.6280821723164633,-1.8609917729648675,1.6160817862311478,1.344788519894655,-0.9471705066995413,4.199194285104565,-0.13934594228533323,0.6922822243845023,0.13327214401444878,-1.3340372604959307,2.551172844515441,Noisy,Noisy,Clean,Clean
0.09844082154612263,-0.27030012847403634,0.11819592484750396,-0.10000958033838796,1.1103938856663826,0.3955092071752825,-0.18216718183223116,0.5084068367017144,-1.0453613030132025,-0.502753593745869,-0.11966170114762058,1.2243616395849468,-0.8687316572291436,0.5834294450374583,-0.6956896703517219,-2.0433311634723603,-0.6861041861631043,-1.1870764863422651,0.15984284957560918,0.029451615651759962,Ok,Ok,Clean,Clean
-0.4878587742604936,1.510385601326336,1.2367710658226114,-0.7601949403572359,-0.2868825271072558,0.9273083442210891,-3.1701687386885715,0.08197623294413663,2.879757841546834,2.938860833147701,0.05159603573655004,0.029434081212453608,-0.35452993909080943,0.7297977113289108,1.2727294158448206,1.3450048721930323,-1.2490195003115923,-0.08936900764143788,-1.0587362563464349,0.6888413747205019,Ok,Noisy,Clean,Clean
1.717465292131759,1.7352481212877113,-1.6045240628286406,0.2510428532640301,-1.8503367612173236,0.15275063335896125,-1.9416034105962394,-0.060676292233286216,-2.6468497200711902,0.13335790248983329,0.3165783733419951,0.857313844418738,3.7394891402484727,3.5410628883663393,4.7256095409047205,0.10428181552335662,-1.1900847880144305,-0.0064631739260735425,2.2544100366393143,0.02032456443396354,Ok,Ok,Clean,Dirty
4.143005697089687,5.393093350712938,3.394148719215589,2.515444278051693,2.369228178713889,4.838794517649528,4.532748159039197,2.1445786935471713,0.9590852031661973,-0.5253537677594486,-0.367753228798766,-1.1260086984165507,0.6151638772881711,1.0422893447640886,0.16707345349868924,-0.6309223901821103,1.265196891271839,-0.15456827465204184,1.0879389197835918,3.881839416851812,Noisy,Ok,Dirty,Clean
2.484573560016658,2.7712993786538522,2.412818214717817,4.18859814273726,2.6406119583525256,1.9892900509704616,2.212891378575115,0.3726115007010818,1.733877200400201,4.256655890213318,0.5076125350486039,-0.11946002036301004,1.835675137646747,0.39866019935834207,2.519814571534481,-2.253917284511503,0.3155355928688043,0.3355388740256302,-1.4068914030406365,3.051919376320892,Noisy,Noisy,Clean,Clean
-0.4361499548949848,4.459846305507188,2.082260955127552,0.38482974452047464,2.1987642260588416,3.7402764038807095,2.9921498925580763,-0.16334716700143467,1.1463268226033265,2.02843500585037,-0.07139793158703106,-1.4454424336760565,-1.232273319273149,0.9285902592631397,1.8589965159144293,-1.3552623862225133,-0.890174395937756,-1.2285166119792954,-0.41489404671126523,-0.5068466970602283,Noisy,Ok,Clean,Clean
-0.45964738649012343,1.5024218479955804,0.6151108634004526,0.5874796995780047,0.9843952315377842,1.3288998384769015,0.0676950857742012,-0.09731597562082647,-0.09337534043594584,-0.39994853778784706,0.6917912658753798,1.1741057907896675,0.08297913450518975,-0.7664630346935045,0.6167799757896727,1.7762805428245108,-1.9911351561181116,-0.029115095916509605,0.05456766265031219,0.28592035058160126,Ok,Ok,Clean,Clean
0.6295165311115739,-1.7425968492801147,-0.02408489828961549,-0.5766980530976303,1.316561665898459,0.11659218303484255,-0.38088154134637087,1.3750572609891798,0.6662372784057607,-0.7777388415517383,-0.16929541802428666,0.5958286819157925,-0.003891902027760561,0.10255327106773994,-0.11138240535025754,-2.4939758897129227,-0.7689502405425307,-1.622086019653421,3.448153145185636,-1.1430595939556223,Ok,Ok,Clean,Clean
-0.2696319826635244,0.32475441194358795,-0.4325218035963672,1.7576134703797044,-1.2164384789515394,-0.2411807032461324,-1.2267631780577044,-1.251411563931268,0.002136944115250332,-0.8896798416457097,3.960377490738539,1.7103882142267666,6.641097759241205,0.7721003984001558,3.2256332574372815,-0.43781658405758966,1.0161445388868302,0.3301319136099021,1.5185474400061345,-0.3166440792740989,Ok,Ok,Clean,Dirty
0.9747065774492274,-0.0034756302387535533,-0.4131880686414814,0.3152127567403864,-0.5223547229789691,0.6283255719138161,0.12626984033405192,-1.1215770534568479,2.153386706257805,1.6328335361988573,1.5334043643243593,0.5761531827135556,0.2370777487692367,0.7011631760070256,2.0791840705380262,0.009363957727951054,-0.173568527062862,-0.30679281151798304,0.5651719513265964,2.118685760766504,Ok,Noisy,Clean,Clean
-0.7785945744345184,0.060896316964727325,0.45353676895922374,-0.48934930708821167,-0.30266367946961537,-1.4142164057089965,1.528619906513406,0.15725066517887806,-0.7693474605776737,-0.44468488269436646,3.0751349113045534,3.428278099020181,2.529058969265704,5.379955903717388,2.932196563262083,0.7896344736919265,0.24805422631550186,0.3680290937291929,-0.6958027229064941,-0.304122429304635,Ok,Ok,Clean,Dirty
2.5372037823089975,1.7688949367725297,2.687137646067805,3.69870238170207,1.1510190682195058,5.747948846891032,5.573768726547291,3.4344654802700774,0.3626053035836292,2.8308733187280084,3.402685130589514,3.923194695324451,2.548871609589863,4.252372097824201,2.4714669834708607,0.4102904158150596,-1.8360662648182882,0.27454159840467096,0.788361796455539,3.415799851899078,Noisy,Ok,Dirty,Dirty
-0.49808404002765655,0.14742109854571214,0.7703583303359266,0.07411816002394778,0.8300447819580145,-0.38776263235766467,0.6460172728229793,0.06796975939446455,1.882024252274316,5.417681162821847,3.1218760397086007,0.7520540917704743,0.9145965529150084,0.8235446441937431,-0.6633241281037415,0.4326637347196538,0.000626582635896116,1.9560010323366617,-1.4151489637435297,2.738777497863838,Ok,Noisy,Clean,Clean
-0.02152473472227499,-1.1737813381736464,-0.28607313692369274,-0.3886826080807015,-0.3431857246757402,0.4898000555861228,-0.07988122410333628,0.21750560463892968,-0.8071191280840065,1.196603924314256,0.7973074415552627,-1.108612039101871,-0.7322609174335076,-1.7888670584251536,0.6313241406064288,-0.07036456278268327,0.6869148689591814,0.19596006572051514,0.7753687549873216,-0.23096427207511888,Ok,Ok,Clean,Clean
-1.6759673265440893,-0.0349882950113054,0.42814779898323646,-0.3943471793771046,-1.1627077848729783,-0.0483964379547998,-0.9169464040359099,0.3189841159202921,-0.36006459460223783,-2.1445956041107297,-0.5320150735678801,-0.002659488933640708,-0.8881749728758164,-0.36381383234874076,-0.7039743355570675,2.2585221301277163,-1.2179770756768868,-1.0019502124711532,0.30129084352583935,-1.1603531678639738,Ok,Ok,Clean,Clean
0.7815356281485715,0.23836583277859816,0.07082307988329249,0.1806049792298798,0.7689499348701612,-0.006108474102361955,-1.5731433669381443,0.7808233786162936,0.2136245841060867,1.6993843744154953,1.3643590620568222,1.3095111276440377,0.19457431500760236,1.9918915748669166,1.076224364918019,-0.9667744757142059,0.5220402651337374,-0.4755607425615222,1.166506296948776,-0.844216969853037,Ok,Ok,Clean,Clean
-1.1481030802626686,0.018039608354729505,1.0594403459277488,-1.315553713741761,1.8940314240485745,-0.19277055970948515,-0.691974080831021,-0.3006859846914868,-0.6777711378153578,0.1994976377047816,-0.0023541446277210334,-0.3068985549016492,1.1547622558653086,0.16300348510102317,-0.3194540237521878,-0.0859205328178209,0.12776385975021043,-0.9847544871274663,0.4459603706271979,0.1874635611455206,Ok,Ok,Clean,Clean
0.5893481442985832,0.6265901563429905,-0.3274474760815058,0.029725653358461154,-0.11214519520681991,-0.8835309201151614,-0.5739691979853353,0.1622227701431046,-0.08760628650253552,-0.40894240450641683,-0.9550915334847327,1.02937242554573,0.7777723536122242,0.7504041457385432,0.2990200522915156,1.3214692185834673,0.39039373534627037,0.2678648921157998,-0.9144160449493371,-0.20347883759932447,Ok,Ok,Clean,Clean
-0.5977616336775765,-0.4231888721849521,0.9096637390000114,-0.605338745389446,1.1979753533077067,3.8042661378683564,0.9473109811168138,1.2159932178240715,-0.9841191289941601,2.6438643910042168,5.072946455483167,1.4815538879515042,3.280088916833198,4.144922498715034,2.336593486293025,2.424552607030923,1.661228370690762,1.3295679590572707,1.7166563820966698,2.113393753636832,Ok,Ok,Dirty,Dirty
4.207496110084397,3.507186532254003,0.3519609315236164,0.9559981043458688,1.8397681182320755,3.5384580782874138,6.475667001328541,2.3527974935701508,-0.5552251214760199,0.578259545141219,4.336746225556037,1.4446212717826103,2.1049007907463966,0.13125619741181552,4.261107963634878,0.7840057554428581,1.743855862590499,-0.7073825918961116,0.9358683750048192,1.8079844563301932,Noisy,Ok,Dirty,Dirty
1.1006080139558374,-0.6032597112404131,-1.2628479190309823,-0.5861274595031069,1.0011468701409318,1.5393685021261592,2.115626632140133,1.7722188482506966,2.159767188357768,0.5607004597338069,-0.5734190800179069,-0.2328074663647901,0.44324072598984116,0.8228897229713179,-0.11704041652749413,-0.7180606195245705,-0.048369169047454856,1.6414077819018922,-0.25858012733192626,4.587027933011448,Ok,Ok,Dirty,Clean
-1.840428581605018,1.6291227806216049,0.24601884835798116,1.2918572200616674,-0.7300993334067278,-1.4740914961190887,-0.15226986804975767,0.29277260933143046,-0.41748243984200567,-0.7603360566171959,0.6324768711798094,-1.4555248795220648,-0.9319939752856959,-0.9488042409518701,-0.876881397694804,-1.4238415779574671,-0.9981944828195973,-0.28163833383433345,0.9918443194525558,1.1085469200867428,Ok,Ok,Clean,Clean
0.7020745676923001,-0.23158730360160665,-0.23591450900434507,-0.33842847759040723,1.3153263090869607,0.28164859713637524,-1.420299066582642,-1.0632062037852663,-0.024872781092454478,-0.35486210161749315,0.01931418734624574,-1.1520502412944902,0.5263810062019344,1.087649319161854,1.745986860919075,-0.14187290657453275,0.567299384406385,-0.5896504743929111,2.2346078335197253,0.23917823516009695,Ok,Ok,Clean,Clean
-0.788177084264013,0.6874566045640531,0.08643207255148547,-0.2706860759821603,-0.13820235756358085,0.007784373209441464,-0.8420948720878891,-0.13090937489867194,-0.5107361688285355,-0.8229547670969293,3.0976985051593084,2.332242889282855,3.1234426862917957,3.8423018044543,3.8870580810331257,-0.5214228113163892,-0.7109110714980104,0.7580257166091652,0.33475231351202206,0.7556162751317058,Ok,Ok,Clean,Dirty
-0.21568929529733122,-2.116408567304283,-1.9284601927719502,0.4151798181738934,-0.5039681464695233,-1.020078213737234,2.1831174523587027,-0.023590221883227642,0.8606643114562132,-1.182469827686445,0.08408772733954865,-0.19139297770522376,0.35068079998400337,-0.2876727887341091,-1.5945768093632307,0.06633790150465108,-0.6597160429090644,-0.5815576338100342,-0.5178146961080531,-0.5577857693643253,Ok,Ok,Clean,Clean
-0.9896967886682914,-1.1443322520380315,0.20751155926966314,-0.5609947613324624,0.1744204566199956,0.9458559690809898,1.2023657247224049,1.0574076528169012,-0.5161058279450478,0.8953604934132251,1.1811643200178943,-0.3155997384008942,0.9162954715053047,0.8733615287251963,0.4829117075060429,1.505261957238485,-0.3880022350117143,0.8117110813536812,0.49531130039195576,-0.34520656704983343,Ok,Ok,Clean,Clean
0.5401145641425755,0.18971465438299195,-1.5888713829737018,2.256801426138834,-1.791028489506973,-0.9611286560323602,0.7252127822992748,2.05663937551433,3.0193744419102804,2.8422891051149297,0.12354241920155244,0.8253528287173675,-1.010101949543228,2.317953108292137,1.8791416254894886,-0.468829428616688,-0.23249904033215185,-0.35254974286144863,0.7955598217516887,0.9989324307016076,Ok,Noisy,Clean,Clean
-0.9016525575186364,-0.5583788572691092,0.8190895104205151,-0.5229200803662961,-1.0182720547750173,-2.3585746633134073,0.21919660734991175,0.16894860145489451,3.1438650977808873,3.4836920497415975,1.419789871274872,-0.10686467493423153,1.107208291160436,1.3737905707349696,2.6854765255845936,-0.39730057689171944,-0.26102749616847193,0.05025871172098216,0.6552215534034386,3.342937756165826,Ok,Noisy,Clean,Clean
-1.3856991379248174,-0.5735972485486336,-1.5113558300460315,0.12200981219497535,0.09235150058936081,0.8188150197639247,-1.0059562961382456,0.31205179784024956,-0.4607473537059729,1.8520067868698875,-2.178341871589999,-0.38113529570133436,0.6288279052322586,-1.138015597817926,-0.4646545110409459,1.744564926003551,-0.8409416260262934,-0.5840440921175739,-0.05344855768159223,1.300735509773185,Ok,Ok,Clean,Clean
-0.2190267512604145,-0.2615172542647407,1.5259798808867313,0.17441705383207406,0.32400641666691615,0.28759553906050905,-1.0848833148080161,0.3245690008793798,0.7571622229924018,0.7489401493666301,2.4090952742914187,1.734249268914793,4.516345384895148,3.11776058175933,6.900839418623918,-1.124849596546475,-0.034359539265866976,1.278126264455644,-0.3744537635541719,3.877985130754287,Ok,Noisy,Clean,Dirty
0.3560616459345766,0.3168112029563649,-0.8366932467017403,-0.3925546113536412,0.06313914692934557,0.9486987863086906,-0.6276026551575146,0.4375124813210422,1.8596916106497166,1.3158014794454187,0.014380388515508553,1.0996691556011484,-2.8787917921591535,0.7880867806333541,0.6526360948954375,0.18688945440818597,-0.13186769085863595,-2.22279441318958,0.9527766705561537,0.6869733902297179,Ok,Ok,Clean,Clean
1.2230261311681452,2.2934788200357232,0.6905905695893724,-1.039791701320318,-0.47899382959957953,-0.11378990407630361,1.6605256993843327,-0.7556667282733259,-1.4317166145724238,1.1252675389979685,4.783450666196476,0.35707579988797306,3.441396093975399,3.97315101264882,3.113084114947352,0.7717759136348454,0.3789531538058099,0.9717432825134105,0.4483651815269296,-0.4206283421636482,Ok,Ok,Clean,Dirty
-0.6131889877002362,-1.817787086087554,-0.4654354918141204,-0.05030019075056976,0.47383907861884067,0.7584213377383895,-0.05102454981770015,0.007699606816738366,-0.7414642386763722,-0.4675209794638105,-0.5675446552050928,-0.03939518945131702,-0.99093453449308,1.6553919003353765,0.9296727586392184,-0.8597457081171166,-0.6553167387811655,1.3596593985524401,1.5516081602479148,-0.18195314833977058,Ok,Ok,Clean,Clean
0.509525644235368,-0.2264730094186144,1.3421554102492061,-0.2632084931078621,0.7089160432801224,-0.41236937833387943,-0.7475071108763434,0.7759537121454847,-0.5015831840329896,0.22592105053563596,4.026011758735841,1.3846248347633687,1.3340159249698917,1.8616941416198645,3.197039836300317,-0.8511211512233211,-0.9380914313108416,1.0196677757855472,-0.8236749727053678,1.4298246176955003,Ok,Ok,Clean,Dirty
1.3018894314683098,1.2804654616226436,2.0961826456764854,0.705265485275423,1.890748615468518,1.2308813796866682,0.8774764564756712,3.111187558719268,1.3225065738313937,4.241252348502039,3.1893475350743707,1.92848958517644,2.136604765608525,1.517774752167484,4.62628528378223,1.6508736180174182,0.8982148735788805,-2.287793305552287,1.3569119743273066,0.5403479885884631,Noisy,Noisy,Clean,Dirty
0.5655675947204292,-0.9552026101136597,0.9882444525095877,-0.9510852696851698,-0.936379207909922,-0.3444806048728377,0.17625083169846503,0.12103624194201641,0.4485398752201453,-1.0480487190550876,0.39394240627418303,0.43037646857481754,-0.2560594838103471,-0.6515555034685901,-1.18086413233739,-0.13163474233151248,-0.4092114113614611,0.8727526939572056,-1.6359898526400236,0.28780479274014253,Ok,Ok,Clean,Clean
-0.5033894045409716,-0.21443172287925089,-0.6681343022271177,-0.6104375943159093,0.47283064795949065,1.0876730442774827,4.64571720625505,5.248995492262931,2.3833671945899466,5.505515558935528,-0.43803280289606694,-0.16684076938735704,0.6068769753326985,1.8586701554271197,3.7564206007369787,-1.4650718435869001,-1.1811138346278944,0.4512373999011411,1.5457127723466035,6.053641022358983,Ok,Noisy,Dirty,Clean
0.6460423862966529,-1.4608880520710454,0.6208733501245361,-0.05815877797249037,0.7286865137087035,2.37259597921959,0.24254240631928278,-0.5918670728546214,-1.0526814876476933,0.823880670108797,-1.203574129122597,-1.0973822354308094,1.6589006574691056,0.6466646866352256,0.6967924582592728,0.3555744167385788,-1.1179086206104611,-0.2999663414325157,0.38450464906049,2.3483842023866717,Ok,Ok,Clean,Clean
2.4236513856320867,-0.9929826727329798,0.11937385684127846,0.9779776700397445,-0.14974846502208694,0.7223819362155275,-1.970736056937742,-2.209117642926095,0.025687319827092613,-0.24210060219903098,-2.3713635414842344,1.7762023191569238,0.5166388144652029,0.04379576907624018,0.14139366385553032,1.3528911793538876,0.3021823787696169,0.0081018638285159,0.05758390193008732,1.6865237900024133,Ok,Ok,Clean,Clean
-0.3572154295763092,0.8634691304410274,-0.9479833579514048,1.807614331102309,-0.5421782800253273,0.02566821325821294,0.20818653845553486,-0.5801392708763652,-2.380699671894763,-0.558370160219226,-0.2954409611760558,-0.05009957644084464,-0.32922041439768535,1.1833518056777996,-0.3382231263157259,0.3557210176918061,0.40622243362166316,0.21021353122440936,-1.4019018548439672,-1.75188208156559,Ok,Ok,Clean,Clean
-0.26162121942769473,-0.9300810182522656,-1.167333334772923,0.6195010242634257,-0.21252856688184568,1.8268685514843577,3.0691906806711495,3.19034384488611,3.7584805305849573,3.841518034844024,2.4352037615828253,5.202635974199543,4.633491060898285,-0.11731552415698193,7.0688919265128485,0.3198089746586968,0.24654471408558065,0.5776766517595535,0.9841664127634375,7.5118405897300535,Ok,Noisy,Dirty,Dirty
0.05261800708301033,0.6246493656613914,-0.6985662043778841,-0.3322957908581705,-0.7104237916318983,-0.5906256055608502,-1.0143564640815674,-0.5038767918198457,-0.17069452295702905,-1.624078053992382,0.6528016163961887,-0.16162825704739645,0.9725827346597946,-0.7999460724490781,-1.9842335776666422,0.23928524142273527,-2.2769462030849024,-0.3576029744571593,-0.34509712653600466,0.4330849124688362,Ok,Ok,Clean,Clean
0.5849940820862051,-0.9843677830518767,1.2967476127603625,0.27530703427428227,-0.577322970607861,0.5308810743964013,-0.4564780282051208,0.7915647683199902,-1.8116069735202023,1.421572458045134,-0.3452975130451348,-1.22773405110171,0.7168426005618603,-1.1389655985304474,-0.17877543529983272,0.8106951358313591,0.19216723544043246,1.215340366873875,-0.600530734224189,0.6258517624070286,Ok,Ok,Clean,Clean
1.7643984658866543,1.437209784338388,-0.30817471927756307,1.2813954296379704,-0.2475619406155317,5.049986547330793,0.08467492886631552,4.120882353739786,-0.14978608305433264,0.40997169655084764,4.225739584228489,1.5940271220099003,0.09081262588434898,2.683397252582183,2.4147649194477685,0.29539557873063976,0.10508474500505127,-0.5078798810575715,-0.929960319251699,1.8270778244381967,Ok,Ok,Dirty,Dirty
3.4322883206236834,2.5796898902756964,2.659866123350806,2.5024232404382154,3.7573217237855414,1.5812390126130678,0.09404871282547779,-0.12829793387012947,1.0757536083852426,1.33253205776371,0.5018178138436942,-1.3692267415534733,-0.32983365796018493,0.206990069403916,-0.9965148016434017,-1.2241631483389896,1.2335778528069132,0.5338424780861298,-0.8676136278516732,-1.208234692064449,Noisy,Ok,Clean,Clean
-0.5946941493697973,-2.370428620827169,-0.9512475118168316,0.08866675266831675,0.4698956339318,-0.13119742744557,0.31555602989221865,0.6792102703442614,-0.870983595031714,1.1888257788823884,-1.1920061319986137,0.6609450881747213,-1.1031235547109355,1.1819466896431257,-1.2851220317924497,0.038705210708717845,1.194597888337831,-0.5406912630835993,0.41148429500476325,0.5817351808248749,Ok,Ok,Clean,Clean
-0.27136176488399216,-0.15265566291958857,-1.9814259879531475,2.4147382595038125,-0.3048366927469417,0.2989033684434605,-0.4579385747205833,0.06864519481219149,-1.6055115241872304,-0.6444884724663449,1.1990343287606862,1.5008675797345858,-0.9778310173829228,0.9634444588609024,0.06985174069326763,0.5692499949416564,-0.15330050928608674,-0.4759925978488036,-1.5493670696268393,0.7117825939521928,Ok,Ok,Clean,Clean
0.7844163404856324,-0.019581174969210254,-1.0278346333442028,-1.7314794239484372,-0.8689489711762173,0.5116714013090943,-0.512816812440708,-0.41626657204322065,-0.9575790698084016,-1.1575511917248802,-1.3599213473292715,1.5705111428594003,0.9806243105914387,0.6272990153971866,-0.6516967381085496,0.3158702328480892,0.010839762619658137,1.3802262333321336,-0.2821857575481371,0.20969809212731494,Ok,Ok,Clean,Clean
-0.40019792694112977,-1.694195937480506,-0.2010925759236033,0.792227446475357,1.0189761997081477,1.4476984390221013,1.8134358674997324,-1.1276169851022355,-0.6692900112593687,-0.975489728660088,0.6278652060677314,0.40345111236024356,-0.560355055992979,0.8840115933356893,0.841946090757407,0.24868992538039159,0.22895603440150125,0.40576566525957514,0.7920346363061115,0.3962400912422473,Ok,Ok,Clean,Clean
5.4150861714708896,3.109988797055847,0.9301683598545949,3.131471841585792,2.9390399370286553,6.323092709164134,5.5743468295294205,1.5735156025727939,0.7027282907695037,4.516920156749576,-0.7558935738522856,-0.2305947529360456,0.39876490440348744,-0.2843012431467837,3.8291493405467496,-0.45441753450627426,-0.17218844782430218,0.0940185757239362,-1.2928485644722725,6.750007157025833,Noisy,Noisy,Dirty,Clean
-0.12787343744784657,-1.5691639584051602,0.2632864670151066,-1.3716763592978358,1.292888413582908,0.8558184203335123,1.987478750519302,1.722760376416057,-0.5042988566154939,-0.13019335405188714,2.4480610299930254,3.3575754673103564,5.117950311797183,4.785337153541789,4.442530598359308,-0.8426635705015241,-0.6315346381023019,0.38267807465635995,0.06714149593573655,1.592183155342217,Ok,Ok,Clean,Dirty
3.4989719584250127,3.2171304242599663,2.3914122215287112,2.1539730247425695,3.72164225024301,0.7752542065164948,3.3925836594787104,-0.7574282347501778,-0.07571220415407477,0.04120934151451012,-0.7664126901658486,-0.688281123459117,0.5882383516614408,1.0335143556437247,0.7147530706699823,0.23099134348512834,-0.4753701059461655,0.6450276373653269,1.0605296915628768,-0.9197504091375014,Noisy,Ok,Clean,Clean
-1.8137450202542933,0.0983263060090345,-0.04930106422908793,-1.4721177949065596,0.2672368535769439,-0.3447675663097893,-0.4918254082732405,0.8717507568549455,-0.8244216211921793,0.7380870285944554,1.3024497845215797,0.19174481997687176,-0.21412440241397368,-0.9349076484744246,0.026584607250132824,0.3219432750485177,0.5878716451842042,0.6056954324937726,0.08413739667507994,-0.8279292382430655,Ok,Ok,Clean,Clean
4.605552702063856,3.3450036883600283,-0.4758789640070407,2.7917025665264963,5.114520282569834,5.173721777285584,5.752196503915449,1.6507976832754951,3.4613665499231865,4.8741597112692645,1.7020411118335572,1.3575155287404155,3.1311046605036363,5.071613168062407,5.102213873893531,-0.2795860033403722,1.339834714784656,-0.8109321616228699,-0.9249114665886996,6.088375485447898,Noisy,Noisy,Dirty,Dirty
0.5838593413311846,-0.41401459192137363,0.43934752907355146,-0.43591714930184433,-0.2891966591502518,-0.4194455345899276,0.26140158993970253,-1.279468768398767,1.9470550686308479,5.687751599468398,0.8237318711138211,0.7514994984300201,0.1705169567188888,0.06982934841793767,-1.501974371641954,-0.0143007929350216,-0.27925993260309895,-0.0840771445642296,0.8004522255921377,1.3825367151255532,Ok,Noisy,Clean,Clean
0.3903040276883238,-3.0714567575907625,0.5569475787392273,-0.7051305487674943,1.2674938526605586,0.4591628109860367,0.5391962707563653,0.8030823180890192,0.976172535767544,-1.0166720512456138,-0.08409342453930992,-0.11541268424104655,-0.4389699292340182,0.5563711502488201,-0.4291104948667817,0.1626503897591854,1.0382093882524042,-0.4211770470352539,-0.9321315497143678,-0.45498650699413234,Ok,Ok,Clean,Clean
1.090570986452792,4.387838227974845,0.5066632475788864,0.5383927730322001,2.123614619462651,2.153487023947669,0.9748062386211892,0.3080847887339266,0.4227404955305623,-0.4730086199882461,0.9952412945545606,3.014773527353807,3.145095581713428,2.472793023003708,1.8068859847548167,-0.6728584711101224,-1.875583158682284,0.9309228615410062,0.3895262740255433,0.8997354897063895,Noisy,Ok,Clean,Dirty
-0.22742567911267353,-0.5738295410533256,0.3121879869248815,-0.9267016908963827,2.2391662413592046,0.2517163922855758,0.13597099593457826,0.5786282492805678,0.42532666139016656,-1.6506810398209357,1.554995718394009,-0.24967971415927634,-0.29384855445121905,0.7906210061844212,0.22066159562733942,-0.9280452816184391,1.8713143564106356,-0.726905775569764,1.1665748788860089,-0.38399702776486416,Ok,Ok,Clean,Clean
0.25941028678275935,-2.5615019982201144,-0.5082224950112029,0.46849166033035056,1.2614703028136502,-0.6847883083944003,1.0224062310787436,0.9282269145781511,1.9955398406495077,0.2706137524120262,1.2439688753453146,1.8016718720415312,4.081205164719316,3.4920913727936003,3.1814888602643534,-0.5410914318445309,0.9540250738640081,0.38470376626050323,-0.29007496292812324,-0.8709166587288815,Ok,Ok,Clean,Dirty
0.29127723693201635,-2.242724010547003,0.3935648450253874,0.0861546169705595,-1.2850704978845875,-0.2204202557998157,1.2956431789089875,0.8469649809006383,2.8771902088881123,1.9642029214289676,-1.5484121406248135,-1.9214412607347227,-0.9630979524383535,0.6241244305323652,1.2842104243262225,0.18420436091746273,0.6997419010113645,0.49219158418014575,-0.38698591120428827,2.9844152198312246,Ok,Noisy,Clean,Clean
-1.1892889254947128,-0.34091537237345726,0.827260575226951,0.708041354730518,-1.404121737558711,-0.7678400966721115,-1.0130979654590118,0.31903563210856956,-0.6446335732995317,-0.7519855091664727,1.19812028382547,-1.1325078873041052,1.48125563322531,0.007456585712085344,-0.149091306912552,-0.16839197088704544,-0.07690441117691094,0.2559323323773155,-0.08873745207302189,2.405536310623655,Ok,Ok,Clean,Clean
1.9888363924214887,-1.2155513969621958,-1.2205442853448873,-0.10553611141106355,0.12476388489400994,1.8058987192607838,0.2573712835440032,0.20145844042528338,0.7446075867254602,0.9303312625976864,-0.19292346662798124,1.175344800498983,-1.46392684605356,-0.05612721742699544,2.7486609783052796,1.0085425055403612,0.5397899748177339,0.12894908487739817,-1.1274977240053523,1.7765441177291277,Ok,Noisy,Clean,Clean
0.8900850297838703,6.166104302349165,0.2232066225858002,1.3411457132297762,-0.1395520233028224,1.9233833111968734,3.0380894281809017,-0.358734553996061,-0.4845889081393511,-0.12622285370142192,-0.03154650942380767,-1.8224740479236015,1.8115336749840432,-0.5883916216057833,1.2746772362498349,1.696866889569028,1.0128563382372084,-1.7851680684743407,0.2540846393013404,1.4504735845096826,Noisy,Ok,Clean,Clean
0.31616926807001683,1.390281787128996,-0.44889842140153347,-1.2227036270959342,0.7069645831783656,-0.3644717224237963,0.5498190622426904,1.9576315655279366,0.2549624299796864,0.0891219711913654,-0.8338630669393678,-1.4104398070378794,0.045114143596567215,0.7635502429141445,-1.3401163222610257,-2.491755984386185,0.4761982392321867,1.2769565557887381,0.992934016698451,-0.45219896850926977,Ok,Ok,Clean,Clean
-2.154011643791989,-0.7740819856803068,1.063844342273934,1.1733960584735017,-0.2581785487678382,0.6208557788693448,0.8174462992254502,-1.337440574758618,-0.894806207956372,1.5698063343449082,0.6340221674769219,-0.228674959820708,-0.26240183175913473,-0.7142248865780548,1.4787584408872219,1.0072892138686222,-0.1289365769302145,0.6374345414274615,-1.6790735479227543,-0.3623581899619629,Ok,Ok,Clean,Clean
0.9600022333935907,0.5321727028118338,0.6195022484857824,0.8021702442358726,-0.35858369646244254,3.4593523967723145,2.643427580566524,3.4828882794606573,1.329624824236634,2.4389180373276838,0.7245374546254205,-0.8386659305145037,0.11466984835625284,0.24498293559798112,-2.1831848549555706,1.1433799564955103,-0.43683802480618045,-1.2068539415894626,0.26023659372138586,2.3839453912415114,Ok,Ok,Dirty,Clean
-0.3337842593933863,-0.8318220320063812,1.5733143976761135,-1.114038879684947,0.6789021050655673,0.45281182445572693,3.9982124326704827,4.549892251446035,1.983301082898668,1.072391319841916,0.9701395409188803,-0.18217790974675727,0.24521269275720803,0.4091000264432935,0.36209313857681474,0.026928521162592273,-1.7334934327886586,-3.615607041712957,-0.30272207617482055,2.1266435833001456,Ok,Ok,Dirty,Clean
0.4065541693086913,0.31812704926371566,1.083260738755169,-0.24547053069223113,-1.7795720675778328,-0.5045625205772655,-0.6657797471484239,0.9117515498823466,0.003422849650394883,-0.629545696124617,0.7693076976918816,-0.7287167681948686,1.5455062506386434,0.6171100871419528,1.1832119957006018,1.488960075554172,-0.30472872798796197,-0.15698996145833338,0.6593786329655559,-1.3310655504649254,Ok,Ok,Clean,Clean
0.40570084966240244,0.38131182431410265,0.11813597972278575,-0.7452102717779383,0.41865241587597274,-0.72795970504185,0.4163031646573729,-1.2790015251642164,-0.03374461915989436,3.2299310623497828,3.5281085358876094,0.6774464263452094,3.6695433240027424,2.808209563466773,4.45787613731206,-1.9182031488682487,-0.979755495868223,-0.9264971815867178,0.020154629915557717,1.9128021990159132,Ok,Noisy,Clean,Dirty
0.8216427685910059,0.7105686358241536,2.508946063299874,1.4249569981338899,-1.5456406352863563,0.5774466601569413,-0.4172397037972629,1.4024775495608082,-0.5070249342662763,-0.876814768150736,1.4102496026090343,1.4671790697503921,-0.7578732629318172,-0.19235177188836033,0.7006830282501371,-1.0750153501257038,-0.10021346860880094,-2.268226868936826,-0.5966795037986918,2.3528021833835004,Ok,Ok,Clean,Clean
-1.0070026560575323,1.3719604632225244,-0.4944981664074671,0.9472901537362468,-0.5235335964025525,-1.4247669441168975,0.009666305329135497,-0.8401717901101242,-1.710908278327871,0.7973702275424831,-0.5075292369344379,-0.279657390015422,-1.2764019365272243,0.5831406107176609,-0.5854388596806132,0.9776868893753182,1.0967139428466992,-0.2743044637775971,-1.0876486889966948,0.31345196952908894,Ok,Ok,Clean,Clean
-0.16432007694339282,-0.17072198413256642,1.904391171073028,0.7757910275230517,1.2084328045888724,0.45583449098178697,0.5206334728990236,-1.8592352262284357,2.298457082062891,3.842447489846799,2.0314325738607355,1.3973045104866304,5.5651685636503485,0.4527256423807225,7.75975648219657,-1.3345789243013442,-2.4144329742510315,-1.4610120802619275,0.25595902650625135,2.025622655450718,Ok,Noisy,Clean,Dirty
2.1315278402826,-1.17197456771618,0.5841022742061892,0.7138980149685976,0.5642398362176193,-1.0793327557095174,-1.1692078692025316,0.21989119719119524,-1.149001898208336,2.7885103251894607,-0.3772268171828994,-0.1810866572774954,-0.34887700189742726,-1.1081757154335437,-0.6072183730600552,-1.4149360086101108,-0.4111911927053738,-0.8192271312056176,-0.6858693300403963,-1.1256130369769404,Ok,Ok,Clean,Clean
1.9607728873245958,2.7024215203769,1.3062414396945792,1.6095622159690108,1.9103561510080975,2.708666224567896,2.398550134476305,-1.3074659705511427,3.434867084987336,3.660133105038698,-0.44527935952993597,1.8597124182474039,-0.47769709796103593,-0.7180877171969571,1.494523791226859,-1.7540123338967655,-0.6082216952181398,-0.2899421062974629,-0.1341813046727447,2.040789047696294,Noisy,Noisy,Clean,Clean
-0.07919692034592399,-0.4016208132486837,0.8078289237336344,1.8528596829667305,-0.5828494955083343,0.6026476124577741,-0.13138426844546125,1.0753751519226364,-0.1722728987606424,1.0517436173028463,-0.22353962531117608,-2.0946389338884583,-2.096254601669151,-0.12690421434352855,-0.21166255212941948,-0.5321415402625539,0.26172777516848333,1.5613453439587304,-1.1992539085098615,1.3850918199436384,Ok,Ok,Clean,Clean
-0.06632508248453972,0.32182850817228603,0.1385353090715138,-0.3290697317578907,-1.0368798918065467,-1.060618332004172,-0.2846041429769183,-2.186928950792412,0.40956234349772086,0.37631134586980797,1.9419939790794898,-0.05902568479649194,0.18675649593255886,-1.6404452770578204,-0.6594635288965308,0.627261965585934,-2.559964891407496,-0.5588197347891517,0.7606193801960629,-0.8460843517943808,Ok,Ok,Clean,Clean
-0.2794756930588955,1.03867064037466,-0.057166460233662494,1.0815859441114533,0.7312775062835541,1.0358179120714224,1.6406737528186486,1.7427810498640524,0.6001788736630614,-1.4104416217695066,-0.052202560082005606,-0.901444225342978,-0.7676155341147579,-0.03461120550553459,-0.6054371541220641,0.28539022902148387,-0.11856814310371248,-0.363856209312816,0.6362370245154138,-0.12321947856022736,Ok,Ok,Clean,Clean
-0.07146260354967088,0.739049006498785,-1.227024231755555,0.35403028747418697,1.4317706845218512,1.0030109202898652,-1.205690456915659,0.26718978134098076,1.9409125890386079,1.9737687735514584,0.012055187657322853,-0.37764094749186283,-1.887452959184556,1.1712750108736978,4.140422687256551,-0.21445634577974754,1.9031101532387649,0.006927651270331647,1.070886366769266,1.8004972202096479,Ok,Noisy,Clean,Clean
0.3360571013148372,-0.8464009224637534,0.25369827256159067,-0.4552447462104995,-0.7203998656224287,-0.6254682404288051,-0.45657050977834857,-0.7833653865852979,-1.2563755713401359,0.08207296817928417,-0.8538031884708435,0.13490784899224867,1.2811820376193535,-1.4740398963911472,-0.44145807116372643,0.10873808101942253,-1.8240148083083227,-1.4667601993348707,-1.5707704824862827,-1.2452989573006978,Ok,Ok,Clean,Clean
-1.4686859942421542,0.12045874984548181,0.797520224753816,0.08984924573274074,-2.009577961483811,1.9609298952690415,-0.02040190945715834,-0.9547236096463376,-0.0724378258286208,0.34699387827944844,0.5533522561177512,0.23571551243698816,-0.23498731900181888,-0.3977932122937034,-0.15987568390923407,0.32078254359876823,0.702834962316897,0.6756300835123259,-0.6375489661424225,0.6850396085329338,Ok,Ok,Clean,Clean
1.1523963996119937,3.5898124197908228,3.673095397384607,1.129041526673475,1.5176951563912735,0.8099877272513301,3.81771305923591,1.5449225476876314,-0.6712454613988806,-0.6052410910181835,0.2088504136986879,-1.9305080260983722,-0.7171963013947416,-0.41231315391447165,1.648050690425688,1.4007106186416776,-0.7341695578917508,-1.872452130541178,0.5970905233186077,-1.575868934197511,Noisy,Ok,Clean,Clean
-1.3098522538841186,-0.5041591629348262,-0.2849841445068865,-0.35974897144603357,-0.3637322088056953,-0.397457754479753,0.7573498511748227,-1.1739126536283597,1.8729164030256875,0.5520992727210555,0.0472324424718736,-0.2228978793718258,-1.530698838556655,0.7301700278494229,2.144602681739664,-0.9368303625235198,0.8279860261139412,0.7582854784535662,1.2064713740367305,1.943964046023783,Ok,Noisy,Clean,Clean
-0.19808212817889434,-0.2948214285316262,-1.9268238405865004,-0.3386394739634217,1.016025947388114,2.1247451108406086,1.3489875917931933,2.8044983684316827,2.529798964082649,6.668832238302497,-1.0392522258505437,0.4932791741878003,-2.8329958764924856,-0.02683796610074762,1.6728570782128889,0.19492736631478114,0.15420954532183795,0.4415253298009571,-0.25683471214860143,5.1640242334892,Ok,Noisy,Dirty,Clean
0.9821190583172815,0.09612411207125994,1.2057174185426347,0.8056116850199592,2.3995307340667016,-0.46174751762999444,0.006581863662822345,0.5949160457154572,1.3472509969326663,4.6145829260538855,-1.0383744541757483,-0.613036532382107,0.06609193000482556,0.7780323681261412,2.0010530863102627,0.4843017251600431,0.632875287159382,-1.0218532764428727,-0.8765383454260673,3.216528826516099,Ok,Noisy,Clean,Clean
2.083925218123551,1.5619343945544113,-0.9020366342079995,-0.5672396358223445,-0.8640013305372529,-1.137318651713252,0.8625487134605584,0.06625954300737859,1.2826314719614935,-1.0556895259429802,-0.3239094505756929,1.1360680085673123,1.0726463920710865,-2.3309287579696796,-2.0852149947988927,-0.1247188566889228,2.137479972883626,0.8692564567839721,1.1950736191894262,-1.8200066548997038,Ok,Ok,Clean,Clean
-0.39062791451775075,0.14581459588970178,-0.21344638399173554,-0.11190950545334218,-0.23391813718042007,1.4478490404651692,1.1680501526135596,-0.3708533969323555,-0.38365492522607425,-0.3153344989460519,1.29513326029941,0.7381115413231591,1.9583536033397801,-0.6370473331946865,-1.2250757887895394,1.3682439048253987,-0.6473705783274843,1.6356656613455356,-0.7706041887888316,1.0102660811159383,Ok,Ok,Clean,Clean
-1.8390444752240416,1.7959698502968184,-0.6095185265937695,0.08509995706872954,0.2163074475557691,1.3173721277086168,1.3364411759866943,0.07582656478429085,4.630166733278893,4.041784816202632,-0.49698376477870815,-2.6210548845290944,-1.048603133418166,0.3574014124517282,3.034428838812146,1.5159612919221717,-0.6758186703898257,0.011546073694363857,-1.7531824917669143,2.937114646402261,Ok,Noisy,Clean,Clean
0.5997610919507094,0.6651346883170578,0.36913754195753445,-1.8646342350516798,-1.2590522669553543,4.8179399600355595,1.1022595124900831,0.3187947281209277,4.567280612838228,3.447561681196102,2.9920143208224443,1.5198631288743296,1.6034302989418412,3.6714378047276104,8.18434646376258,0.4596969051498854,-0.9266307028904381,1.4189166515551574,0.8447232040692844,6.881838051250258,Ok,Noisy,Dirty,Dirty
-1.3527415886785168,0.3944672727445148,0.2700095202505359,-0.9253905165192408,-0.6876492694916645,0.807879659475844,0.7610068790179241,1.512102247946798,2.718456198390031,2.610199217334331,-1.3159783812324368,0.32119390496395545,0.7520775738445907,0.21651052161143303,2.87105654939495,0.31234344738115666,-0.6528600112589017,-0.8818027066909698,-0.7229593725377265,1.8010670678337963,Ok,Noisy,Clean,Clean
-0.6048768275203928,1.6819319386608136,-0.29759981496117405,1.1916037081437123,-0.46043078349345967,0.10656522045302669,-0.10299580964125014,0.27325061979046006,0.46284456460225976,-0.34655093724694497,0.041039356154026194,-0.2322879776316362,-0.44630125293847295,0.64605779387954,1.080863196988176,0.20212721712427392,0.5310095934598642,1.4513675419930099,0.4342843855063894,-0.15858797359440102,Ok,Ok,Clean,Clean
0.35318847267845427,-1.7596672507381412,0.24988791845845246,1.3077652855136774,-0.1676562592092188,1.3118518147850258,0.23389967622948954,1.5139487067041688,0.620153241780377,1.1947612611750313,3.518729419679777,3.1817648631276865,2.428330903976968,3.463915465657184,2.1696863631314063,-0.34018425866638985,1.031093146130659,-0.7947264503595208,-0.8873262189114398,-1.020747220411718,Ok,Ok,Clean,Dirty
0.010456275078874902,-0.5393665580890874,0.44410592110596686,-1.237679714353497,0.2798712891966867,-0.3851046331638939,-0.11837040726437179,1.9175242811619455,-0.9665542812419438,2.577520145213392,0.3484921487144667,-0.3913325984006615,0.5121257634952665,0.11809279250584093,0.7534152732392491,-1.5815954860123527,-0.19479691152346712,0.11322289706888118,0.17576428401844493,0.024509746028641217,Ok,Noisy,Clean,Clean
1.3938273351623651,-0.00988956581057106,1.5134444785255021,-0.9211066199147698,0.29740968887400393,0.9688035413119962,1.316795894308552,-1.5577236923711772,-0.748475583975892,-0.41488783747122654,1.9347467287131395,0.009830122228366942,0.33520488471855436,0.47441484773784337,-1.064613184014929,2.243577911654031,-0.639398878634045,-0.9296438572872472,1.676977407359286,-2.2691572696238973,Ok,Ok,Clean,Clean
0.4582399616964527,0.6788257930133225,0.2013602932487526,-0.008066519171567482,-1.9260108960580828,4.752897199100783,2.9953951386020417,1.075461363211598,3.1091000922457668,7.21567562779971,-1.4858929191180783,1.2708806816743827,1.3690044324239043,-0.440778889641849,2.885481764197598,-0.2831794815503286,-0.24293838349577787,0.8491557932743632,-0.48763078093927287,5.093885539830998,Ok,Noisy,Dirty,Clean
2.2527124973481234,5.946056659533619,0.9186753829068586,4.9094040275929265,2.0301056192025335,2.846707536349671,3.4778149588648293,0.35048914403230186,1.3599387753378764,-0.10655251463161751,4.316070884016219,0.9161718872620476,4.266986301679612,3.705798966158895,1.5646077918851788,2.957899448775475,-0.2831705934401765,-0.747105650428942,1.084504507316848,0.5636115703118073,Noisy,Ok,Clean,Dirty
0.7309256740572999,-0.22923184179998377,0.20123324280024552,1.3546748106715851,0.5828460152987917,2.7515601117014015,3.9112837622593117,2.914766439584251,1.077126810758162,3.262578252543324,-1.1735742312686013,-0.8674139620691709,1.2648217929679408,-0.49027683312286635,-0.3870406946605947,-1.3500085177596597,-1.2324078332305057,1.8689815325394794,-0.8338181318549595,4.62348045977353,Ok,Ok,Dirty,Clean
1.8143755239649955,2.1206356257630192,-2.330620550271117,3.5078065373036567,1.7924357867999663,2.0056370723869206,1.0040134393662845,1.272780706463678,2.2055248759761708,0.09311457553664151,0.4558319170694783,-0.22988398222731907,-0.34253483378869826,0.550659789952698,-1.1326439674434836,0.1803801403020353,-0.46622575531852156,1.656469558875889,-0.20236837223625506,-0.3869361419918888,Noisy,Ok,Clean,Clean
1.6048787059851286,-1.4014842303934065,-0.17208440662502006,0.16734263932952215,-0.12511854935322225,2.2808272721968272,0.7511759407830086,1.3131481417863187,-0.7643633818543729,0.9681675815091413,2.885151518630778,1.8650280077057033,5.010104801032533,3.987747478634532,4.975084274288638,-1.9620005406011567,-0.08047646356772162,1.2177616577764045,1.109871915406778,1.4224896167604018,Ok,Ok,Clean,Dirty
2.9296520607695515,4.3244661425460755,2.1659520204431226,2.6260765312508383,2.25241061636391,4.297297887186847,3.5319827415518508,-0.4155661392499848,0.5488902279517507,1.1449179255037119,5.013410720878443,0.3586877129259774,1.506245375826319,4.355981371034962,1.3749641527740921,0.5685173645757503,-0.26318988345031874,1.4538038365289243,0.6540896253945822,1.0972653527531169,Noisy,Ok,Clean,Dirty
-1.7042746340706236,0.023574053133324495,-1.4061459379522552,0.24237217637876834,3.0080047937653456,-0.2579909292928472,-1.2523972236870067,-1.7778662832114638,0.7607341696297872,0.28106545555836165,1.467734179332918,1.8525511075955088,-1.2541050230438164,0.4605080362045883,-0.7295746537468493,-1.0741224932216198,0.0070001130530103475,0.1184185632876496,1.1593454340840625,0.35497395473054677,Ok,Ok,Clean,Clean
-1.0275813033409114,0.5217237500351348,-0.47081642533019247,-2.102252222098495,-0.0821415874181903,-2.0717128271630005,-1.4582063784260682,0.4300678253036314,0.35102796868394576,-0.17663032826714126,3.868025923590877,1.0912167673200999,2.1310730513386003,4.7176578367970405,4.44342895262904,1.2053204310464478,1.9249369057452688,-1.0203295492219657,1.109202194377177,-1.0988647608092525,Ok,Ok,Clean,Dirty
-0.7532623587225796,-0.4565033240053788,0.6923047168709606,0.8250628308809107,-0.6322126104235336,0.6383671737939542,1.1355235786057227,0.5203559036918112,1.1675473694994398,-2.0513600604787685,4.630365536680965,4.446209188486037,2.8300565587526467,1.6089788843319004,3.0562049579828723,1.0409780103991368,-1.1829520987278115,0.4971784892714564,-1.155696043987821,0.920596083079456,Ok,Ok,Clean,Dirty
0.8120057813684388,3.1279233999454656,0.37680147171101885,3.475578135428714,1.4954257148153254,2.4740523172584896,1.8577005677665253,-0.09035115078805012,-1.2150697614150707,0.5723305575544343,0.23140816734161557,0.7189709815187625,-0.07190883473619968,1.948779395262589,2.286064739078878,-0.5939822070375145,-1.5572543150044698,1.813876336778339,1.1692895599207862,-0.4269863070559843,Noisy,Ok,Clean,Clean
-0.549141493203005,-0.49455093852170373,-0.12433468176663662,-0.11491147027737511,0.06187113194502121,0.6188753218758555,1.2290684384852635,-0.9572044073177631,-0.9540818544457874,-0.6793875247754468,3.3306356356589557,2.350047010813368,1.5869365533727242,3.768986613229296,0.686305316709816,0.3822532781253687,0.5223761601629113,-0.42118564922293356,1.2219346376637699,0.6203487567682088,Ok,Ok,Clean,Dirty
-0.012354558763724904,0.9678857247922349,0.8125567431122206,-0.8514289899429255,-1.0049172897183143,2.1819496111710976,4.217057566218092,2.3756502724051916,0.10908096503897434,1.3557062264945692,-0.8000620714522654,-2.012633865303309,-0.8255706339739173,0.13673419802935258,-1.125927792667294,0.714322734983547,0.6279462332498763,-0.4990175641362364,-1.1897288929097833,0.5835195618337339,Ok,Ok,Dirty,Clean
-1.055697523581836,0.8929551579100851,0.8065065076481303,0.7204989653991103,-1.1078685334713265,0.27775283753532093,0.9492434735144228,0.3558046396866623,2.854743314820636,4.291174697365086,1.206633150324337,1.2426351171063383,1.800756261925595,1.244931796659252,2.097335672990352,-1.0363421599121623,-0.3311531315775192,-0.013496183087172176,0.7995053791071292,2.696798575863216,Ok,Noisy,Clean,Clean
1.3409983845595046,0.8443939880306622,2.606634778336499,2.754859607918432,0.31923538261032647,6.274031723674908,6.128024423141155,5.887195520785742,1.355853059985205,3.3911694002170774,0.5195666697218648,-1.4267279362900132,0.971777792712982,0.936782284666524,2.6948855249313106,-1.0148806008388487,0.016945693219049672,-0.5817437319824431,-0.43504109611280867,4.664068517896124,Noisy,Noisy,Dirty,Clean
1.47927573956207,-0.010494715449440082,0.3636156425937757,-1.3095290963695783,-1.9835231506639885,1.57690216728287,0.26525202005893056,-0.16923456696436814,0.08059372160328937,-0.07779563068127383,1.6853175537271992,-1.235366946822095,0.09523468103368254,0.26396620939552073,0.47442916271999264,1.3258364453476466,0.7894869527869935,-0.3049342291510754,2.2351350325534436,-0.7443326464213454,Ok,Ok,Clean,Clean
-0.18456608875318717,0.5139311728121205,-1.7840481261901855,1.046808343607791,-0.023453132638509046,0.7195934247965444,0.4643636072731718,-0.6323341536419086,-1.65257686198297,-0.7716418362650764,0.559366656486469,-0.24995561688450046,0.1885485793051682,0.6035403817752836,1.5676359766142685,-1.7928698724294154,0.5018751051225757,-0.3274030535354124,0.9906097664266074,-0.8591189233354208,Ok,Ok,Clean,Clean
-1.8358616615253955,0.41987175851530095,-0.6676285801459679,-0.9416119704670455,-0.10985848931333157,0.22069004195669664,1.413515337391475,0.775618244237474,3.1571479647313625,1.1858003524923104,-0.5712178557686827,1.2198148210848585,1.2229256315047845,0.6110553049284969,3.66660891807202,1.425247461213561,-1.7213121526601751,-0.8178257730484646,1.5543234999009845,2.3741184866086247,Ok,Noisy,Clean,Clean
1.2579600660844041,0.9820135282628223,1.2343163214861999,0.8220965774558766,0.45596402005480735,2.5332615849702127,-0.20191284486087913,3.0892239871885283,1.515492415843009,0.5563157596117342,-1.4413997911914374,-0.9696584625715512,-0.37967061627954585,-0.5857252025725262,-0.09568505499490318,0.4993198755901245,1.071189113643938,-0.5640957421105294,-0.1441523774181358,2.6714975836641806,Ok,Ok,Dirty,Clean
-0.6168378032463929,2.4789162555617463,-0.7480849509993113,0.6002858043206046,0.22974748675771417,-0.6567382633883362,-0.45176532934059815,0.5895388988967175,-1.7405949757516357,-0.616328511439244,5.610232195153047,3.8595683845465985,2.4307944093176177,2.779197049174079,3.5207722886859725,0.08370057849642519,0.7067425170261852,0.7667023260985156,0.731293992017006,0.684798400381183,Ok,Ok,Clean,Dirty
0.19802384244230115,0.3357011052334372,-0.15741893270704377,0.6525984596949158,0.7476588227331088,0.14842423040506364,-0.49257877007784956,1.8459738536527088,1.3746998488672344,-0.7519690842882975,0.9247335923728491,2.1660225949426786,-1.4600800524491844,0.8674968360352074,-0.12034606720284595,-0.25354889513063794,1.637101770369806,0.4368447061532659,0.49290089484686767,1.1472058993995573,Ok,Ok,Clean,Clean
-0.3668760392556731,1.014648461383456,-1.0975756871576854,0.5788825449018579,-0.46547782564514983,4.122871332352801,3.5499219623795075,3.238134444477145,0.9673440565391921,3.2166379206821527,-1.7880137514537455,1.3764526856213313,0.8211624027836543,1.5509953828489753,-0.2263896884563998,-0.13915622341002376,0.3605106365810675,0.3241286957194044,0.6426397120066428,3.998693234494965,Ok,Ok,Dirty,Clean
0.8347456594224156,-0.21712987552817753,-0.9096954610571167,0.9351638270143586,-0.007629757457922741,-0.023296536573058732,-0.41061664679008775,-0.301502927662284,-0.1621523360808843,-0.7321156839865056,0.6048845340602278,1.34232316362579,0.3549384358711683,0.7408034501226732,-1.3580335040926073,1.5476007846071635,-0.4035756951413608,-0.26853613405467464,-1.5557561077126065,0.8105662505077647,Ok,Ok,Clean,Clean
0.8167966070976506,1.2392432782379927,0.5382694569818752,-0.7971873480704423,-0.34681832769039794,1.428532640980059,-0.5849114589650601,-0.6483008895378612,-0.8277913286250156,0.7371840407443142,-0.26363297451094897,-0.487322792155897,-0.2842959135409196,-0.9359368501317126,-0.4384818115269883,0.5600235495724982,-0.15982783710902182,-1.6984998282939063,-1.1563219148172483,-0.30069178120107815,Ok,Ok,Clean,Clean
-0.8868237430708941,-0.6080319709982764,2.3171268067028663,0.4404822538670874,1.7195425108397888,0.14069647597820595,-1.0612249688809101,-1.6756617018529427,1.041045850932517,1.287552551802698,1.2137383296250204,0.26810984986517183,0.6558344425130291,-0.4446653695771095,-0.1565912378617122,0.7336929275553442,-0.9975436037316232,0.44326223709554186,-0.4194396456706643,-0.1977932039428985,Ok,Ok,Clean,Clean
2.150938964638291,3.4118484045233815,0.10184064790478911,2.240901262512609,-0.048044720790786054,0.09045548079538938,3.857091846159318,1.4384706094485429,0.9502885456291031,1.1955305468648196,0.11916411325121005,0.9408147060665717,-0.7381537961710857,1.6680242655607824,-0.3490222194904842,0.9320531371752947,-0.710588120901744,-1.0369151966134402,-0.3466757467651559,1.0174484471207865,Noisy,Ok,Clean,Clean
-0.13750134077634904,0.3942168996278718,0.05203900287254644,1.1581644103653366,0.5148556531309472,2.287186429265894,-0.20631123515689395,-0.16406551699933988,-0.9876740288651987,1.1285325333422254,1.366439225150286,0.6346131287259896,-0.3943287149136991,-0.27197943691257986,1.194122856976825,-0.39171296114727217,-0.7665971818423771,-0.7525931323292017,0.6095565662038971,0.8785497873812144,Ok,Ok,Clean,Clean
1.7887945188921528,5.791504356205224,2.34893169075951,1.7307045390998945,2.371604215230123,1.568759721835365,3.3189085051689022,1.5020592093869685,-0.3750310255142842,0.6301727401205146,5.448831030723387,2.2077720822107025,2.804332065882686,2.7895448155353746,1.5123456176651313,0.5501031575540957,1.3278760005191772,-1.1282259711073397,0.8206926239094229,0.43245340064923404,Noisy,Ok,Clean,Dirty
-1.1606421193878376,-1.07148538477928,-0.22156496100797915,2.5037993592683856,0.10917962691679484,0.48786397054909386,0.30838537833031254,-0.9771220472491874,-0.6216543825557075,1.8414532925843887,0.46080567434306635,-1.32589714045043,-1.83064142453673,0.33561856270203344,-0.01165301173043556,-0.3658390399201116,-1.2391399489067212,0.96718591255344,-1.389427368073661,-1.1087654138053809,Ok,Ok,Clean,Clean
-0.8140255906797402,1.0151212109115493,-0.654773014821943,1.974279136615597,0.7797954995541079,-1.0219037494407452,-2.142573799472414,0.8713403246138486,-0.09660043414401101,-0.4440221731883699,-0.7586474822837032,0.5679273433485449,-1.5450420320204163,0.7622996862947391,1.7121087410490654,-2.3145050323733103,-0.03939551546609874,0.4687306659797841,0.9819661031398674,1.0983636726839938,Ok,Ok,Clean,Clean
3.152147866283109,2.7065987211990334,1.3197741190891188,0.7042748535878864,1.0220464276584638,4.080967102529638,6.830409001996748,1.1430022437749463,1.4997901666597377,1.3670052498129746,-0.34678014146373687,0.5068452265858785,0.9913050867216952,-2.310774324939943,0.3780407743394804,-0.22022250468135518,0.12358498390452385,-0.03982952438814078,0.4827982714584851,3.876897489497633,Noisy,Ok,Dirty,Clean
-0.31918284194610935,1.3840542906216247,0.0370548822836573,-1.181492841792709,-0.2227186839526918,1.2105030232583218,-0.43779602208131546,0.2847516535599701,3.213115287664054,0.37080795954977497,-0.8320059925920176,0.871243428213295,-1.0036818225032926,0.033132477323160645,1.4347925535625399,-0.44467810097118127,-0.08519960269821175,0.0880701626772805,1.5497842578202834,1.39496974618399,Ok,Noisy,Clean,Clean
0.8527041722033177,0.6478933398186019,0.3708318205618909,0.9113644365531096,1.2932766538915808,0.1797315066817028,0.3653830472438047,1.8245489552121086,0.8304781859533096,0.5580061251823821,-1.365722358533641,1.4004736722830866,-0.8883779199679789,0.7124387194302138,-0.8835826044078667,-0.8698026975427576,-0.5832364833016436,0.7971811875825111,2.5033481515435194,0.18460124177935294,Ok,Ok,Clean,Clean
-0.9652441862713638,0.21737443188292022,0.4296986124021209,0.7943662136601082,-0.6060151008068954,2.55540903156184,-0.5875928087842273,1.4443839764137079,-1.315770827712132,-0.030152867979549355,0.29511668882854086,1.3444647274713686,0.0196662553434603,-1.703592386417002,0.3622734424257161,2.419127831765315,0.09327393642411391,0.8977298892668255,0.25479449310422886,1.0833078213330665,Ok,Ok,Dirty,Clean
-1.3659650474868308,1.5921993823370812,1.0829461605133066,0.12165106907050413,0.9125422439854883,-0.22537854866350635,-0.705611193268195,0.4631840323441838,0.1745790599952509,0.00508605367018145,2.0071797347332554,-0.5003314543474757,0.9006389280892448,0.8658104202049587,1.292009554444359,-1.1006182427810136,-0.06142559510155472,-1.3488649664739127,-0.8163763981141603,-0.05233067816185518,Ok,Ok,Clean,Clean
-3.0051846527542967,-0.07597426162379006,-0.17976942255219897,-0.35637958386882984,1.4612741573080774,3.3316503760265896,2.5679252986592607,1.64561232599111,-1.335531311962596,2.6921078472770117,3.636701195490637,2.6321415097498004,0.8087135099551025,-1.9815451846472545,3.423326457357703,-0.7500725121506617,0.19883303421334497,0.5253263577018832,0.05664174589328784,0.13430139224296966,Ok,Ok,Dirty,Dirty
2.595442022163082,1.997027801700995,0.48434598053462197,3.699244942090171,4.535386725428442,2.221986955000124,1.927637762016399,-0.004386124636380932,3.421821165448401,1.356800653469397,2.986158294316709,3.8082510782668555,3.8262721610226196,4.1438443105013985,6.378120836954889,0.4824504072875578,0.9437570846272156,-0.039883582409999965,-1.7092134633126206,4.340848141187387,Noisy,Noisy,Clean,Dirty
-1.0028521547834783,-1.9937549472376568,0.07452701952658679,-0.9468418002688042,0.7017981429096461,1.1382001620458182,-0.6536999654041822,1.058248741850757,-0.04928403135192738,0.2722703894484005,-0.07160711613702606,1.0370270928650542,-0.7572836199581617,-0.9229211801290473,0.9748763438708771,0.2639956701738343,0.8140860995370227,-0.8975462065294084,1.6273929747249576,-0.22424105901595237,Ok,Ok,Clean,Clean
-0.9347622224788653,-1.4197361964456972,-0.12077112566683879,0.15087151575636717,0.6512457016719343,0.17604204258554898,0.42186134690352034,-0.17396512074225792,-2.5763294474707616,-0.10099294126501586,-0.27578760330966456,1.4446538134396394,0.23394745958180949,0.4681365321254386,0.7693413759201735,1.3679501759379014,1.9300115927377255,-1.8688512775031736,-1.7712637805236895,1.8794952994287386,Ok,Ok,Clean,Clean
-0.7627923988165177,0.8356566273584018,0.45463790055019343,1.4537259643111373,0.6995873442106754,-0.13003899687627632,-0.267054616599293,-1.3550810447039847,0.4805354989402257,-1.252653743092272,-0.470185819531265,-1.4060102392554121,-1.0997867926569527,1.5652704935015895,-0.6134371099229405,-0.07062951074835565,0.8863205368420527,-1.937366232434891,0.2549383230828432,0.7895794961921617,Ok,Ok,Clean,Clean
-1.5565347329547803,-1.7650203414427021,-0.2678644811601136,-0.28548138904874854,0.07403413622464514,1.3260276364229275,0.3295858052511893,0.47570729559250685,1.294655575133806,-0.5232329973215185,-0.05729736039763658,-0.12232954680266148,-0.31013265269568324,0.08994194637678765,-0.4216020370002103,-0.5136576277082595,1.107185194251194,0.12705063294857916,0.5365905659837426,-1.3831905801359954,Ok,Ok,Clean,Clean
-0.9768622763851288,0.03410984174616813,0.9576031731997998,0.1860947277292892,1.2036588940233088,0.4792477816930566,-1.276795510677509,-1.742694339792978,-1.0782640480620223,-0.7359206658841522,0.4654949505333001,0.848781764469161,0.07111834367242985,0.6895566329406909,0.14958954425980112,1.550254972393918,1.1892155569816094,0.2952987293096071,-0.586636479070003,-0.8394026885250107,Ok,Ok,Clean,Clean
2.4862718528603875,3.239310970604067,2.034816464009484,0.060228614424751324,1.3237147232841575,2.330483386318675,3.4328770424101056,-1.4894497910713906,0.414124969774509,0.6445281875700613,-0.3588617641139608,0.5527155922416976,-0.14691759587799955,0.7580431490051566,0.4597359009210365,-0.7667597193799215,-0.7119778119708328,-0.5423876589616743,-0.13517711361815957,0.5382293043746429,Noisy,Ok,Clean,Clean
3.153625600636842,3.7698882360261576,4.478383219998383,2.910433060592576,3.3989646353472547,2.924113810312101,0.11094270487243404,0.13607446882044436,0.4198762579247589,0.7633033170661839,-1.1596319388578427,0.5554781215061226,0.6997679422440328,0.08886773878292373,-0.12274507509083445,-1.3453045236712833,-0.5046501531681675,-0.9139326176281607,0.18883765054078316,0.15062573355050646,Noisy,Ok,Clean,Clean
2.7809930557997435,2.9585735370930117,2.798079105698744,2.07244378858059,3.3545000666119753,4.484081119505413,6.1262797026490725,2.8315415720835633,0.5511195444114758,0.5664194184049944,4.709104274050549,2.723272158988579,3.985931478666299,3.3402478347795412,4.190440092544228,2.2364058402428966,0.21437188665875923,-1.9121808195072336,-0.2167544745839351,4.083899889027166,Noisy,Ok,Dirty,Dirty
-1.0219219920180487,-0.29601999046631294,0.14952967702745934,0.6007370397039304,-1.2415315635762438,1.0932954278749414,1.5376649677859782,-0.8623797988811535,0.7244637528255973,0.668347731671089,1.0496061877205427,0.16073901910199917,-1.054878508571924,-0.5602247067450943,0.8790277299494409,-1.5174061192648705,-0.6392861709707016,0.1648360866435551,-0.7797687770146376,-0.3668394413305129,Ok,Ok,Clean,Clean
0.5615848724354159,-0.010088268991324196,1.299982198469747,-0.8528076238186915,0.35258321413284766,2.0606725282933724,1.8027636949346961,3.6727537929986815,-1.6891077360591507,-0.11028445990820274,0.32791918546226345,0.23165480604881475,0.14759801589156527,-2.370320091633802,0.7582296978196973,-0.6797034043590237,-1.0811035637809703,0.291534787001212,-0.28085916164383024,1.6901879284432009,Ok,Ok,Dirty,Clean
-0.08847857127573525,0.6583896801986998,-0.45888877884937074,1.77003221709663,-0.8316623086085886,0.9569592222352318,0.5038482229174486,0.33493950633293984,0.2514064086816847,-1.3264290607287061,1.009050448960725,0.4160557852617803,1.1023583432166646,0.9152296769041198,0.07167149978205097,1.7905207119204374,1.467426292187345,-1.6151640436203063,0.06544847188158427,0.7642917192734751,Ok,Ok,Clean,Clean
4.407059684123009,0.8867615458011308,3.023295831291429,1.729733463786356,3.2351629646115962,6.152482560504921,6.222154892719371,2.134750736547663,2.2353191112223105,4.91939486796649,0.45788551941570194,-0.4083182995590566,-2.2028219442887047,-1.1720321051149074,3.149584014125387,-0.6303573396738246,-0.40861712431576996,-2.0407650469555705,1.0532699129484395,7.752990685466917,Noisy,Noisy,Dirty,Clean
-0.18613465119411585,-1.399485181992509,0.8166894213788098,3.0270967385031287,0.4703418059235236,3.8472396879422495,2.8444688538944964,0.9314309875986039,1.436426043216695,2.5635293229822533,-0.24140621834315673,-0.9568538929593341,-0.3354846149453124,0.40113974599870517,0.22855088734878964,-0.13735108567281598,-0.005280323897158592,1.3845147568503438,-1.0489316127696338,2.9941477086864685,Ok,Ok,Dirty,Clean
-0.3301031980887769,1.3243489681048142,-0.4513597816880358,1.0261368218608053,-0.9630776132675204,-0.09926163640600591,-0.6244044123044818,0.4917798090514968,1.7544251427469166,0.3507476250086609,-0.5598755725071971,0.6582818454452903,1.4675308488728311,-1.460811132906104,1.705111353669148,0.9900405236884505,-0.915270787888789,0.3700142472054911,-0.6663219684540919,5.1153565161065435,Ok,Noisy,Clean,Clean
0.06361140153065323,0.4943998379307916,0.033146956818022474,-0.3628447947931905,-0.180671240717629,2.7309882616405186,2.175991624504509,2.3772606639202016,1.028173537341904,3.1395652580340383,0.026780269041332665,-0.13511070274181616,-0.14255540457658128,-1.5471292717213463,-0.2055678116146013,0.5706857024843459,0.8723156695074817,1.54568943754743,0.08933494665792298,2.6957419947248247,Ok,Ok,Dirty,Clean
0.4148202661450699,-0.6203447433787346,-0.4467895132065194,-0.17177075252799825,-0.2364659619774076,2.1064410338216373,1.1832808165037032,0.8940863835389337,1.389255595665899,5.098319602196112,0.3085150923892433,0.07237666680568525,-0.6115543228654351,0.2065501815156178,3.1658379114211734,-1.1343176311051382,0.45289387025177247,-0.7508787636155722,1.9753038014243929,10.008246800778366,Ok,Noisy,Dirty,Clean
3.7475987656547054,2.463344219653217,5.431270798825604,3.7274010611290453,1.4897678320185819,2.3694844655650282,1.8278113076319176,-0.5213889060897218,1.3776053560950174,0.3585024930992903,0.22627778111357838,-1.4827843945616863,-1.7387836844232905,0.47476390229558035,1.651703174239387,-0.41294396187809773,2.021675220455856,-0.5151577743340928,-2.2759755809664193,3.5326684973636095,Noisy,Noisy,Clean,Clean
-0.45220641222410257,-0.5214993140229447,0.258784007442599,0.5193576399126894,0.1235805817565098,0.8047934430906846,0.21741765317102632,0.3788253139870942,-0.690647244729171,-0.17893304707135727,-0.8554470217550159,-0.6627523633817732,0.3715959518058563,1.2660201313077573,1.0139180231457885,0.21190225831712128,-0.34651194126234847,1.6400967702803961,0.10383973726615774,-0.45743309111570807,Ok,Ok,Clean,Clean
0.045825037174096014,-1.3564486946547119,-0.7714879357090622,-0.39655796731769,-1.1106689288857432,2.599621392750299,2.8584541571561544,2.704087235944446,-1.0029214190336266,2.92005049385733,1.196693682776058,0.08177380014212442,-1.7682634648249345,-0.22535544682739464,1.4358579448385995,-0.7610377010277865,0.3985006688416248,-0.9488386330989907,1.6607912526948834,2.2892076894526445,Ok,Ok,Dirty,Clean
-0.46975010958975577,0.546552138489881,-0.6142329834578922,0.6969992326347706,-0.16244957589724185,1.3676452402076464,-1.8582305637792358,0.6419785433367127,-0.9865293608707035,-0.48030895262956935,0.8751015547581359,-1.0451183176139895,-0.4231625846621959,-2.2939470156258355,-0.31329715568386995,-0.11666741086523266,-0.3031262183970292,0.6452141502106964,-0.08700271555609027,1.9585275375471614,Ok,Ok,Clean,Clean
0.5261832314668672,1.014714872288741,2.564841435544717,-0.7138415361161136,2.433975743155862,1.7201533414121788,-0.501211948809405,-0.8286475991407065,-0.4747041011380743,1.5875918716973183,-0.6442706693250696,1.026385482847117,-0.08049819126164309,0.959402264775569,-0.1659852363516935,1.7177568952327926,1.0820870040450465,-0.3776350465856957,-1.145343440279322,-0.8710959402918719,Ok,Ok,Clean,Clean
1.934277865947126,4.096743275959482,1.0888904781167839,4.20138506099503,3.7217420846643607,2.555072625660312,1.9638828251626554,0.30731071663536336,-0.4091014324939601,2.1735555320811053,-0.15468692046384458,0.9511153427717113,-0.8860382798517462,0.8112838910522706,2.6606015930791433,-0.06778784725482594,-0.7621008896256449,-0.6683222553442817,-0.9645593353050868,3.2636530802028254,Noisy,Noisy,Clean,Clean
-0.4022348419973417,0.019734700080072526,-1.270386252417994,0.34403402997836935,-1.1183265374909859,0.7314401647618406,1.7315238475375603,0.715663303894263,3.256945057278537,4.052493885709193,3.2288028133184157,2.7071169277749108,2.58623814366677,2.957482130584699,3.649548998795846,-0.5211211106787438,-0.1244917184046241,0.1591580424300776,-0.4407052533783189,8.896572603830302,Ok,Noisy,Dirty,Dirty
0.9484854648206125,1.657207050182915,0.6916466550647713,-0.7884415149526658,1.1398389402455047,0.029516516018057697,-0.7360986348156766,-1.036236947008815,0.7701171971242163,-0.7780487506448113,-1.8879855537381283,0.026258761589696394,-0.2917896102393404,0.8616001368292215,0.42633746762786157,-1.2912280416097421,-0.1496725333549815,2.2142397923345976,1.7382472614989035,-0.36186448561117013,Ok,Ok,Clean,Clean
-1.2067253173821098,0.7597333420468663,-0.7954736821595856,0.4958228972648993,0.9560832535817158,0.9026367663286798,0.10474434940378988,0.2777224196821114,-1.2879632657303357,-0.32209849695573356,3.5057590764201163,2.314003279439,1.9883611961507726,3.1274640508048126,1.0376315759945274,-0.5777527744763387,-1.612343137361224,0.26335799653349007,1.291077716594092,1.369329386942325,Ok,Ok,Clean,Dirty
0.03953494989920988,-0.8700747952493864,-2.391998664607953,-0.3609810539648246,0.5911018775440186,0.006172311702061147,0.28060521696942703,0.8600905193707482,-0.5042337339468086,-0.6722575243780303,-1.1083978329747337,1.1512846948276239,-0.327853492593017,-1.5914972184273133,0.7786381400565273,-0.8423699544913058,-0.7960769735855758,-1.022883568412396,0.5457139218163375,-0.054201050870161846,Ok,Ok,Clean,Clean
-0.06992313383545326,0.46309806438036005,0.5110134489923115,-2.0916590649255484,-0.6441596109926911,0.24846518728847922,0.007684465720545108,-0.17566975075696384,-0.5169577138979131,-0.6542380455429461,1.211452543818194,-1.6446164050904701,-1.2705525018689725,-1.1121854803965878,-0.34304773032540986,-1.3410215925400641,-0.10471345032234124,0.9339548269651045,-0.7378168130327641,0.7431477136927965,Ok,Ok,Clean,Clean
-0.6439020909911576,1.072099636273557,0.698602268869882,-0.7804949533102361,0.0004053554186930662,0.8505951877960103,-0.5595627142901725,-0.18471906191518897,0.628276856159188,-1.0174466286952693,4.833663515429107,1.244085014636959,2.6614763686642577,3.81622667831148,2.882154115080079,-0.0624071192160215,0.27239293175104323,0.40269606436976485,-1.935091119932685,0.12447009339000084,Ok,Ok,Clean,Dirty
0.9023771345104282,-1.8992273511164288,-0.5963906660330607,0.16456663936825533,-1.050670970292395,3.325102522455781,2.0014672524950865,1.919236337232857,-1.5413434689261027,5.11023361738398,3.8145516315975616,1.6507228119585329,0.6696863121037566,5.24031501974506,4.007835013277178,-0.3722936821118797,0.09672661225129624,-0.5600318751367469,-1.371422297206922,3.844772207166611,Ok,Ok,Dirty,Dirty
-1.0427103657069152,-0.45858856419156,0.03799091612546777,0.11690746169831298,0.06378040021883577,-0.23901434903607027,0.38889404780112363,0.9896389755556669,0.15741308697629205,-0.8167120576230186,0.46102406742572294,-0.48685004956324335,-0.5191094714048523,-0.8619884426067942,-0.3237509076153051,0.8107881217134033,1.4612834227033573,0.3800178340035143,-0.3938520701038562,0.4577244488310299,Ok,Ok,Clean,Clean
1.6041287433388578,1.5946481149633742,3.041724359147032,4.764269025159902,1.9140562533877743,0.8951009416903003,2.3387467957348456,1.3317461210699033,-0.13100671763310745,-0.297888784928136,-0.2677423383883252,0.6044810995961354,-0.09380080668918252,-0.7265686828997259,0.4432306085238613,1.4778236744288742,1.138513821068418,-0.5558838771933036,0.18182814752858734,0.6836727500886136,Noisy,Ok,Clean,Clean
-0.3875804844349407,-0.936335989531168,0.15463147539027805,-2.4480368689961858,-0.5562565210749205,-0.22109425314659534,0.395192368871855,-1.4210624582080247,-1.5214308570794501,0.6299316522918983,0.29815792023089366,0.4854040753391757,0.8514110357933663,0.05840044716808598,-3.033769127841633,-1.0078097812142492,1.2828622329805541,1.744862244553164,-1.3599704551333565,-0.7268249546228912,Ok,Ok,Clean,Clean
2.4114698628207374,1.7225700346762374,2.5588083383798197,2.5199051322965897,3.6029863966843716,2.2740509672323435,0.8755548766690088,0.03899180534605832,-0.7285846134602495,0.24302295306934754,-0.28116408741059146,-0.35133810931049475,0.33370529990389824,-1.4231189109991818,1.0258136608664232,-0.9705442898383535,0.7832455574951097,-1.3718304913395925,0.6246703880277228,-0.8453101979764854,Noisy,Ok,Clean,Clean
2.092980462138094,3.654417502263744,1.5493943505038699,4.849446105858727,2.8517222836058704,3.068363913835193,1.4636319924517815,0.960966539211728,1.7699305927263225,0.4853450691334789,-0.45685243576223444,-1.0379437569821703,-0.79343500199488,0.0828845579060821,1.14038666443048,-1.622315025354483,-1.3742903231122614,0.7548302784715056,0.3126811234322469,-0.6321934010307002,Noisy,Ok,Clean,Clean
-1.393038537837232,-0.42554602765714156,-0.7786821390793611,-0.8112860207577258,0.8034460391898726,-1.0302962652081502,-1.2516153600657465,0.7987020306622494,1.308334881255897,3.3722703080144547,0.004177869373444355,-1.1016137971290805,0.8975275305400489,0.6792883071067216,4.635129804965912,0.7215789810812602,1.4502147021793734,-1.8247743058860173,-0.1848783393202802,2.498021610659063,Ok,Noisy,Clean,Clean
1.007886285267232,-1.3012091215911037,-0.5502979488547782,0.41672776310108883,-0.28631076673665934,0.9221941755720705,2.552478418172966,1.8924627696142415,1.2018147870083467,1.1818110292742874,-0.7250292961726194,-0.07676190708433846,1.0020803930252549,0.6384215102385752,-0.9636119100655564,-0.6156386217091225,-1.8673218866690606,0.8665179592344622,0.05362774439396074,4.154371565862388,Ok,Ok,Dirty,Clean
-0.3026121362085497,0.1109500674203817,-1.1593130364821131,-0.4862436207706703,-1.1310657324425883,0.13770810508191503,-0.5496270971863215,0.43776502803020273,3.755410224085387,2.4909954602342115,-0.022627242990494578,-0.19144941336117546,0.03199962402676403,0.4036535178088219,3.095184732497678,1.3343708173814115,-1.3844312531807543,0.34578676619575616,0.1674169182153695,2.6539166835749652,Ok,Noisy,Clean,Clean
-1.500030316523182,-0.5397989721791104,-0.04359364016993706,-1.5031757792969704,-1.0553393120167534,1.0617068799342044,3.1240606903905443,2.9373437524456962,-0.8166491727491773,0.17140868565335604,-0.7841332442604555,0.8343141346446612,0.5721594868111448,0.5986552272332044,0.27410830208037446,0.30381587754918843,0.1447974248144793,-0.1960841871230725,-2.2315689351264925,2.496084264067945,Ok,Ok,Dirty,Clean
-0.07621990252792833,0.32465744935606833,0.42630245590079324,-1.6045930928521346,1.1832765706250696,-0.9518693198475953,1.156355765876395,-0.30494688115323926,0.20764811489177493,1.4757713011766689,2.341638805351441,2.1824158650695953,-0.04416046038997732,3.881290548691256,3.6668182593521457,-1.2907361047541879,0.38519102339861294,0.5608078614543978,-0.38859297339390075,0.1793540701487318,Ok,Ok,Clean,Dirty
0.8121825109455382,0.33310139597805466,0.17533541040705697,0.19547005394121786,0.5860085979969951,-0.797258877024802,-0.9689621071512784,1.2615548754912913,-0.555403634865448,-1.658113821871657,0.08788942418727286,1.2114728112322555,-1.4944232954017234,-1.0578106742183815,-0.3935434980140397,0.748414872992433,-0.7046137771882471,-1.1771483551460562,0.2695849330578365,-0.4943590643653142,Ok,Ok,Clean,Clean
1.5500573492555842,1.6492658384670325,-0.05377503172141872,-1.3812501000224384,0.2198021487911039,3.7806876848365785,4.66056304490826,2.957868727096954,-0.19871241890809646,2.345229044978291,0.1848449457661858,0.6556465044917146,-0.558978111751946,0.6915884692106117,2.002737702701646,-1.4256215176752802,0.56270803317139,-0.9939153634593579,0.5683921023074474,2.897450935461793,Ok,Ok,Dirty,Clean
0.32227840661619633,-0.7755395338685296,-0.03312517331245523,-0.11869645351936757,-0.940753763518172,-1.49192982109696,0.24088961633468003,0.8360691951729299,1.190378018903046,1.7254510742079985,-1.0473757481030461,0.6275922486928601,0.01751801101453578,-1.0056130635437024,1.1196660179950737,-0.5026959174074793,0.29900574461352253,0.06942584510737494,-0.5358112357007052,-0.31800616561196343,Ok,Ok,Clean,Clean
-1.8906315536377292,-0.44819650158508656,-1.5510281845404355,0.914840322260254,-0.3779865959483791,-1.3715975493371253,0.8647013815282815,-1.1340783438549362,0.02011838951230249,-0.9111523790859568,1.1510270211605582,0.919379772665979,0.46900379113702306,-0.03654150149655459,-0.5709017526219051,0.7495146434205323,0.9651231356644006,-3.9184584904681294,0.30251225710338403,-0.2636789161550428,Ok,Ok,Clean,Clean
-0.08145809831602652,-0.7781879909739006,0.3217656235471803,0.5473437957604766,-0.04471131911609415,-1.0590979896104247,0.744532343963082,-2.2005210538941675,1.5245551655215,-1.1652067848686547,-0.9402101780888258,-1.0007326902673586,0.6068784754191738,1.1793536576808725,-0.2795186085294281,-0.5140129567391025,-0.2931858080168476,0.80289494211272,1.458860573540659,-1.6001641271141442,Ok,Ok,Clean,Clean
0.34246420151997387,0.2651318912153675,-0.5527924464211857,-1.3916464268985884,-0.5759182632096099,0.6336551609125021,1.1169145332991774,1.7760827619530088,-0.8843929371832556,-0.3188813788288879,-0.5419730510496901,-0.37536874839729256,0.37384452542266156,-0.19992325134641348,-0.42721316891136213,-0.6147445974758935,1.0122561729623225,-0.7745277147279437,0.43081132262054705,-0.25630713926247417,Ok,Ok,Clean,Clean
-1.0974830069572503,-1.1120972245665857,-1.3975393450383005,0.8260140177295813,0.44859404226455873,0.7492230840560385,-0.7042150483758725,-0.054030517975507564,1.4074832700338489,2.5860698503783954,1.0637740576052777,0.33168852812019245,-0.17335787554930698,-1.1980362145189514,0.16527563185061278,0.8581695066349471,0.9591244378036147,0.2428808621184862,-0.029951108878538742,1.0945153429946295,Ok,Ok,Clean,Clean
0.6020926234388712,0.20278051098760771,0.09241459957783853,0.110253076730468,0.26336127529319686,-0.4001322935027702,1.1221253069243766,0.8332975715635615,0.19901678208963586,1.2154808385213107,-1.6236397291708358,1.684178163673011,-0.3731672416565721,1.6124272687752148,5.298756498936129,-0.2943391874935144,1.1639013184193185,0.72175290632825,-0.11419042278788956,2.382772699163753,Ok,Noisy,Clean,Clean
0.45091719691674925,-0.29562682837506465,-1.250470874898886,-1.4085169602897551,0.5672256577380668,2.0645550240289707,0.5004598570885295,-0.1559378067001368,-0.11855225895838413,2.2020863510295157,1.8618364856443896,-0.771516249833665,0.8376077676291486,-1.679260828513677,-1.9271493299838136,1.2668431832838543,-0.6366350098798772,0.21613861007931534,0.4854049433704109,-0.5049917251147238,Ok,Ok,Clean,Clean
-0.6649175610760816,-1.0172123226405556,-0.02886469918564287,-0.292657438624659,1.2993322007131531,-0.5923179857069265,0.9443816337257996,-1.6229788391096929,1.2225411903770842,1.2739268728263016,-0.39552426728991863,0.09636822833576003,1.2056560538403405,-1.9464272256664763,-1.046780093152459,1.3488110028989755,-1.5057750138484773,1.1154565145616206,2.0981459663524618,-0.05429357809648658,Ok,Ok,Clean,Clean
0.820029685863997,-0.5529759389797838,1.1445770619297126,0.15029800171285992,-0.8787804746621193,-0.8071314042710596,0.25419942318215544,0.1651636018916249,0.456730699147901,1.2701008316197622,1.5581913997244035,-0.5076202847708698,0.6688873510360114,-0.07769632987061215,-0.2431748580354039,0.7278031563460152,0.7245882786450036,0.1599043493095346,1.0306498454962296,0.6864929944877749,Ok,Ok,Clean,Clean
-2.040006860426626,-0.9293235615505637,-0.4238856288918798,-0.7170074450367788,-1.495057590926632,1.381627842625745,-0.2755353485820249,1.2873601826757848,-0.32601936301386536,1.4412485222885396,-0.33367344969127305,0.07466473486330655,-0.7322122384951121,-0.9975151317268415,-0.6014481031733903,1.0126118117405922,-2.04892946871487,-1.0576194425877297,-0.14320080898440474,2.1143137501235985,Ok,Ok,Dirty,Clean
0.9282838117638442,1.816437875550572,3.6117415604681766,2.9590511195530795,3.104419263209433,2.227516284305089,-0.4219509464527213,0.9795154420408767,-0.23648657193161673,3.8352691951900164,-1.2835284309339734,0.23984284766008063,-0.8750829802774365,0.9035882752250871,1.7744270882419366,1.2875442464442002,-0.2109240692183949,1.3889894988379379,0.04170849299585099,-0.271983157191962,Noisy,Noisy,Clean,Clean
1.5598414902037423,-1.2439705558790772,-0.014541242919225697,-0.3297243873664229,0.01961681626588932,2.129157331974939,0.4518041488050362,3.908036874038386,-0.0235094976928851,1.1075361625407265,-0.5418327368037923,-0.20065839135493965,-0.789096986713223,0.6247533566204558,-0.2146846391213382,0.19667244031521988,-1.2555889030720702,-1.6438515960225817,-0.17098009570508374,2.689971343310372,Ok,Ok,Dirty,Clean
0.22963779766967649,0.11827525291982231,2.0105436694172094,0.9226485428266462,0.1475458201742936,0.2541823246377051,0.05991433009945858,-0.971482337565471,-0.3213252092560223,-0.09715413684559755,-0.5492485035384792,0.6101546518317285,0.5294094532873113,-0.6603202974955009,0.24549159991974284,-2.9277035076594293,1.9008972843650143,0.9468333650036814,0.1146737421052855,1.0478122365047848,Ok,Ok,Clean,Clean
2.570033820106091,3.2383006819489997,3.50263197698891,-0.012110857353601547,2.619051558254826,3.8107280470126557,4.5029401203193595,0.06575842812359509,0.3318912615329172,3.4889720105467097,1.7229929106817308,2.011765995903082,1.3762514027723123,-0.023954725123334027,0.21517839003165537,-0.9028020960116987,-1.1157159754739503,1.3491845028226623,1.843076017028609,4.718365200307765,Noisy,Ok,Dirty,Clean
-0.6455037989611649,0.02719402521369716,1.1675177982678424,0.6932125369067084,1.0066193865767865,-1.375060215284113,-1.15435563367913,1.21911223704515,-0.7256914282370872,-0.03098258076089367,3.9030959751153147,0.13648271764610007,2.201908172756408,4.253418692614883,-1.0682554320785524,-1.6113707567968913,0.9442694444803351,0.638041679212739,-1.8146261971219213,-1.3623443529965051,Ok,Ok,Clean,Dirty
0.5181769610769366,0.46220622277309314,-1.7298644843421958,-0.46441704811316514,1.5549325777188052,3.4527852440934166,2.635746707628837,1.0420185653157303,0.45501841692290806,1.4463465377084155,0.7325506049240024,-0.4104060815860371,0.7494223093620178,0.6817489028791308,-1.2411513900172204,-1.1856809035174785,-0.8223737727296487,-0.8633804862300457,-0.303282156025771,4.599636741099549,Ok,Ok,Dirty,Clean
0.16877233396326116,0.5134672720962901,0.22674383229145903,0.06368801262012967,1.624259152427461,2.5356710937857883,0.07321883603178655,-0.5653091386322333,0.2869429522572304,-0.4809726013153412,0.021767762140982472,-0.8394910865176982,-1.2280321541001136,0.47082103567541544,-1.676137047714682,-0.8392617120384808,-1.7199076922992134,-0.6538347393808681,-1.536474523318492,1.174099151734885,Ok,Ok,Clean,Clean
1.9462287281784016,0.24193570059492603,0.1351822381964049,0.9029073460097674,0.6768926844851528,0.7149852927865193,0.3930342240438635,0.24450388288514774,1.0313403672023955,-0.07347980620792144,2.3282210078854044,3.364313865552493,4.899479051491913,2.1434264396852036,3.9208066176970067,-1.2716907671685538,2.00705907251341,0.9309502783724094,0.3037034458145346,0.3944018705257798,Ok,Ok,Clean,Dirty
2.379046388375822,3.852168773916671,0.4574575467102585,1.0920580860885338,2.8657662642621964,1.7005557438420305,2.9177850641183696,-2.1265408712113,-0.23102835204161473,-1.566987165109053,1.1150030531423711,-1.3205460629111831,0.14735321980815372,-0.5666298075395644,-1.9477626120663458,0.45854943340569604,-0.9532340433143711,0.11901159834518023,-0.4902096787179376,0.02973199030433253,Noisy,Ok,Clean,Clean
-0.49035482028182587,-0.8778558827972611,1.311349286747416,-0.4400683389738189,1.578512956376459,2.029483402425231,-0.9896174344794814,-0.35929694693135333,0.0883575085614407,1.1730114220445298,-0.43700704284658104,-0.7899047202650498,0.4710392950757512,-0.0006053865675470091,-0.9258927241600406,-1.57592327431503,-0.21797930558928472,0.2036545835359947,0.0490387753668538,0.5090655965270343,Ok,Ok,Clean,Clean
1.0395740722755038,1.3014888075554498,-0.052624803155646084,-0.827117071949339,0.35046732815993087,-0.5598823349709928,-1.9558526442196678,-1.1613501785812528,3.713130835987783,2.3366263518261037,0.24018046665953036,1.0340984843906795,1.6742122607757055,-0.09552898664601889,2.380467204009865,-1.1425018099981934,0.23630752050424514,-1.4437722697610864,0.9967484748340006,2.3654414909713157,Ok,Noisy,Clean,Clean
3.1323250114431893,0.8976817138297944,0.4430374956626724,0.2889574284057166,4.190441973941944,3.5812439652778143,1.8461188272938316,-0.3039745162160993,-0.4409837611960461,0.6448719013849243,-2.2638676726582436,0.9771183571847071,-0.8876982752866445,-1.0201097706572222,0.17891893825680846,-0.751352196335653,-0.23969840845921156,-0.6654679744641473,-0.4819238931789143,-1.0454875875115268,Noisy,Ok,Clean,Clean
3.794591868504976,2.6249188605075306,1.671626525376724,3.1240965762572483,0.5491923797883529,0.46644969366953504,0.2194590868167142,1.4444556251705667,0.8504098543987814,1.7615309335127391,1.322980660632914,-0.0959240279657387,0.40792782934035904,-1.6992947878758509,-1.432415479177325,1.158062714216192,1.441232288064769,0.13200379109036167,-0.2711528057208732,1.5355510069971727,Noisy,Ok,Clean,Clean
-0.35865557308081136,-1.2045001757127036,0.8365856677486171,1.337579364645656,0.6613598054233972,0.691793690766676,0.7076314833488694,3.106646750403939,0.2706825104195277,0.8855690935807682,2.854020728995217,1.2228114583270548,1.9368047883798294,2.334749413009529,3.3993574446896724,-2.1350362265251643,0.5470968785295474,-1.7248347217279096,-0.19062237828630066,1.3500256316362405,Ok,Ok,Dirty,Dirty
0.16242789520941303,0.7306282268047266,-2.342941339787161,-1.3564581721611246,0.9453936815812803,-1.2869229723387532,-0.06534099189663664,0.26815689126510506,1.1326380501723834,2.1405160002429917,-0.7907101220281993,0.03417380599406496,-2.141959326592501,-2.1059946824068487,0.9491206144531534,-0.805299567460797,-0.8832324227759444,-1.2292747469923897,0.956326436973758,1.3875193738862444,Ok,Noisy,Clean,Clean
0.44239830609365804,-1.4393392183499771,-1.5616737921795603,-0.987680720017587,0.9863227830035338,1.550694913688865,-0.254952385998322,0.20202646759914114,-0.4711326644201929,0.30882207185305066,1.6409558017613959,-1.2937767297493548,0.572707107444582,-1.7098389242466852,-0.0021054820729777004,-0.0934349741052266,0.5589111539815743,0.8349171801608851,1.7327856473782208,0.24140852966532458,Ok,Ok,Clean,Clean
3.943193491948796,1.6383510606591944,1.9480398670686134,3.010010088491741,1.1975361124757786,2.332405165203213,1.5020639295172789,-2.2116699915013602,0.8971479446966054,1.0497792389167815,-1.3207176464034418,0.8886581971227627,0.780483884817294,-1.4866544600694143,0.9147749905131272,-0.32732087797027337,-0.665029043593615,-1.0665325532658982,-1.6532265643191835,-0.49370539566319055,Noisy,Ok,Clean,Clean
-1.1155378479981992,0.1594088681545045,0.6341521522713888,-1.3785652041516152,-0.6715793877738911,4.121121807081665,1.3918838523050203,3.8862504907451143,-0.20337742033414954,2.0743418700667835,1.7231899022980337,-1.2488023518218767,-0.4973330717159687,0.4820844528090579,0.1080089850000111,-0.33161555862601316,-0.08894153858729771,-0.7669430790884605,0.11343645620555524,0.8447818481931174,Ok,Ok,Dirty,Clean
-0.4239571211153437,0.6334795742221982,-0.5419166912781703,0.033488679014205484,-1.3498863400679695,0.306301050793533,-1.1311264685604,-2.071023095308973,-0.7037843403781535,-1.0018722301055583,-1.3685067038330316,0.8806170380671571,-0.14561279057107696,-0.33419008340870715,0.46696696770242935,0.5496318781872144,0.9538344865095136,0.6091597452902576,-0.11731343675688412,0.25377944728454305,Ok,Ok,Clean,Clean
0.4974318494244764,-0.260881260808895,1.3036749137065693,0.2692392494051672,0.35887022676270885,3.302478229351473,2.775263262284049,5.784966754640941,-0.3629529878402422,1.785797782878381,4.416819368219343,2.7991451167673924,4.0825800424162635,4.408239752793324,2.4114121763917504,-1.3093790857429621,-0.5249083801472043,1.6354751971633747,1.2163704090941574,2.0793880376739664,Ok,Ok,Dirty,Dirty
5.7552228320350745,3.148895536497491,1.9629133769380314,1.6546347340013368,3.4087375621287097,1.552427805807708,0.08129877526492592,-0.42310635196334684,-0.5633128731160784,2.24649640476412,0.5387325080508092,1.1787564031054147,-1.530283112533476,-0.16549480107802536,3.1327121522851074,1.2225721489088244,-0.3265300685781376,-0.1929826143029131,2.2842522261003633,1.9641183267118583,Noisy,Noisy,Clean,Clean
1.4178616048937966,-1.485937136964913,0.11805651071183548,1.510638898783137,1.6146068280075776,-1.2829471989170604,0.43545883087096315,-0.8974307216017006,3.174261879855515,3.5980250372004554,1.5095351883227386,2.2634868944787665,2.5886415395661184,3.278737663996093,4.572101825694644,1.4130651809186032,-0.8181326843758192,1.7289334194142687,-2.3566093780580935,4.130164880022193,Ok,Noisy,Clean,Dirty
0.5605188457882546,0.6512113835059967,0.8281990103880951,-0.28169819026189535,1.8033729654396415,-0.5532531918293521,0.9172095116715915,-1.0203630519074196,1.1049794776356752,0.8719441916138454,0.4712142035750436,0.895907546596986,0.8208973473683243,1.2278542167815798,-0.17199626960629882,-1.049613841074928,-1.456701702168124,0.4263882029093755,-1.253674016453589,-1.8973960084305985,Ok,Ok,Clean,Clean
1.8182966353155234,2.3643117730563294,2.796354343063704,2.5646455420455054,3.03224113132068,1.2432655730314146,2.2604409483679717,-1.7888749123600483,3.5066787994935793,3.0045606015020434,0.6162892179182358,0.7012733046267866,0.38154686720528574,0.01675855054258636,3.745639402084027,-1.3761413651834118,-1.8342953431539077,-0.986386061020423,-1.3388515748452519,1.1620345451237393,Noisy,Noisy,Clean,Clean
-1.133530726757073,0.6345387598999419,-0.1772214432485233,0.19562059354963351,-0.7120335359399017,0.18342124601369317,0.539750716370853,-1.0805065257214888,0.3080252214689509,1.376738307359128,1.9604624781120297,1.6390685656215838,2.6753666533994465,2.216977680272789,1.3965686207181036,-0.9205268627562293,0.046695025653522716,1.1020831589116384,-0.22355192029624232,-0.10020188594789482,Ok,Ok,Clean,Dirty
0.5230078324235199,-0.3043975076275876,-0.15530062597994693,-1.1007238604946845,-1.0029551815261748,-0.1712419107377446,-1.8249339684869135,-0.9677470346471146,1.613186130995003,0.9626144000973469,1.2803861911176582,0.2470451488234276,0.6009559047770757,0.6391075630533126,-0.7661883549490833,0.45923666940603863,-0.15543927948779057,-1.089108664147376,0.3353540591916009,0.6812158196536493,Ok,Ok,Clean,Clean
0.1755346151897174,-0.6257932042930578,-0.44368118177497706,0.3686362321442272,-0.13665305791110383,-1.3314069108466955,0.9542433953663007,-0.29051521718814344,-0.8069322834761682,0.7798120873261282,-1.59444184811909,-0.02039152501927233,-1.0063786898087441,1.3361823777925117,-1.1813349867834047,-0.10814941583895663,0.4910795554930602,0.8881368255789666,-0.36012181941002747,0.5793614267711971,Ok,Ok,Clean,Clean
0.7048182450961691,-1.4583996781210398,-0.1784126788554844,0.12789521656780758,0.5563844249374679,0.7959876453801988,1.8891070112110575,2.8454347268428513,1.6840414119419458,2.078617291985515,0.4245985973788546,1.268635815640115,-1.6340199281250027,-0.2754346279289495,-1.5114075829385198,-0.2105940475520705,-2.3707745451483833,0.7783873826033026,-0.4626842021511653,0.6097211203741426,Ok,Ok,Dirty,Clean
0.05481803332664546,-0.07704139983673088,0.16928439166507322,-0.7643839827887041,0.2219986195972798,0.48763422914909427,-0.5237867112034628,0.666833649802146,3.1704126329444926,2.1464856365755107,-0.10836876598440957,-0.26006381355769415,1.147223638460163,-1.2013822935530125,2.7651108974132717,1.0100393660816769,-0.3869449702137432,-0.14804483543776356,-0.9002845087412896,1.0630040025824021,Ok,Noisy,Clean,Clean
0.6409194841446957,-0.2061905060215208,0.45074080734070626,0.6581691959095184,0.11671092618684999,-0.1946164808186269,1.8667689921918298,1.6724537010688358,-1.024492241816749,2.1957341911409576,0.4294630859954736,1.0980099328496187,0.2077115136616546,-1.2533386301549256,0.7670088721978207,-0.20744352541145933,-0.6984110752130027,-1.360464579325517,-0.4872636144748887,1.2285245593395495,Ok,Ok,Dirty,Clean
3.101174233166915,3.147230232470993,3.523431342364742,-1.2087505800179603,-0.5377203620462009,2.1165993615722343,3.026809750326395,0.29040938803447724,-0.16764771084568647,0.2663883874042395,-1.1485865798991022,-0.6200585767243287,-0.7900213615730566,-0.3208504205978689,-0.1836115222556393,0.7046437100325669,0.1976832450147917,1.391001928215338,-0.15333560159854326,0.21084417472937148,Noisy,Ok,Clean,Clean
-1.0981756760908852,0.5240430558755648,0.45014685689629014,0.42346804613610045,0.7552374251720861,4.54572825107303,4.339914413036229,3.3580621931150474,2.0419751021648493,1.166633571324826,0.6966957583654068,-0.5765724177182249,-2.130745418525493,-0.40810516388617396,-0.8433633323851628,-1.0327711331771747,1.059956432200157,-0.7053843003204474,-1.1397491952404664,4.691122539946259,Ok,Ok,Dirty,Clean
-0.9208932011685251,-0.3821857868787104,-0.39735007034213254,0.05130114903454358,0.09684246881712216,2.362535603142655,2.4453589446269355,3.5833197678508593,1.2062955976403913,3.465558755351633,2.977855878182877,4.659687645136597,2.380929379829128,4.127114483770832,4.540093699977069,-1.1681705813441254,2.1831212809826157,-1.4134183233466338,0.3203387022954268,2.5146073388371657,Ok,Ok,Dirty,Dirty
-1.277456487653974,-0.8564621561431213,1.0201259724198364,1.63064693963927,-0.5139341999833398,-2.037178598386457,0.5711518390094679,0.5592151995827459,-0.2634758383346859,1.3136132523876458,2.748924496344089,1.9081848872941989,3.243363664370553,3.472821707559354,3.9408768833282064,-1.05473048700235,-0.6794385983723432,-0.032353105270822094,0.20112289148738718,1.084757816766789,Ok,Ok,Clean,Dirty
0.1985593125756705,-0.11929239662400136,-0.00935168194137675,0.7596892461012539,-0.5643169768038822,-0.38019348397615293,0.1724294350105551,-0.7430838748813798,0.490749332344501,1.161363213292957,3.1556968336837543,2.6361144129504113,2.8556180649755096,3.57531118401133,4.359231520719813,-0.364940489722349,-0.09440625134274966,1.095558073023072,1.5986735361116489,2.957624605370707,Ok,Noisy,Clean,Dirty
0.9764420619514551,-0.865474944615851,0.6757404252420686,-1.5970570327836535,1.0679195500422998,-0.6094995378223181,-0.01086789523452035,0.8166090565561348,2.128987923151252,0.2446385867882681,0.5120221736574602,-1.1761690221869725,1.252098310094533,-0.9116091912658776,-0.2708040001786668,0.5268500326528919,-1.580758835552261,1.6747457979520455,-0.9398883412174222,-0.10032825189171084,Ok,Ok,Clean,Clean
0.6834962353327757,1.2320277403710314,-0.42415463921354324,0.8458667566285746,0.11239246561255925,0.7979485174824482,1.2468348916875638,0.10092316397204645,-0.5187569942095142,0.4867701637671844,-0.4151212142826532,-0.7959645040651385,-0.4380224760961214,-0.6921534095533851,-0.6499488106256364,-0.9469753784243473,-0.2343786545503956,-2.0683287313333656,0.5322428218399144,-0.9726843759720429,Ok,Ok,Clean,Clean
4.558811948835543,4.0678440853627755,4.192640123620112,5.81381392336531,1.5114483846256375,2.9796225127904514,2.3648892662017875,-0.2088757167959487,1.208884200560176,0.8684964459909782,0.031497991349105144,1.851474117777065,-1.3366041596694025,0.13139930222505852,1.246549359117842,0.24382506501845216,0.8933294112179787,-0.0067053459635455824,-0.9538440931078594,-0.10438205964119177,Noisy,Ok,Clean,Clean
1.8014080198529283,3.789944055830512,3.285672758934025,2.301401216919753,0.873665557474417,5.62882864371467,8.110095535087327,3.047688346099991,0.6235046285532831,0.7547460227338483,-1.0592077539694766,2.2192471446159536,-1.4799925844819095,-1.0814219411947974,-1.7311275803205677,1.885177343697287,0.6505862669393506,1.6231329047616532,0.615612958274078,2.7484475258619843,Noisy,Ok,Dirty,Clean
-1.8969257059622395,0.474625155165737,-1.7016113808176692,2.137646936390638,-0.7526259156560404,0.7367288845494752,-0.07580825439823703,-2.22307568780845,0.8598226235507752,-0.19088057046917228,2.643472726223677,0.6596594650208865,1.7932322996390753,3.1202606183165367,3.120185158329465,0.5788181689023584,-0.6607627408872426,-0.39104931811006594,-0.04659860262251893,1.5498043290340615,Ok,Ok,Clean,Dirty
-1.364307757037285,1.0187671711085091,-0.6620692103653065,-0.8247816976167762,-1.2736000509802152,0.9352154249410115,0.6879725044655944,-0.3839388451253986,0.7759931414419189,1.1124526019820467,0.8686593193270211,0.5099881892113266,-0.2451097120539259,0.9082273508892587,0.34179502236262954,0.472305893691595,0.5402292194127479,-1.7502827244461565,1.1037443589764693,1.0837607008826424,Ok,Ok,Clean,Clean
3.1501065692680528,3.296784917769319,0.9077444259061923,3.9970639160784236,1.548642385416956,2.8794497749753094,1.0132090598392385,-0.6575638274193496,-0.5715192967002718,1.2500122840779706,-1.0036783982866158,0.48990955149818155,-1.4733144820604542,1.0989869623633433,0.788261864233905,0.2887056342669718,1.000817107635769,0.9573588558118665,-0.4097653835274206,-0.675616443160455,Noisy,Ok,Clean,Clean
2.936467976497865,3.367240656360024,3.006315187133327,3.828162387633121,0.6953457875104729,2.610417717218391,3.7288886777023036,-0.8036382900262732,2.00630134701297,-0.7168007108865504,-0.1522929079356721,0.7937011968088831,-0.001259431749180171,0.8561081854153977,1.7887786570972366,1.1021999469648873,-0.7126842439083995,-2.0773311238152767,2.2770360771427787,0.7867435307830146,Noisy,Ok,Clean,Clean
-1.0760924624294483,0.39389538278732494,0.8297976117782508,-0.21175497298652318,-0.2117775511311245,1.583548250030933,2.145315031150157,4.0581879378046875,1.1254441509128537,0.6227593223635249,-0.6955435481746262,-0.05573076253006887,-0.534380208437612,0.024578039992733506,-0.42270240934213915,-0.901505957137251,-0.18545375809845166,0.6396666662897855,-0.1775970965833217,2.636594452023259,Ok,Ok,Dirty,Clean
0.39447161816877,-0.47100957745970917,-0.01820702010393053,0.47221058767545526,-0.9115425979833126,0.09296395784162732,-1.662977054115213,0.05213750221436226,1.4772028717816992,-0.1711292868270091,-1.0498722066462625,-0.7140206983266691,0.10645680730703912,0.24448803310294076,1.7787752381693624,-1.7901500129030774,0.044632254822398125,-0.4790398459147364,-1.14550940151042,-0.0979120607140618,Ok,Ok,Clean,Clean
1.2665078693780256,-0.4195845301485026,0.455105201318612,0.8874426670496603,0.10361615742758828,-0.5831569198098412,0.019151691256968934,0.5212222974217201,1.2328057378802357,-0.6223315695160918,0.6426511426191497,-0.9588724433148466,-0.03942599765780827,-0.3688264436739883,1.422995173879551,-1.1378398775405278,1.2523961459282789,-1.8227159618481692,-0.36346430913114747,-0.29394597109868864,Ok,Ok,Clean,Clean
1.481338251047756,4.783981316908286,2.3274812028686678,2.8706870986575335,2.7076538802861267,1.473510968258138,2.4174160963721394,-0.0796404023736894,1.2728076440705318,-0.3192202026745052,2.5677896108832092,-1.399780576279491,0.41451063255284526,-1.4919493490957512,-0.4379894288235329,-0.563633898958524,0.45647260858358246,0.10833698467545322,-1.314586385711132,0.23481614868244488,Noisy,Ok,Clean,Clean
0.7560011215495585,2.103706942943863,-0.30193397300769564,-1.1247707360870383,0.29645707593212395,0.5488520809416813,0.3309719494682651,0.7460403374240965,-0.4673817088253736,-0.24874878228805014,2.9907745706391866,2.1796615379409947,2.2094454889826776,2.8447599738235647,1.664850459850671,-0.09600910068275333,1.6105503320278995,-0.5690524317036636,1.3300180756459148,-0.9346921343016198,Ok,Ok,Clean,Dirty
3.805174814569853,2.8253778207357616,2.4519127753049395,-0.2007598550610391,2.1474967912403784,1.8549114304026386,2.448421981361197,-0.10977532430069586,1.2409012443014196,-0.7572466512899148,-1.244636669174778,1.709825703106618,1.063266305427995,-0.4033848928400845,1.001354773025585,-1.648225382332437,-1.112872669278305,1.6602388012895666,1.4890176218421887,-2.112692959740309,Noisy,Ok,Clean,Clean
-1.529489527912707,-0.21145616560017616,-1.0015462483933983,1.156971762207395,0.8707059499347743,-0.06951165049965848,0.2748298641045504,0.970036724316172,0.45528280075442096,0.11834846265784522,-0.7636907107349473,0.14178909827687675,-0.1012121563194712,0.6879968955934439,-0.9728915184074284,-0.15053065335665863,-0.4548820813987361,0.8950807143995748,-0.1285859142568976,-1.1530386601157236,Ok,Ok,Clean,Clean
3.555885285452877,2.196135880697808,1.606215671131688,1.323738686502995,2.845957033892519,4.789220448782638,4.14398578103789,-1.374965300384462,0.7582205681107456,-1.6968005631754508,2.874624521694951,2.7074534038600686,1.7131898631614602,2.7339571443376904,2.792357168866505,1.2691563105533636,-1.0370783072853909,-0.48745631532424766,0.29590228009843045,-0.3118861320953561,Noisy,Ok,Clean,Dirty
-1.309542482653251,1.0891729094696452,-0.26136047470377255,-0.4224112805483347,2.1652953556653,0.698369007729552,1.0805289357247942,-0.9296134830999246,-0.2834197273641671,0.43276575513415466,-0.9470907854117756,0.9211275097764303,1.6614363145607736,0.05545169119219568,-2.722384928896638,-0.9483315839548582,0.4900290669983071,-1.7753988126175004,0.9303424756277472,1.009605318510117,Ok,Ok,Clean,Clean
-0.02071775104729742,2.618769792736532,2.151881390580297,-1.1000549657468026,1.3867570520072845,1.5213848276737985,-1.0778282708220037,-1.1916127338920024,-0.599470083588946,0.6116321785199441,0.7847865087765918,-0.28461989369981944,-1.5008921399482447,-0.12038696833282336,-1.9462972393642493,-1.1396768396622554,0.5431027336684473,0.36096109085182015,0.11736573057155728,1.4090632215465984,Ok,Ok,Clean,Clean
0.8754677010720575,0.39905897684100494,-1.5196860919570465,-0.9825730779810504,-0.1872549229751832,3.074657245169517,-1.6869387614296942,-0.9282752725679977,0.8847652121673489,-0.8183549743765138,-1.2735748242546212,-0.5129605727703093,0.056166455168256274,0.8006915818471155,-0.49218650011356685,0.44200582401816707,-0.6151779223207383,-0.11997473599155861,0.6453175166265064,-0.9782871530909836,Ok,Ok,Clean,Clean
3.9403621714031005,4.317287826435959,0.6143943536812049,2.140838684733828,3.39642923589798,5.077540996533889,5.29954808417112,3.3463370920181403,1.1388155380048088,0.9097781071618694,-1.2373134399967867,-0.21859005546321542,-1.3190720707540153,1.0488867819349301,0.8732812041296696,-1.006611783116793,1.9973645195827838,0.8084625546578554,-0.9131225748889807,4.140955942539763,Noisy,Ok,Dirty,Clean
0.4402082825684543,1.2583049617792288,-1.2374589309318527,-2.980289812856485,-1.628254239795342,-0.661785860377961,1.0010666124674805,0.19853505211666855,0.7094320998044509,4.074006323482369,2.3735022378851225,0.9761760270908487,2.523567646903877,4.8138329676584,4.876685449783867,-1.377960415065775,-0.3248689290680449,-0.18899382078443278,-0.6357502483435841,2.733008563665792,Ok,Noisy,Clean,Dirty
0.9933459776702824,0.3517687012652186,0.8398538769997794,-1.4851401664478785,0.5594765329229848,-0.09836251966470672,1.7552824518650694,0.17224401095077288,-0.5803718591399305,-1.7224580686557807,1.3294952649641758,-2.395469889771937,1.3858024547950414,1.2910434154969148,-1.766164222868479,-1.2558622535566026,-0.1369197756537274,-1.8887089754430915,0.18457166614486317,-0.9441768732541769,Ok,Ok,Clean,Clean
-0.8013285738140119,0.19424682005193689,0.5614373438324746,-2.7154056452330764,-2.0204145619147544,2.803351343296618,1.3957212472211533,1.5159268177641545,3.071273548800431,3.4224929901726022,-0.14857217887236948,2.0765334453269557,-0.24250989070121703,-0.0496067844678589,2.564891734321519,0.7153751625752486,0.7690461394389317,1.42465553691916,-2.0671171133618778,6.076572011432455,Ok,Noisy,Dirty,Clean
2.3966302668825197,1.3294126348289401,0.033138202124441664,-0.6868064815149382,-0.5362679446022381,-0.5182717696602381,-0.15068978016588677,-0.5394135143545512,-1.0833018384416615,-0.6420799332556529,0.5115152698386758,-0.5484281893295396,1.212428710996161,1.3446864918366288,-1.1131582686963957,-3.002769232171924,-1.0277334546985135,-0.6292801065797893,-0.17275179625390533,-0.07770814206248737,Ok,Ok,Clean,Clean
0.2584424696716028,-0.060190162400013535,0.03732221795859032,0.5318593521067593,1.1267312781151595,0.45606096751624,5.03391745149397,3.327869761712478,0.9087571594577327,2.403999299646837,2.8716482839725157,3.0129231138704995,1.6732387800200188,3.88208070142678,3.72506602230824,-0.6484758374246281,-2.885459489186542,0.26610829556459487,-1.2390441657629958,6.043800888153982,Ok,Noisy,Dirty,Dirty
0.14536800340361447,-0.4090934241776892,-1.0380477432154087,1.4667480316216361,0.3274662008000427,2.3701958019766503,4.671085439237163,2.2484307756621718,-1.0725997768596796,2.0888581994773703,2.7303346648868927,2.8007056394043763,2.7006180551599837,1.5479867143383188,4.746346646617576,0.266758797748008,0.5111513477456993,0.48345041821809465,-0.036129687990940365,1.620719384212393,Ok,Ok,Dirty,Dirty
-1.5718469371160448,1.6916827438376687,0.50832476021058,-0.8651801636735711,1.1030157024369909,-1.0860069226137865,0.2950993768023343,-0.49637506742171983,1.5203702229144918,2.6992348532402115,0.1663998154331088,-0.4978807544389536,-0.41967267815376474,-1.3316592318568687,2.9481201779165627,0.9112964562655501,2.1316120662282243,0.1849460439611091,-0.5366044453920743,2.4691944165626722,Ok,Noisy,Clean,Clean
0.5823461167669031,-0.08067819732879429,0.7343279922522049,-0.4536457754242313,-0.015937217366337124,1.1908186919627806,-0.5044216612722658,2.2206757254461564,0.4766387089400544,0.10416100220722965,0.4570158458916276,1.7850340192515581,-0.16432475335347482,-1.7694184494721834,0.5963883749812193,-1.2121699907349794,-0.40066782290587183,0.57116627933549,0.8996044520702803,-0.11155153227962973,Ok,Ok,Clean,Clean
-0.46304046220857875,1.0542292271253046,-0.5445322989843694,1.4472003014609192,0.575083671674302,0.7926230948988319,-0.3724815597045708,-2.540050532323638,2.282070463073948,1.0339373150983597,1.7986917113893102,6.285204407505986,-1.3398435546978893,3.8703095391971614,7.897970937646873,-2.325861135554136,1.4166052780581313,0.03929527941196388,2.017215118764552,4.52229732600295,Ok,Noisy,Clean,Dirty
2.373559499411467,2.6578778441730777,2.070885036559469,1.6740534999600531,4.55691611149525,3.207179941310947,1.2905548294059834,-0.957241730111084,1.7747741891291073,-2.508026218484196,0.9999253301456893,-2.3660421825964266,0.2087561626881819,-0.4123023101768933,-0.09423507147670912,0.3703767412654136,-0.2337606566087426,-1.4723676040413956,0.4381874021976756,-1.276489437676266,Noisy,Ok,Clean,Clean
0.32014272942579425,1.1622778714569464,0.15730817838792815,-0.6788934039886313,-2.36693366682814,1.660248419213975,4.98906085586934,3.203980058998661,-0.03957522861548617,1.9907016004198266,1.0568083181613543,-1.89467616185462,3.0159192407178024,-0.47954984274885853,-0.31172031385782417,1.259083442573311,1.2381353918822418,-0.7891683568516147,-0.5601191114192312,0.8194254274748217,Ok,Ok,Dirty,Clean
2.4479035371625386,0.1009305997171304,-0.12642642538018123,1.1355497955296183,-0.6266007830419099,-0.3629060563468815,0.2390552761353671,-1.072777845838698,0.14978523418704193,-0.5099995302049442,0.11525445232609201,0.2570357878696167,0.6487913017828661,-0.733730910590922,-1.3011307929695874,-1.1205992180197881,-0.5623993974583823,-0.18512889529769902,0.4975839502112771,-0.41181293867184265,Ok,Ok,Clean,Clean
0.2487134003073195,-0.4739695961814936,0.40905214080649654,0.8751373028611011,0.19522369210835114,0.9278926481262293,2.3214951793142324,0.13459653569286933,-0.3855898525928289,3.975295714281791,2.8740087570064246,4.400418677052743,3.6658266764598237,2.3869727537777363,4.547668187741973,0.9868662778182344,-2.4981483300163907,1.0761147987861377,1.5791110583833712,6.999696924372089,Ok,Noisy,Dirty,Dirty
2.776571610212802,2.842020516592429,1.0204060820686636,3.6382426867526405,2.276379307735792,5.939737585880292,4.372285972171872,-0.23587413065754476,-0.8635711830331941,3.589557345856164,3.113879753865889,0.2999794487729313,4.607278433066697,3.553442830727565,3.7912869326001544,-0.17437767652055872,0.13383784320665212,0.7060853181663244,-0.2329521115940423,3.522261396902645,Noisy,Ok,Dirty,Dirty
-0.1038675450990147,-1.8121211212372843,0.8440305106895062,0.3387409553224866,0.751060231547027,0.6762719767028332,-0.812770148903207,1.0631508820058189,1.5009855683343767,0.14978988138863789,0.21964588106686384,0.3544403919039103,-1.2946453702368674,0.6418648493931645,0.9189127080187196,0.1257432072965469,-0.6974547551412394,0.8779570957908602,0.06145547761990143,0.1671095602606465,Ok,Ok,Clean,Clean
2.6876714568489546,2.001584371688141,2.270060226536211,0.43922435655496045,1.1575089070592228,2.2333563817868236,2.691267390479481,-0.2161572948964842,0.2110533106272713,0.2844311714429261,-0.7409205134678355,-0.3412056853845874,-0.23773655942859404,-0.1277536845980093,0.27004899568535934,0.46458681311362615,1.8602998870570424,0.8163417151403545,-1.0573677135628232,1.5052349952817545,Noisy,Ok,Clean,Clean
2.2034463191668285,4.348445239352496,4.530317324621547,1.5559749396307216,3.2598607781120172,2.34999539912808,2.5539809615326923,-1.448014247207939,-0.28853901937407617,-0.19269589766236206,-0.5560900110729976,-0.15955117675161853,1.415301289506147,-0.458670312531053,-0.5815780273916759,-0.21543888114295526,2.049052852941268,-0.5673312325006792,1.08334740721645,-0.1692535502240734,Noisy,Ok,Clean,Clean
0.08726720703083458,-0.4688334418665737,-0.6706912243560896,-0.6946465890923517,-1.4045356167488723,4.222317837478013,2.7559896848229615,3.7314746909355105,1.7289303497400057,4.228452391599117,-0.26685296563693245,2.010503285138781,0.30143640221630863,-1.0827829388663819,1.1096098047750549,1.7340302107207302,0.5933628053880604,-0.7763049673523827,0.7034448361836058,3.3808527267159807,Ok,Noisy,Dirty,Clean
1.3244875517098682,1.077138927398784,1.440014234278392,0.09350693449294557,0.28368632575714176,0.2228505536616624,2.8979069631999974,4.064183557037585,-0.007722538157340035,2.385591961931726,-1.3116956653223233,0.8198257643484927,0.6862172484090455,-0.36421920179085054,-2.2618202535227163,0.34028776881124617,0.7985454215518372,0.751093323387595,-0.8450117254745134,4.957885213569049,Ok,Ok,Dirty,Clean
-0.42224540199756555,0.6750323353632705,1.1134344612717288,1.3384204677113363,0.5481911071586579,1.3684877565433697,0.11320898816950752,1.5224648256793416,0.6732827220167111,-0.13820738906245467,-0.8334503373821744,-1.2229392850257204,-0.13779120169930145,0.535258445553713,0.23577848055543818,0.6443965520313273,-0.7206151253099541,-0.7631859076862365,0.15286130805976955,-0.917992247432824,Ok,Ok,Clean,Clean
-0.3949190027940853,0.1112432233246805,1.1323928833346608,0.6737599778734943,0.10326314135865111,-0.046086827946042935,0.4547665379643159,0.335168312953846,-0.31038560904340884,-0.09054574666585881,3.4801117530685235,2.5010102167186186,2.2340220093155088,4.981265564553962,4.90828029214373,1.0101757687702209,0.7541738094016442,-0.6049337529208662,0.4681347942493389,0.33919009889976554,Ok,Ok,Clean,Dirty
0.8748866043168851,2.5645574011819456,0.019613415275420272,-0.3840843798583203,2.424633074376607,0.5838227869226349,0.2006250677258175,-1.612535040943159,0.623716364426591,-0.9967685799959652,0.015338190537102765,0.6565335911406954,1.4057620711511307,1.5611387814383475,-1.1613447581214988,-1.0537487234155907,0.18868058062474968,0.16353553327521295,1.3272772995017579,0.27067273449433593,Ok,Ok,Clean,Clean
0.42885923972872886,-0.9693968083180261,0.6771582295858016,1.725825819568739,0.6661045399940341,0.8916275656485657,1.5097775808706246,0.8740087996895225,3.4836142857251806,3.6636153129216673,0.7555216150632957,3.00952449268365,0.7507111664176527,2.9328801954046497,6.032945002257892,0.6839261247024043,0.27024583578982675,1.0673211620965906,1.6212867803548674,1.3824306217040139,Ok,Noisy,Clean,Dirty
-1.3180052926568213,-0.09809780671796416,0.33248512718998613,-1.6457863157087123,2.435609090384668,0.043579440036386356,-1.4726267495882046,-0.7085009630918844,1.1509146555138432,-1.1503465775494508,-0.6318516391011055,-0.0705334230737472,0.1753189226374328,2.8652931423031625,0.2321404507268343,-1.3861768844773397,-1.1294493871951152,-1.0744233259814713,-0.33685054196501873,-2.4533284820436436,Ok,Ok,Clean,Clean
3.8619336666872233,1.1924882819553007,1.9854158976973373,2.915654834467852,2.576757762084105,2.44438863421562,4.412245251148447,1.069800264276272,-1.2694860223537783,-0.08289627152857734,-0.3084961796911815,1.8771253165809345,0.5904900686461294,-0.12888854731047367,-0.21950738686508198,1.2519490202634114,1.3184843211646113,-0.22577860180599202,0.29098964938186905,1.6592265400258401,Noisy,Ok,Clean,Clean
-1.6940668630918188,-0.19769645616455714,1.1856645492645246,-0.12984420066734234,-0.32100051496354004,0.8646504890017271,-1.0723792806875951,-1.0278463305183396,1.3195870457048993,0.5165367313611132,1.2687718890207982,-0.5394921557539973,-0.2936905828635848,0.3587980595738224,-1.0012064397654596,1.3132841426269026,0.44072237622624255,0.22340226072415056,2.4726335330771656,-0.48689677479837934,Ok,Ok,Clean,Clean
-0.7762382550676292,1.8220074096397392,1.4889848690544587,-0.13431079298172424,0.8364679397491541,-0.45213350488944654,-0.30879430452528056,-0.3904662528039229,-1.910164779209655,-0.7918111838539094,-0.17635524753949486,-0.15079705251883235,0.6829668412192259,-1.2865906015563247,-0.1885154896948502,-1.2361116998055792,-0.4190770928652512,0.5940145803083603,-0.23782350465768526,-1.1962418009634268,Ok,Ok,Clean,Clean
0.9018658498026902,1.095662965978421,-1.8914704977326948,-0.8358185054841386,0.2347852724545931,-0.894777468735715,0.058726547751341764,0.5298883682086881,1.6342727680804106,2.008623726531789,0.9865011810414147,-1.6063888026387756,0.6958806435228846,-0.8696791313282651,3.3740797895423733,0.9473027549684898,0.01419011986840724,-0.7991410661609906,-0.14800626904442465,2.2590421733922756,Ok,Noisy,Clean,Clean
-1.6158011874155964,0.8949454225266312,-1.454879104213924,-1.6049336821742917,-1.431799426942485,3.3933988150966354,1.5012285026440166,4.345220803019697,1.8905607293105404,1.2002769910422995,1.1927442238416643,-0.7613982518675566,-0.5240521912962046,-2.741290008609584,0.18070490019560687,-0.3657126728215112,0.45137753510305934,-0.3624748477495382,0.5344022275488344,2.578906411997589,Ok,Ok,Dirty,Clean
2.5683693785025765,2.452370713073825,0.8361280007897562,2.331059490251123,3.0052326170903334,2.187703272522727,2.058341745770513,1.3015576425337134,1.1781103179115786,-0.08081165510124448,-0.07672218934045015,-3.0458273529974087,-0.957664293431012,0.33605948160448107,1.2916080521875204,0.44501578867029257,-0.26730709668621916,-0.8045115430280527,0.07891463952970265,0.23231181332017606,Noisy,Ok,Clean,Clean
-0.27300683616465055,-0.3188711669051882,-1.0124695205930867,-1.0258385378840473,-1.4771459880782198,-0.020518332323262115,0.22423499143974265,0.29640257021419214,3.1656598149495636,4.97521537278895,1.8812440666315577,1.3980674230001988,0.2724026610998622,0.3437621250227561,1.16081481319485,-0.03296658456887265,1.3637947647969468,-0.2526809554279714,0.39334482702632995,1.9657749558240023,Ok,Noisy,Clean,Clean
2.7064804417415527,3.3645743315422014,2.2758478116543803,0.8713162648262988,1.3086772496046422,2.3030315226565663,0.7071179211925998,1.8389677196013958,-1.4708067160542277,-1.1025807968392665,1.7749791200656395,0.046390604122250385,0.5901927467893763,0.2731461909769894,0.6083940188131668,-0.6555145514096022,-0.6051598889573077,0.2330300821612084,-0.586933465099732,-0.21976189252979614,Noisy,Ok,Clean,Clean
0.0937698530010167,1.690481998254612,-1.0938887803476895,0.9197238978831893,1.5189759316598999,0.3087389320095304,-1.4318749718265922,-0.5734602291617433,-0.5769191044455779,-0.189138963651339,0.7767602768575352,0.7685510586620178,-0.31927964767380324,-0.6333334909947976,-0.08619477711208764,1.0676533545499804,-1.6078405279083188,0.9170450092088164,0.880136073098716,0.8550443676815869,Ok,Ok,Clean,Clean
1.5623400011251316,-0.46681692983809153,-0.5571159939950515,-1.8939400570498017,-0.016386079822268314,-0.9956816196571849,-1.4497781421898726,0.0421177149707245,0.9968124998899673,4.935296834212764,1.3267045096189811,0.18231593720535644,-1.688920121792907,-1.1113801923739306,1.9209830727054127,1.1921310756772898,0.05805935576316758,-1.6446024832479336,0.3028520292771423,1.393570385028815,Ok,Noisy,Clean,Clean
2.1135000594268267,2.2417596688650017,-1.3042793388550586,-1.2754236700207786,-0.5464191569112576,-0.4994532665154599,-0.45079225950247914,1.9092032505803123,0.8815508722029659,-0.43335421051727097,-0.624193434732116,1.4611850275943123,-1.2516936845571989,0.8030633157070043,0.3925096657671879,1.5615061047096825,-0.2974308549096398,-0.736210894768382,1.0744012620072514,0.37899601900637325,Ok,Ok,Clean,Clean
4.111884601767383,2.163672601351503,3.814207117782338,4.081495249770859,-0.27727173089008506,3.6205380585834974,1.032099305932831,-0.22251559858831582,0.0006624169918404561,-1.544394196608232,0.279371577129697,-1.3116908156791882,0.29067650511233667,1.555367931494767,-0.058896893376520584,-0.048696919182386826,1.128698437200143,-1.9368884611734047,-1.108294311734682,1.4529893035510757,Noisy,Ok,Clean,Clean
-0.5470905307371102,-0.19896374310543744,-2.481701163487486,1.2346273937958134,1.08440414936451,0.967481367950787,1.9275513788229481,-0.06847557633562538,-1.4125824481056373,1.5293940563369588,-0.9265657310698197,-0.45077017432181155,-0.0065706101374184015,0.8358237023063173,-0.7346144593070255,0.79136728454541,-0.22517796037656423,0.3511654939434535,0.39248721992615815,-0.16255598201442867,Ok,Ok,Clean,Clean
2.495839323627795,1.5250916697329338,0.27676471001986186,6.859885563610668,3.1157997074867447,4.038536978694527,1.4496977586191508,-0.7666494967306133,0.22229110121013437,1.6199465080513407,0.4259224445645929,-0.12582136620291356,0.1725720875402568,1.4397374390329065,0.14242248265623195,-0.11940742516898278,-1.4768136771848375,-0.2993188931037213,0.6719445429814989,-0.8162791250376253,Noisy,Ok,Clean,Clean
2.032324127560505,2.2128859731125203,2.1753502653996493,2.768447017366844,2.8825580184207826,0.3986789165159742,2.881264805114627,0.4915789565994836,1.4628099917297501,0.09893822173645152,0.9970221796187154,0.3368548252522896,1.179162758802588,-0.21919094569873532,-0.26437559834566426,0.2861998816755257,0.08540736239035092,-1.67241351945772,-0.5590616692567334,0.12256702209274527,Noisy,Ok,Clean,Clean
0.438080100910081,-0.6187179794749874,0.05786685583832167,0.14938071571578576,-0.28082932316408993,3.6678952855463365,1.931958887673132,0.2808980471759803,1.3572621690883946,2.0623545273508532,3.71905966009036,1.9796608135635945,3.7242639141683687,3.110542464891458,1.6043313822862837,-1.1996355281210405,2.093303387821789,0.04977913304501846,-0.04879742742212157,4.706505925085215,Ok,Ok,Dirty,Dirty
0.19713280308341277,1.5838995575556167,0.9110741947692014,1.1094209552697036,0.8621871645877569,-0.4352187699229421,0.3355554999177926,0.6363209315474609,0.7316568391665841,-1.1623292383764088,0.07379317780978924,-0.001558233928767166,0.10934330918713195,0.1776808132651958,0.9665958792992222,0.3453228546693306,0.4455407364586194,1.0247037921401732,-0.5367971114403859,0.7755640372585032,Ok,Ok,Clean,Clean
0.5506463986404638,-0.41290832690951024,-0.014709583976441174,-1.0640688928685997,-0.9138291656777953,-0.12098697546925893,-0.546554683566237,0.3259808897799831,0.06828139537150446,0.3624051178871801,0.6586279900879558,1.220151034216693,0.21400821190708122,-0.6469624877807388,-0.21943705164213018,1.0737030956285984,-0.8671387875261937,0.005433528375863914,1.01423454655482,-0.3725869102467248,Ok,Ok,Clean,Clean
-0.015428411307647728,-0.4364013608213416,-0.9820349350887938,-0.7631756322471867,-1.9584149177044003,-1.4468367341369128,-1.4586301426380102,-0.40498308341046546,-0.10338108051177511,-0.09707868269942069,0.3587835670673803,-0.792791598492334,-0.25330152291225155,0.8240267031719141,1.6525647094064688,0.28917479386865225,-0.15147048683029168,-0.38698147716392656,-2.246308160189811,-1.8839461953169139,Ok,Ok,Clean,Clean
-0.10243769877860079,0.7174383118260046,1.1471110170525454,0.4687287794025961,-0.8678968262991709,0.6492635442829885,0.30724088995442883,0.14376368946301707,2.4676438575287136,0.767573672739378,-1.753297672559475,-0.6692363430666823,-1.2892302340010495,0.6840090994119519,-0.8987044967155305,1.2810564189800477,0.8825875114480678,0.3890359693323674,0.66185077640067,-0.2628524602629005,Ok,Ok,Clean,Clean
2.4055130675568104,0.655375880833209,2.024449593366668,2.4705512565787284,-0.0842854354325725,5.150926027972134,4.372749046666643,2.9487655010017524,-0.09400715447258355,1.4451131027377557,-0.3552780151216895,0.9298083494171011,1.3120198445769264,0.14831309743949844,-0.4238597110224006,-1.931607863388351,-0.40762468284208936,-0.25403415827528575,-0.8223759632823102,1.8086129301145106,Noisy,Ok,Dirty,Clean
0.15919714702515644,0.04427545311164254,1.5341045509421622,-0.47588397002584876,0.2561958057847154,-0.026523640335425213,-1.147028734420683,0.9821934074185813,-0.7726017314077415,0.28655897068645647,1.266337209439252,0.6271897742168256,-1.435789343665982,0.1754399743189939,0.10641501325971713,-1.4079798944146584,2.064962531894414,-0.4294098748918361,0.058258622453613323,-1.1512850598023585,Ok,Ok,Clean,Clean
1.2956127959273365,3.5944799016412388,4.077812061048019,6.109986602624157,3.236999373273501,1.6431178218851672,3.4596454299757005,1.1006909300495307,-0.2020116835709563,-0.21065476959700805,2.45537858711314,2.8675464307940746,1.6511996441819186,1.695524874824026,3.271661159660201,-0.2538471276682487,-0.3550069926259109,-0.31592766747732454,0.6137528816244969,0.7643184746061763,Noisy,Ok,Clean,Dirty
-0.32900058222384054,-0.21059209386222358,0.810299895082646,2.058624191527097,-0.4936709893089376,2.969130474854427,3.630902755911091,1.613846465326278,0.2529833723950587,1.5265294377108607,0.4894566243193413,0.7617256332734408,-0.7947595391079553,-0.15553927792529637,0.27483677476820817,-0.8451279205548607,0.0992006371075687,-1.4358780817877939,-1.3238290444594274,1.4677356093794305,Ok,Ok,Dirty,Clean
-0.7083523393538875,2.6765642193225925,1.5049783151153406,-0.3708081832432758,0.15660452883128995,-0.49232336199472787,-1.4957825971869536,0.3414173208107789,-2.213690293352333,2.1847728586422877,1.2953247493880569,0.16901320476178186,2.1150777968135257,0.3665172620805168,-0.518268692975751,-1.1168418050440778,-0.7441695745745202,-1.0121999428062747,0.7358634893626588,1.524674406016472,Ok,Ok,Clean,Clean
-0.24419945481718752,-0.11193163588908582,2.399029458475149,1.016702119111493,0.6125910302886758,0.6244789811646759,0.6110327847705154,-0.17532820741713095,2.0941767927309747,3.3878821285997853,-0.7934079294607652,-0.7225445480453513,-0.29338044029711213,3.918137973357012,1.8132702490932224,-0.738302810908745,-0.15678698519374432,-0.007843440190667149,0.18053823016870799,2.440951729852805,Ok,Noisy,Clean,Clean
-0.18738608371893642,-0.0872370825332053,1.2376294059704,1.0300563208486775,0.06184424462163588,3.4409857446593684,1.7299080827589721,1.0290094409874269,-0.8151798234338492,1.806700557718475,0.6135088191802203,-1.1401276894945882,-1.4434602206350011,-1.2173162353968416,0.7626245507717948,0.29381992396255197,-1.3790803596449628,-0.4662948474304365,1.146069845499362,3.3038520582068576,Ok,Ok,Dirty,Clean
4.006255952487985,3.23701750004533,0.08065401142066689,3.1857672114892743,1.330549564209769,3.4247981166357495,2.3597720162736913,-0.4092902902610495,3.0600170641148643,0.9681359710390736,-0.0396285191536013,0.7567381474879018,0.3940574186296311,0.8071969123840799,3.100685541678816,1.3846578121821826,-0.6545329450213938,-1.196351182649691,0.6589515424221474,2.766822728741993,Noisy,Noisy,Clean,Clean
3.6723207852540316,4.294452750948773,-0.6386629265863142,3.819324641834878,2.8623001431286506,1.382470009104089,0.6182144297576515,-1.548429945876182,0.08640950499882807,-1.6344869070646189,-0.4401300832100961,-0.7469510950460453,-1.06155437601766,1.1381377616467285,-1.0581693547417694,-1.6564588278087538,0.31512001590924754,-1.707902972903271,0.6043770480996619,1.2661137493437926,Noisy,Ok,Clean,Clean
3.6924623845226767,5.32121118356558,0.6447476890411762,1.5378055897259733,1.0990492926188231,2.242494509282145,1.751981799055524,-0.3564781504481771,1.5246057672938393,-0.15727690708598002,0.6111217429060894,-0.4080114842013579,-0.033334616189910626,-0.9426831185765754,1.5430158078318368,-0.2311314101501702,-1.7694923592871852,0.028113411476697662,-1.204344935414448,-0.1493127927794372,Noisy,Ok,Clean,Clean
1.5940495382018838,3.4764665308463965,2.101979829610889,3.5039194530355244,3.663950998375098,2.779767331887193,2.470110059429418,-0.6309902647037492,1.0865858584449057,0.8080994908536022,-0.5633604790082322,-0.015866709420565582,-0.893872777305213,-1.7292032716903372,0.8681239983520419,1.0706470880629904,-0.4897725842046812,-1.9268317741975136,-0.7509599787570235,1.1127054678341353,Noisy,Noisy,Clean,Clean
1.4361761412821081,-1.1696824650015691,1.702592944030683,-0.9139567545499868,-0.534484511675577,2.2845050427231137,1.5314251515057127,0.0299318959609751,-1.144056941240262,0.16743487536868534,-0.04067053587111384,-1.7735156960734157,-1.0253147021014568,0.6862608292511643,0.26981276097514756,0.6364353150495375,1.262060625838765,0.5864152698189609,-0.09376448341529431,0.0008233008818188764,Ok,Ok,Clean,Clean
3.786700325352118,2.1735152660344927,2.2348382829424476,0.3413514450627412,2.4555021744633314,3.790175643719378,4.702665772926929,0.725180351166151,-0.5801666645239703,-1.5481790907463555,-0.660879047656,0.8630907948955253,-2.441814994296463,0.923977844788775,1.3574418197447544,-0.905585001435813,1.089705157263522,0.1917437110660186,-0.8063342222532746,0.49695297674421435,Noisy,Ok,Clean,Clean
0.1702508503976484,-1.3784648805848185,-1.0631455291543888,0.16519222182210988,0.5782750280658664,1.5192483814148423,1.1682008413786378,-1.9782739047393174,-1.7627572390770339,0.325072572301084,-0.7502644026685855,-0.08059447272241921,-0.3388063851513312,-0.4143390653676121,0.2836103707545541,-2.304758076918871,-0.9362109878058795,0.6983269713261425,1.1666975277755263,-1.623098511118886,Ok,Ok,Clean,Clean
2.512254249539149,2.9452564133445547,2.625338432491373,2.519501882219516,0.8288205649977284,1.8839967117045895,2.5042578591242632,-0.7107255135374467,-0.18024215464261592,1.3281287948887397,0.3964064538276459,1.2546110163197937,0.5920497674877931,-0.5531014005781382,1.8712018625073568,0.5783449567896619,0.8721924227110491,1.298044112719174,0.2987778685965457,-0.16194643370978679,Noisy,Ok,Clean,Clean
-0.31742924462878486,-0.3998450021873145,-2.2378711150781423,-0.4705144594155762,-0.6645829103752379,-0.8604345864093101,0.9087130876789943,0.0563751106869423,-0.7513931197329258,1.5036562053499993,-0.15317481761159132,-0.8389956917954314,0.088741762623335,0.8866444075010063,1.0993648901329922,0.05022014935765946,2.102863080011225,-0.28848968610484643,0.04340068479955519,-0.07736614564757893,Ok,Ok,Clean,Clean
2.7558055598378584,3.361308919386083,1.7014797200405907,1.9562285997761988,3.3113414595048045,4.861058561125088,5.045365198492495,1.7375230880464791,2.5465360013369507,4.66147201564545,-1.553382115532195,-1.5963295178427785,-0.2258004170189473,-0.44987238159847426,2.34764661701988,-1.2038716615913994,1.7840700022961362,-0.7106741626380375,0.9398733804562335,5.110378322273648,Noisy,Noisy,Dirty,Clean
-0.3934344713484219,0.11702606579109852,-0.5443510277386159,0.18302388654339236,0.8615413805334997,0.287924527939362,0.16411575822613886,0.8682706325711191,-0.4761390934076755,-3.4051462306308338,-1.5610781033764283,-0.31150071161787213,-0.18235308227220232,0.5087457403873701,0.1473054771585389,-1.3447208861743287,-0.05478883263437674,-1.4677334718770683,2.2920653495819474,1.5636616382122002,Ok,Ok,Clean,Clean
1.079830803636323,0.4418120165791643,0.2760155570707355,-1.0589362417951766,-0.6282795409116325,-0.5205702087322056,-1.8018318307237418,0.47303945966331207,-0.8396499968122848,0.410920344369151,2.4077800547263855,1.2560934514285642,3.857937582307978,2.8381390364788897,1.2699782062450464,-0.2189165246431714,-0.04727561316007145,-0.6425678837097312,0.3822794379839952,1.6353463988315677,Ok,Ok,Clean,Dirty
1.554890359900409,0.3507476811004395,-1.1946820569578378,1.166713227596028,0.9282169209455602,-0.39369981532995174,-0.9570305971996435,0.245467935494337,0.8379360334879176,4.163737380393053,-0.06522796637536188,0.679091446855902,1.4943916418123715,-0.30383203531344316,2.2687212818744444,0.23821890576030022,-0.4959913303320774,-0.05704154104461548,-0.7372921563710328,1.8578208218123342,Ok,Noisy,Clean,Clean
-1.367430212790297,-0.6951029863983641,-1.510722188722502,1.4122547108281926,-1.5015805986542115,-1.0881562074675335,-0.13672643357402794,1.9220925589519122,1.763970513630636,-0.10960634295206483,-0.8332572522549758,-0.5559339258350976,0.5661009088636548,0.03254733098406941,0.7362822117509001,2.0515994459708056,-0.7228096857902025,-0.9700187478215377,-0.8181968844263177,-0.4489292894386524,Ok,Ok,Clean,Clean
1.2072735347888954,4.885818382728948,1.1628758181574783,1.5383297302603356,2.1556251287862187,5.199381334512282,7.72928047447406,2.2364735330833394,0.18092390606018036,2.3489142278643755,-0.4955848728341678,1.9231975844152611,0.08853936250935826,0.9721942796951611,2.6717413001072474,-0.32217893217693766,-1.2731087179297909,0.2075482970732647,0.4347376004261657,3.523705503886389,Noisy,Ok,Dirty,Clean
-0.6416810487400552,0.2975719086468183,-1.5295001877971972,-0.12348609084853152,-0.5279254794214701,0.10973578583294527,-0.2230700322009674,0.7335652061771444,0.0981187443394305,-0.06310987553892075,1.997128223131155,2.6469861666473644,4.596658050423476,1.323848319828874,2.295071942646149,-0.7879211843125526,0.8049020964891467,0.5079774821864894,-1.0179430393724989,0.7089184958970769,Ok,Ok,Clean,Dirty
4.748765863798978,1.7305203450228988,4.8084623561724005,2.863472479963061,1.1806619676269257,2.022378210611056,0.9671767016988516,0.7361003681889126,1.7269526834575843,3.333334871655185,0.8254111096388944,0.39135567285042633,-1.4101725538687027,0.8692933674869725,2.4814861381605646,0.5738355324678316,-0.9449423407084747,0.6010834817551063,0.6877517997897603,2.1982634457015617,Noisy,Noisy,Clean,Clean
1.169445149132544,-0.5729746434406496,1.7170708053686632,-0.6113539775695158,-0.16743394849445228,1.3773194831058029,0.611695069000294,-1.3337993777437782,0.40773835304656486,0.045113257926557286,4.315443801807488,2.9902746871243298,4.011210239684175,3.9319095127482884,1.772528855559747,1.6091688008208365,-1.1115049939042807,-0.3502744316897895,-1.5195942377639355,-0.5233277778180281,Ok,Ok,Clean,Dirty
2.3778936414413185,1.9917186560767444,2.3707753167319843,3.3047186466900698,2.8405545670530508,5.097762796057032,3.677383355256679,2.066774811256675,-0.36200549961000567,1.534086551957072,0.5895512124177602,0.05552942880135219,-0.5988616765265958,0.3666780527101687,1.0650290039351604,-0.14669295759129936,-0.31759681180817406,0.9185789922847553,-1.3865283614489778,4.771992023984132,Noisy,Ok,Dirty,Clean
-1.5494720019320734,-0.08572230197673897,-0.13180992514805712,-1.4828931398803449,-1.1329484090893431,2.2229182715194633,2.7999154601859733,1.7038826444720925,-1.2988350091386116,0.257033862967268,1.2355229339448082,2.803650619306854,1.4312082704857503,2.67765395887494,2.604432483782934,-0.20055944053781483,-1.315688696138151,0.49726218199681277,0.12011780438142723,5.246415919117564,Ok,Ok,Dirty,Dirty
-0.7388129489735186,0.835941837855543,-0.5932428460777123,0.7893337950320773,0.416815812198733,-1.5931169052492615,1.1213420006461172,-0.18336026566841965,-0.7190040013405856,0.4741347082511184,0.5968948740575025,0.3236799728657866,0.4500840272864418,-0.7944875510470742,-0.2870849292776626,1.6710708678157882,-2.4236121378463262,0.10520633614260563,1.0095607382018303,1.2298001494313426,Ok,Ok,Clean,Clean
3.6030813442337575,2.8428797286335445,1.9768145964905328,1.901306405825468,1.6808039045144603,2.9241304068440543,1.967841616273823,1.1981166789796351,0.9909581758167785,-0.6461058633856513,-0.10545025906900242,0.8153305459604431,-0.5417240500627081,-1.5885961696470434,-0.461708086867634,-1.1632785410714344,0.8606625361272272,-0.029549614265465936,-0.7037382651010772,-1.018276976570993,Noisy,Ok,Clean,Clean
0.5762137282547611,0.3659961411023325,0.6994277695869732,1.2081072221375568,-1.2275684480839808,0.6170855343735892,0.6451401200011332,0.6372253439171452,1.536582759802006,1.675733237956238,0.5990323777030332,0.7730371718821812,1.880374760081987,0.2739525096516361,0.23752513839221287,-1.267613435894505,-1.0328814083759457,0.13613139874845392,-0.6148471763130808,-0.7695097875768249,Ok,Ok,Clean,Clean
-1.0773727247994571,0.31884687165893294,-0.37980230294565953,0.4916693306316231,0.33882660959427274,-0.3555951685208734,1.3149026793969203,-1.4678199802088885,0.49969055953691566,-0.701989032561857,2.9857642927143275,2.2449328922842406,3.21165654496437,3.048699753709396,-1.150114427999544,-0.4932505642067823,0.9220816663586835,0.48880673227258004,-0.3030940508742599,0.3382540601683657,Ok,Ok,Clean,Dirty
-0.4546695395783001,-0.3971952406044382,1.330677905109667,-1.468365140458133,-0.7400218343546769,4.346602160906578,2.854658174795621,1.2771133593097803,-0.7151600701895421,0.3826860330328373,-0.3722481508158004,2.284490423664387,-3.732177231923004,-2.0628299368546594,-0.0030928270961320457,0.6297627379324565,-0.9488114972805395,0.41799719253277257,-0.9377894832925293,3.624943734579996,Ok,Ok,Dirty,Clean
3.2899797190336937,2.863574492180628,2.6958231449377728,4.760674652468361,0.7868378441955588,3.360242200789071,3.6822572738730273,-0.711078953732704,4.175365504029404,3.4537463942022715,-0.4736485796858475,-0.028324436860877125,0.021949354521725393,0.08518323093164223,-0.35312304175462106,0.5128033776327828,-0.7953999483605273,1.8089338912589012,-1.1913604200793895,1.7653286267204673,Noisy,Noisy,Clean,Clean
-1.2982242371857173,1.9354120712590588,-0.5636137957646128,-0.10657798839350312,-0.4335440939586171,-0.9183277282969451,0.32834621349728976,-0.986316313470889,0.014480359384038072,0.6701257245165619,-0.052489524490872325,0.8489741154550068,-0.2885161740615283,-0.06988132219554549,-0.0016705718047935402,-0.45115925548577207,-1.8522421803814615,0.35406473253425375,-1.4030371437974574,-0.7381133279809738,Ok,Ok,Clean,Clean
3.1755587869300315,1.0861495274241009,2.6675178151827823,0.9695667656135686,4.207468077016816,2.850178834336517,1.7799988658598354,0.9148595907184696,1.0092724712532384,1.4823454596520798,1.3748632031527375,0.21557834444862278,1.231828083615178,4.6339387207518685,2.8426831744189918,-1.1256137786932998,0.9635770615591134,-0.6461018298833714,-0.6067951781832543,0.2156381794371422,Noisy,Ok,Clean,Dirty
0.039956030319028196,-0.8964431958479453,-0.45427328314071896,0.6491114682725283,0.6520895228229768,1.7595152467190867,0.7957238477175497,2.6915811594449823,0.3171086347420613,2.143960674803016,0.6520697754771454,-1.1599082974847774,0.7644647963885466,0.10608880657632955,0.24195536944148416,-0.84194932153015,-0.3123140677939839,0.5818471029217952,0.473971654595158,1.9364542911808658,Ok,Ok,Dirty,Clean
-0.7697953144416446,-0.754940617055379,-1.357541711565898,-1.2522935757867357,-2.000041482493488,0.7243560684513499,4.887705466099182,2.877594177594043,-1.3534472084100737,2.5621756654520063,-0.1295469895784781,0.9988435285093721,-0.5596033796543528,-2.11671262020575,-1.1279253882355387,-1.4195300894186638,-0.8013358996383032,0.99541824170338,-0.529408171099235,3.495733159248414,Ok,Ok,Dirty,Clean
0.41945848794932117,1.3317769309615515,-0.013623029997486654,2.1009635775149733,0.36676058083699953,3.7138505351482003,2.7210691915389784,1.582934848527501,-1.8198728884550497,1.6182292291964837,-0.011334324003818149,0.8755370500416143,1.8365233175595475,-0.9222295258343576,-0.16592902943035273,-0.7006232981132267,-0.28836993036454217,1.9307208032594845,-1.5509393953305286,3.3332100980407176,Ok,Ok,Dirty,Clean
4.172654525386663,4.373103804604253,2.6705370857864694,2.831945897127133,1.4862994979040336,5.4349406215533,5.615548195573065,1.341644999742641,0.4005169768436372,1.5469967140668754,0.8662455983696821,-0.43680984630071723,1.4740269541128506,0.9963533272974471,0.12572982783844028,-0.45874514136493627,0.7389029729506897,-1.2024662519879659,-0.9483435592732591,2.026288277570213,Noisy,Ok,Dirty,Clean
-0.49417946026664866,-2.6164882073877087,0.22231259293625125,-0.6814988800305501,-1.7860166141528493,0.19786606413087,2.0869212208104053,-0.5315694630266398,1.3477003735542197,1.6227440924773455,-0.41596727380048903,1.3198895802840893,0.6905965991903034,0.06778460931211314,0.09672961139875294,-0.7816079219389219,1.520795477895118,-0.0779618908003006,-1.0316434601367388,-0.6532820716803686,Ok,Ok,Clean,Clean
-0.25788484388591526,-0.23982766233796796,0.8995267490139808,-0.008137333145478062,-0.9357434420713774,-0.2168975642865432,0.367235803524222,0.1900964547686363,0.8428853323067659,-0.2599754991846821,0.24360414775179975,-0.12450123592823423,1.0879982560071988,-0.34683401081786625,0.18712448877307494,-1.7074206834721994,1.7638862120028154,1.2036590004682324,1.795428906640874,-1.3798209409116724,Ok,Ok,Clean,Clean
-0.8104172838390984,-0.933506513293063,-0.014880566813913072,0.8365922744694658,-1.2928482615664436,2.6334539149341096,0.6743441737122369,3.160664432914256,2.8951902858128244,5.326473779016584,3.0949354182721454,2.2495322599633045,2.4927610355995897,3.0865740650159394,5.943727517982883,0.6096111743644017,1.4847703542918524,-0.5679200451844882,-0.490248188442405,4.263232010215772,Ok,Noisy,Dirty,Dirty
-0.7975148423275192,1.215803747953816,1.364428146104864,0.21265040113623118,0.22413565794405887,-0.13436389192234408,-1.0741168757513595,0.3392353924034307,0.6236292242563354,-0.12378858173562926,3.3515729838248345,1.170730683803026,3.1140221237611976,7.119287844867877,3.1427428741102497,-1.273186585334587,0.44589255334882794,-1.8147569381344704,-0.6227056374208525,1.5228073198960486,Ok,Ok,Clean,Dirty
0.10394213594689548,-1.359201353567952,0.7094695548729909,0.718596551504662,-0.9154001774352124,0.6394117198931225,0.5577074706553443,0.674658718157789,3.0993525116702942,3.7911493880913616,3.139979946166061,-0.25392751988523626,3.8768470232395535,2.669923168237701,1.8333645391780424,-0.43182818780599014,0.8226784527146711,1.654128510200857,1.1087384427990696,3.4515941883457986,Ok,Noisy,Clean,Dirty
0.3215494207051245,-1.6908479971109411,-0.32300401649872246,-1.2116089198663313,1.1803790008127544,1.2131379072223183,0.09254890918842186,1.5547570512871083,-1.0887031560974016,-0.15133367251607413,0.4062762658797759,1.3161138757214388,-0.9220136407729065,0.30113686466015943,-0.26272215476089805,-0.9959398919433581,1.1782753433516462,-0.873366618739693,-1.6440274118153215,0.8047507931047451,Ok,Ok,Clean,Clean
0.6361298731493814,0.7187386077935041,-0.21913437932173216,-0.4205820014956439,-1.5215758645457895,-0.8196826179992157,-1.1375622799056768,-0.079475554787353,-0.0001246692446294934,0.605204239560426,2.1226203690447067,-1.3803250142668508,-0.005503579344228736,-0.5970122977862284,0.03166466000503252,-0.10362630022450275,0.39049464094292097,-0.7345224405245437,-0.2849939215796431,0.41372709556391385,Ok,Ok,Clean,Clean
0.4985182329443241,-1.0478103022965268,0.5504816182283462,-0.18522292531894985,-0.5463813739636353,0.1897237232332905,-0.8732465319028396,0.32465240570067627,-0.44008975331927674,-0.2417721230148667,-1.614024292057001,2.2034399732283165,-0.38594175921424534,-2.1724684859499925,-0.45355281695111666,0.9536153271621818,-0.5869902043591078,0.6889629446588277,0.7491090599077461,0.7109719611541551,Ok,Ok,Clean,Clean
0.429970450791866,-0.8500365413983286,-0.5385264982938174,0.4400100914730756,-0.8509743950171436,-0.8306230469190606,-0.9063978527441076,0.17594564291163778,2.1319080340635588,0.1306274544365456,0.9436654467601271,-0.3814552044994131,1.5917182020041378,0.6942404056452012,1.551022217655491,1.5998410409624124,-0.034258568681538294,-1.080417901489018,0.10851942180877411,0.7425755962675942,Ok,Ok,Clean,Clean
0.9814955469450507,-1.0111131517179068,-0.27857773638202066,0.25321309450363444,-3.086853962510419,-0.7853370195863568,-0.04973090167806261,-1.4572454408191091,0.9032191610080759,-0.5948626985289721,0.7340208344425685,-1.109938454273832,-0.11958490388851294,1.0718234339278323,1.6125662419392497,-0.5145796383058979,-1.0491689265518334,0.30588349483938304,0.6194337234541982,0.661219881450785,Ok,Ok,Clean,Clean
0.7673128587742385,1.2808068384793327,1.5140626995214888,1.8343811516628408,1.0070004582343128,-1.5236875203859344,-0.257707974897921,1.1865282744639083,-0.29763438137576864,-0.8929800187223762,-0.4036464535120896,-1.1994598669123258,-1.361412250102021,1.3733999111118915,-1.0985073056091599,1.2667606800994162,0.4002030818004603,-0.4783069068667291,-1.8670509572713543,-1.0916951891862614,Ok,Ok,Clean,Clean
1.5251901839508608,0.04199302118142069,0.21752069788581338,1.0091047782825384,1.1001229633941485,2.3415722023716694,1.4214330101166246,1.8182678822624136,0.5952956415328825,0.21511667379685626,0.04655661409145422,-0.5593856047214332,0.5156093019159449,-0.17085953687871602,0.4461686154004813,0.7051440981667274,-0.027487047683926152,-1.7751126556156964,-1.4435318782078663,2.067327917406345,Ok,Ok,Dirty,Clean
0.04283190420055809,-0.641881443687251,-0.9584180648923303,-0.7738206982025138,-0.38485199851404583,-0.6442213785152571,-0.457389892188417,0.9832754891991362,0.3601066776074397,-1.8735509254205875,-0.6728318559783538,0.9844172437530571,0.05907906725663924,-0.20865028970417482,-0.2286568369428742,-0.5577193880851931,-1.5462517487930232,0.5139997804551045,-0.3383415068924948,1.091866827581891,Ok,Ok,Clean,Clean
0.4144793877916967,0.7768281051281679,0.48437370110715283,1.3863332564912014,-1.1218490232197564,3.6967320253906064,2.105805699147631,4.179275222585646,0.4474597325164076,1.1175753181043881,0.6193947742730923,0.3330964962342915,-0.9785685741447617,0.6388512448161263,-0.16072953430604983,1.6909333399614301,2.230764408273521,0.24328078643172615,-2.1453676298871076,3.6813251731933203,Ok,Ok,Dirty,Clean
2.4751056952699355,2.901840360870033,-0.1616636502909527,-0.23122417210836949,0.43491029520971414,-0.22231547608604607,0.31245592900166064,-0.9697600159807239,2.1726310920559655,3.803986763340569,0.04736187178844592,-0.8773995864468648,-0.10863988649996184,-0.4739874367756644,2.2068995774106654,1.3880346314390404,-1.0654556236520303,-0.5377453550833171,0.824758912208687,4.130358465577145,Ok,Noisy,Clean,Clean
0.6224977242685611,-1.2766080137537112,0.09063258060506717,-0.493896100519967,-0.053940175201461896,-0.9418267732595371,-0.8715829966773455,-1.2887840850870398,0.014993103732153842,0.575271155564315,-2.7780438682513955,-0.005575424707271668,1.655519364993324,0.7425287063475983,0.434002355455251,-0.357098170085833,-0.7745067114967903,-1.7652520128991185,-1.338973906535471,0.6648998287841514,Ok,Ok,Clean,Clean
-0.14151105719521767,-1.1489531973365739,0.3796822931349247,-0.40966723824719437,0.6599511429307167,1.8226295701070026,1.0165422561353037,2.939708647913082,-0.3701227402779342,1.489159119596621,0.6648286159620166,-0.46839029648304376,0.2843636974319736,-1.3218132200506654,-0.18377494487390061,-0.8565237051947938,0.27015578474526714,0.8957105852338731,-0.018498544818605873,1.9328348108921964,Ok,Ok,Dirty,Clean
3.224159542077428,5.833568760390361,1.8454940765093135,0.3394698164452712,2.6430691547179874,1.9053572851473337,0.8187604187232941,-0.1516221438566476,-1.247013756703293,-1.725276575365608,0.9093049639545089,1.2857901909427045,2.691457287758687,0.2460604318592804,-1.1196964160664027,1.0869298519543942,-0.6662831213516008,0.849469040625681,-0.30797663106821027,-2.031005607654539,Noisy,Ok,Clean,Clean
-0.5961768523626142,-1.5297961269930822,0.6794846490457654,0.1630543025371133,0.7161186903952375,2.818416434444892,0.5153816763516781,1.2708900465055997,-1.4147771336830692,2.747117129182773,-0.49797671424374573,-1.6301356639222362,1.4632605641052574,0.5054220397306036,-0.9444223950153738,0.2562865885042329,1.8411139577413844,-0.08970216522449782,-0.06625440004330306,3.023358237216135,Ok,Ok,Dirty,Clean
-0.8662385142273182,-1.3354002214502552,-0.1506570158667867,-2.0232735943817537,1.5896544625799867,-1.5254294057033881,-2.9057792363309836,-1.3264591876891154,-0.24767450712300276,0.589731325438314,0.9862190146440805,-0.47595634178655477,-0.21340909790591903,0.5116268389370672,-0.7871954215185425,-2.350913802855462,0.5075354582810196,-1.6574799519166548,0.25309374424081704,1.539014926823738,Ok,Ok,Clean,Clean
-1.020842042949894,0.025590719134961405,-1.5411042119426916,-1.9650660159059936,0.3601141088967575,1.7727604099290726,0.6073732135153828,-0.49375116463975555,0.7337375744153736,0.2766915957866356,2.0832423894667724,0.6819673978410862,2.642656295647398,5.0396699797092435,2.689041156419,0.22261105372522402,0.10853436695153451,0.12026709726808606,-0.9102013088349192,-0.17478810170691786,Ok,Ok,Clean,Dirty
1.5862445899144708,1.0010760423756735,-0.5848110021044474,-0.8667525225919611,0.1472070214769355,-0.15198666291375973,0.2582996969811341,-1.3229382194750274,1.4359314191838326,2.913599430936976,-2.402413413517274,-1.467316760215832,-0.43118241749393904,-1.0521012296226684,0.33100946623764266,-0.56683337124931,0.31573686926236993,-0.5392173688160964,-0.29145934106047405,2.6316608768176852,Ok,Noisy,Clean,Clean
1.4042126018043157,1.3495481845794652,3.072691822659302,3.8284488881100365,-0.19424475831202562,4.3972713774524195,3.3267044336157627,3.5278803589435115,-0.3966739505691432,2.046863081384918,0.11891331174188287,-0.871580133042486,0.30515924392434834,2.231762126866766,0.9292352483422606,1.8066841557316806,1.1595154765038973,-0.031077949570058928,-2.562814806545189,3.0911505404605935,Noisy,Ok,Dirty,Clean
0.04690542815409909,0.16763697169227587,0.3972629878155266,-1.8240325347340558,0.5885087133747512,-0.5868208597461902,0.41761828209414065,0.37301367479230074,-0.09225030221552172,-1.2307725996557088,0.36662186999524443,0.2392160271757038,-0.5290151748844314,0.17489437835681684,-0.1045961562221113,-0.5886863528640313,1.3210853074687678,-0.5808355590461772,-1.259774686331129,-0.986500426854313,Ok,Ok,Clean,Clean
0.05799924123048732,1.5010123470205785,0.36682508847446577,-0.1668489519249343,1.4681328647376772,-1.5621964109005333,0.027844805445058417,-0.038139842727855096,-0.2724786037978074,-1.12461009229847,-1.9128786180378,-0.425411880893209,0.27910122767898665,-0.4344061234098906,0.15124504054783686,0.4667284409491492,-2.316642408599461,0.12930469303199413,-1.7463209217049636,1.2925867303405894,Ok,Ok,Clean,Clean
0.3928679826376585,1.9314336018597948,-1.5846373203454769,-0.5837713360427895,-0.8388969865048017,0.4878797133662115,-0.09736077544823978,-0.989775048098331,-0.8332324173872252,-1.870542995399641,-1.2907736363736761,1.4196355223192936,-0.8567660626261571,0.8562903505255902,-1.1267945372528636,-0.6961203916641728,-1.4441646495555123,0.3798471890155989,-0.17747632749902187,-0.6895782371645296,Ok,Ok,Clean,Clean
-0.1954824209648786,-1.4449980936404525,-0.28172581680257397,-0.1281172736591791,-1.5217025340633703,-1.6749594164831088,1.2696098483506209,-0.7607084118373957,-0.10254739147967634,1.6387127124128813,0.863488185011512,0.6134604761667566,-0.43950525402095136,0.0943623321213196,0.08063052300862161,-0.2441585142560011,1.510676997223661,-1.3617917440475609,-1.318536767378445,0.06253010006671655,Ok,Ok,Clean,Clean
1.9595982425812508,3.8768924627444448,2.4825820899588527,-0.06801387911280819,2.2824644178168745,3.2456054399422603,2.2415254502667783,-0.792288056099652,-0.8074462617204168,-1.2518780331581567,-1.4085965363471937,0.7323503555554332,-1.0261857952831763,-0.5620010615832229,0.5174090091203305,0.405457507631962,0.49501378166585547,0.9334163759771512,-0.6556682352491257,0.35109316563093323,Noisy,Ok,Clean,Clean
2.0753876174145036,0.511524262055927,1.1702519680747396,-0.2683089503325556,-1.317800531073493,3.6064334508438645,1.9199454238362654,2.5622461157135192,-0.7907429336628434,1.1977211372725876,-0.728284425146034,0.7627733020804552,-1.3166780114603547,0.3840398058456111,-1.8831857451886578,0.7906379453385884,0.8101031328469301,1.3278139189839637,0.9811016987203961,3.7645106248426297,Ok,Ok,Dirty,Clean
1.09652452494115,-0.6795228900472235,0.09327943021294334,-1.2095924051497695,-0.7127726793005992,1.1634817392186638,0.7108675510900627,0.616630788299145,3.0032613450659755,3.6979149753776617,4.39678935261534,4.2468261756865955,1.895533066376542,5.158978184297477,4.696280528966633,0.3707201593520378,0.7805979892713529,0.11601805281818468,-0.14800189587615606,1.3395588086999073,Ok,Noisy,Clean,Dirty
0.6110850579992276,0.1923617781394825,0.3573458454544524,0.1946172276787696,-0.026018536353662244,0.9347732728629847,0.7532466088179259,-0.4157831304637253,0.9890809166922215,1.663540097848117,-1.1729315740748378,1.265896362777601,2.5967673388073913,-0.327061221728951,0.9850446692141208,1.1746446842287999,-0.7302804349988312,-1.1092744146675237,-1.2166017855317413,-2.5082500777248815,Ok,Ok,Clean,Clean
-1.2598953819635093,-0.40490262182546616,-1.215877834089772,1.05017470313091,0.8061871539217195,2.19037481151291,-0.08377092353614032,0.4682608236778691,-0.08065381689259704,-2.273901853185143,0.5895546863449713,-1.0008447479004798,-1.1666939140204005,-1.0755016572165665,-1.4731705543997744,-1.5156640229582965,1.0819012743677001,0.9702752313210122,0.29979913329212066,2.7309623606071134,Ok,Ok,Clean,Clean
0.8623448004958343,-2.355318755203593,-2.200962998413839,0.36182375713639175,1.5168626935580258,-1.66591037453913,0.020238957501183583,0.14144045347642117,3.691221336600208,3.568294391126161,2.6943747600654264,1.4642769051370725,0.7693612302098561,1.9274872044778295,8.245072414800253,-0.6048633410357933,-1.4637116388082225,1.5005496363574475,0.18870822816579264,5.515414939587377,Ok,Noisy,Clean,Dirty
0.1623760239714128,-0.7601522137861925,-1.0742819956136231,0.6554581608652534,0.5505943223851153,1.3867119541527129,-0.6104492762092477,0.8623068035433975,-0.17475768649149198,0.9106703389338667,0.44242250733612176,0.9844209621707956,-1.51797610072748,0.8687691275588758,-1.4177065553854342,-2.4378366622979746,0.4447856510081957,0.7088778024905165,-2.8036057058090513,-0.6412348275838221,Ok,Ok,Clean,Clean
0.5702202475393033,0.6671776101637815,0.13308881861116628,0.6098186593003728,0.3730165378998573,-1.274881894635855,-0.9144196297235944,0.8928772181310922,-0.4714844550020962,-1.1380931777161438,0.35774949330905614,-0.37718392144609253,0.43546927271897523,0.7390422697316347,0.9371459890914733,-0.7526965750261048,1.119435907461234,-0.7887940725380709,-1.1976328065491622,-0.15804291514688648,Ok,Ok,Clean,Clean
-2.6591506697551948,-0.0737259694927841,1.1782202397591115,0.17595163759990617,0.6560264059542544,2.37441628506224,3.1656723966510576,1.6656681342153954,-1.2731064959362643,1.8991432756143636,0.2948227959406803,-1.35110181956153,1.2758412302888877,0.46690947774214075,1.2522922189600625,0.22502128880488192,-0.8792622719520897,0.587411329134585,0.2906218644739425,0.67498288700033,Ok,Ok,Dirty,Clean
-0.5189003906384667,-1.143100693103041,0.39310064748174045,-1.9887960720503417,1.8058816606833612,2.433073579003262,2.183892259217064,1.0659702543062786,2.9905692122933862,5.544145171146017,-0.620274051532472,-0.9317028453342467,2.5181254138764295,0.36619108875135886,-0.2718095621090903,-1.1864911152221203,-0.7015431373979814,-0.6140737621171113,-0.7886998847452253,4.033484276306307,Ok,Noisy,Dirty,Clean
0.2499143379715076,0.1339928763651682,0.20866484841448749,1.0780047867678233,0.6847560173166165,0.9866246907704025,1.298061804138892,0.19581285662939946,2.7210611617774894,3.7490231042414717,-1.8744619179131554,-1.7157602739459419,-1.0727754462410257,-0.10085935293961495,4.733668021544676,-0.12530457472676218,-0.7651824065027005,0.06883403903031758,-1.353382283492292,1.424687176201252,Ok,Noisy,Clean,Clean
0.4721827005880729,0.6175745912267584,0.5241749250270503,1.019494268460874,-1.6545340578633938,0.2658243869120352,-0.08131260132063073,-2.3251339962088156,1.382444135266102,1.1679439918881087,2.0402882769971047,0.31720284957345196,-0.7542426036209522,2.2500688897911907,0.3480134316919905,1.6935997018575757,-0.6116367115262928,-0.4799682946706415,0.7286585673790019,0.5663762214297514,Ok,Ok,Clean,Dirty
0.3326600416566076,1.02559192103046,0.6031780559735175,0.41296661152449493,-1.3611487504570845,4.821599516547072,0.715336412783549,3.2660990204499414,-1.7314033315643138,5.131870063177933,-2.276195429985214,0.925986223783887,-2.1601113606236364,-0.40744374068050027,-0.12510459758835848,-0.43120277676487184,0.18396188026495996,-0.2684817806358837,0.634075163285131,2.6895774180257583,Ok,Ok,Dirty,Clean
1.767402031418178,-1.2166164522505925,-0.45213275511200074,0.967443638644193,0.36242087153441904,3.430436106435218,1.4836677721299487,3.428761491119964,-0.1316963704353205,1.6072030911038702,0.3452371370925369,1.2798014627573002,0.6692594872394662,-0.35135639245806155,0.7969251551519998,0.8764806905494529,0.34535574078893844,-0.22898539123422443,-1.9989578720272283,2.260825010179988,Ok,Ok,Dirty,Clean
-0.7819901934276906,-0.7998684764910159,0.34462401698498984,1.221531953543296,0.7505767692573606,-0.7953066113019862,-0.34046624573743806,-0.7759279593396798,-0.5038196465357221,0.6683087361844714,0.12632923210148223,0.17844357857208437,1.3369207080674315,-0.0723897625958129,0.6996494213814235,1.7552817515220853,1.3602302652141285,-0.5906332218107979,-1.0624088593012468,0.2959883880267996,Ok,Ok,Clean,Clean
-0.6481170355299285,-0.5718031291520269,0.4641500381467997,1.538834994637928,1.7265698545721082,0.1608266045599075,-0.12243601855216513,-0.8392697635424292,0.8899645510972907,0.8132867744882238,1.0655564269858393,-0.12857471886793123,-0.40387530343147904,0.7994432863332944,-0.2645061302960051,0.13532343317095577,-0.5261301746816167,-1.0624983137917101,1.4763764015915377,-0.18174264265059997,Ok,Ok,Clean,Clean
-0.772631143470848,-1.0643212654731373,-0.14353977316102923,0.6481027888729336,0.012816991050529554,0.3411683724632202,-0.5610408065069781,0.9822802992045574,0.297152673478119,-1.3320403147924185,0.6268235970203844,-2.6955450676725503,0.660121667570316,0.15655276380300684,0.8231219797552067,-0.23078023058028763,-0.16878484918750805,-0.7970473683151738,-0.42560461327601345,-0.8274158598410157,Ok,Ok,Clean,Clean
1.4944109119767568,1.3404663913617176,1.9761648677716315,0.4832241526141222,1.679897747305437,4.134232523670458,5.122229121972457,-0.619078899878275,1.0814526051804354,-0.853304213195964,0.013396523163147753,2.0463378013180287,-1.2144788031674476,1.0931658447322923,-1.2747184040583344,1.0814215801804563,-1.170885975620047,0.31502370439341165,0.8072969541839016,0.49910786925816253,Noisy,Ok,Clean,Clean
0.6370008795030113,-1.8809119409258728,0.5526723670570909,1.7270631247601371,-0.65411800231909,0.8541122732839525,-0.3990721199175215,-0.3517297465160481,-1.8180962085167525,0.9683602473743734,4.974410991610576,3.933186825169788,1.6064612362952175,1.485277306655892,3.803294590342292,0.2146145805456936,0.15354747886375814,1.4814664236449764,-0.32720889334801173,0.4872399271528745,Ok,Ok,Clean,Dirty
-0.031064759953273673,1.426443792380423,3.3144242820475918,0.7961847212736193,3.550134015111605,5.13235710788028,1.7466857756665908,-0.5657602246347676,-0.8738422245808842,0.7685567445729835,0.10350461703107765,-0.10041931700970574,2.618491334533056,-0.008392554125594262,2.1782692635469285,-0.26816523333786446,-2.503545204621303,0.3399953693277348,-1.3965766138458484,-1.8268098184943684,Noisy,Ok,Clean,Dirty
1.0053246877293867,2.298954096390818,-0.46787405256442854,0.8168719199984157,-0.6648662655431968,0.48006368746894207,-2.0093806457043124,-0.2202594096006073,-0.4267592294619249,-0.12880962176469146,1.8082077327432362,-0.48879986798750813,-1.537997182334964,-0.6741466450063083,0.1992172346436196,0.5491805003964906,0.3603994977306387,1.0045489323600358,0.2699285139982875,-0.12530398697890668,Ok,Ok,Clean,Clean
1.8205977488924507,3.719056216710954,1.610971074367487,4.183786276404412,3.7785201319283064,2.433998962086889,3.4426777981977716,0.6029758118039201,-1.1033523595305754,-1.5728790410575657,3.0138662001774725,3.968050933920804,1.804103391869854,3.191245589282823,1.8569149986250926,0.7735246938716247,1.8881686211628255,-0.8250529922325489,0.35421743118455873,1.2113103006596193,Noisy,Ok,Clean,Dirty
0.7741615460890147,-1.5409927172134255,1.8570795353431222,0.2405116860685496,-0.5237673129380125,2.6594554353861466,-1.9628767365574094,4.530788782122967,2.851362642670027,6.47164415230022,0.1667761306534848,-0.7483471901921815,1.8098781693167383,-0.549820078249185,-0.009156430359003365,-0.2303180851655538,-0.350093867000668,0.8688726786250047,1.0049860750804254,6.185908885942646,Ok,Noisy,Dirty,Clean
-0.13580173026494727,1.2206908907437468,0.42458602349872265,0.24175978812086343,-0.9137766582019071,1.20956742302722,0.8251792226021766,2.288479561533122,0.45498076417411853,-0.5091585970842492,3.4704800826710653,-0.8339663776277135,1.4868366673532272,4.2961062596460255,2.558503973480199,0.6846842931485325,0.8586165303888236,0.19075739341829726,0.17782754771194645,0.30808342690927254,Ok,Ok,Clean,Dirty
-0.20101222325590126,0.9509845946988715,0.17062629127843779,0.7302987183659903,0.14544051521153856,-0.02085591799855524,0.5336478071785625,-0.720762355012523,-0.27089675653560163,1.282568706916002,-1.215967449991337,-1.461279452435006,0.4928804248537,-0.39336577783604126,0.48571021437483064,-0.022095311777518892,-0.4906906271340506,-1.9280691470616138,-0.739200323966367,0.3735167228760425,Ok,Ok,Clean,Clean
-0.09545772777753854,0.09779098232829472,-0.8119025970903969,-0.4522964757684987,-0.06524290177759944,-0.20803045759029415,-1.28982006024334,1.3883565120179213,-0.16171046474046433,4.575237980086136,0.020936049832417404,0.2734446480571859,0.39894592124032496,-0.1880021685773527,-1.1788290253409661,0.015201041527232598,0.13813874534625903,-1.8921847110686623,-0.753939219503469,2.675431187030226,Ok,Noisy,Clean,Clean
-0.47954344568675694,-0.5967557957376309,-0.26995346314193247,-2.257074477174056,-1.2875111182053183,0.6494622136743183,-1.4095530591927545,-0.2396729902018443,-1.1845941596933676,-0.5682127581820411,0.5304938278310108,0.9161988813167503,-0.48524090885988197,-0.331245295239261,-0.8747307669039476,-1.9580184548604624,0.5537222548433227,0.6872878180150364,-0.04262333200713488,-0.7440258527667026,Ok,Ok,Clean,Clean
0.29946797165574723,-0.48056057795865964,-0.43089468055329044,0.8668168291207801,-0.2831012354152846,0.2769642439046416,0.5524059178225917,-1.1882013209346958,0.22518415232966152,5.611280503921672,-0.23032910686686422,1.5920848322692582,1.2740163876005586,2.58666041879505,4.0952893714061736,1.2567631645733561,-1.4381349735666005,-1.146052600859947,-0.5321880059038039,2.9230516815243686,Ok,Noisy,Clean,Clean
-0.53356566645584,-0.0359075961674124,2.2411864564843533,1.8174768880994612,0.7902928842069338,5.173549057337,1.5941446110621216,3.4918603925417218,-1.1894221193525585,-0.00645923431162862,1.8189313711047768,-0.2316554364337314,0.20464355333991918,-0.35816586692764685,-0.6798359557001841,0.16019906457667143,1.743617777845375,-0.4164302836244606,-1.2460856801865654,0.9307653207207857,Ok,Ok,Dirty,Clean
2.5056620289437808,3.7430289923403013,1.7872565845971302,2.802249104449439,1.8742398773726103,2.2745888197601687,2.9117634347631562,0.5353837689406782,1.2529290160370454,0.6134416112217815,-0.1563706749127534,-0.5041096719503504,-1.1254659719681812,-0.2079142018482872,1.523594894117571,-1.1546591068383523,0.42615032458815255,1.940352648719366,-0.1341224188894908,0.37618410569734234,Noisy,Ok,Clean,Clean
0.4839540693768765,-1.126660027344478,0.14562272683413688,1.1673458705947837,-0.03529948611022987,1.7171146959009156,0.4565678054545767,-1.6563906274784574,0.5448956096149693,2.47856287032818,2.9416538407807638,-0.8908140256325096,2.151147123039813,4.124071500519196,2.8679048234784426,-2.17935212066423,1.205268787130877,0.9667523431610142,0.29939937530886035,-1.7894687679633587,Ok,Ok,Clean,Dirty
-0.8022949194793678,-0.24053657423384964,1.533855638588741,0.09751875391091966,-1.260548651992025,0.9915283405824852,-0.24878107866346344,1.2520346824617532,-0.7527163506790028,0.04217435630808121,3.2174215842460496,1.9969495105665576,4.717844853623853,2.07808930639946,2.959433373492694,1.6287361535351264,-2.3226800104805547,-0.7337322497591582,-0.6941575836599535,-1.3903576285730337,Ok,Ok,Clean,Dirty
0.19699093756081157,-2.0491089525656343,-1.1023098441774148,2.3303542505402794,-0.6639395416806692,1.483034136906169,-0.25329593905008546,0.32459177414253065,-0.5434498136693877,-1.383702943023415,3.5809016819035184,1.7250342907666454,4.520862564692314,4.413005437498415,1.2458281756682583,-0.7168632352765567,0.6449362774126502,0.8200203931064242,0.1262403643340478,-0.10565257924783196,Ok,Ok,Clean,Dirty
-1.1599604298594823,-0.49656359107329123,-0.021362146560552898,1.4349290116805145,-0.7176371705918883,1.3992782219020343,-0.3624380690515182,-0.20168223938895616,0.19866637079505542,1.9099513085119275,-1.0922523984740875,1.0588412121276152,-0.056004364772318425,1.9753868269847896,0.1363554578751184,0.36120123627745526,0.17706023013159095,-0.6761122028486996,-1.7743501809488371,-0.7215430257420743,Ok,Ok,Clean,Clean
0.29585158959270264,1.0604792201326914,0.8972112118397296,-0.7807337473532187,-0.24409952966484724,-0.5039289578070847,3.1757259767706523,0.05034774468864036,-2.4331939941810568,0.33923220623854405,1.290300266511701,0.12689770040120346,-1.8448810286742134,-0.4325109680329779,0.7958601019274592,1.8295867958795806,-0.547754436627645,-0.3850067511432632,1.6233655482963139,0.24241832570347224,Ok,Ok,Clean,Clean
-0.7574562764340959,-0.20744379263053944,-2.275949068347806,1.0815519592848974,1.7774179290961942,0.8576310294045836,0.8733398321865172,-0.06478184445277986,-0.6732164996629704,1.4691272980645163,0.4833135342074504,0.5904172990327341,-0.002004177854869991,-2.408677394223482,-1.7164597665944208,-1.2853032652386052,-0.4089317442883104,0.8054306264789125,-0.6647639907388198,-1.0705557953297051,Ok,Ok,Clean,Clean
0.524678574572324,-0.3734507463544943,-0.8189413187494592,-2.642171339219383,0.29417249693984204,1.701261924663487,0.8880374650015657,0.9957281879853914,0.16092434111584944,-0.9567358158391607,0.6276496411289126,0.23559781538664146,0.6325292197256199,2.069294539553463,0.9036169061571294,-0.6573071325181425,-0.7904973875672734,-0.06717375219403189,-0.37094205701269606,0.30980555567815043,Ok,Ok,Clean,Clean
-1.4738619446652128,0.18446099633118102,1.0024563986175572,0.237619893419905,-0.5500414274680819,-2.1923957460423464,-0.7791522487725858,0.334474225389523,-0.4875833038313789,1.0266528979664646,-0.9972224662075305,-0.38282866393323756,-0.47955417979889114,-0.11035931292262328,0.40476211943534607,1.6190125495418042,1.2290810530907201,0.3504828406180516,-0.008663014280386766,-0.3781387618175682,Ok,Ok,Clean,Clean
0.4101719195334266,-0.20378205750006573,0.2766112479709543,1.3005519635127958,-1.2131183733366109,1.4995721576118077,2.2927334982878547,3.0266884996977543,-0.3954253060552139,1.4398567903403587,0.38472768546798186,0.9985021740967456,-1.0899466513465053,0.1161032824594369,-0.12607616280767361,0.7612307697947209,-0.49039151565904454,0.5780872177858911,1.1298730552110259,3.807233602726786,Ok,Ok,Dirty,Clean
2.5623846317254024,0.4749728508387686,1.770130327203956,4.089819748469078,0.8844603750290428,7.539238291919303,5.419106248637197,4.249994182392078,-0.41326595928845467,1.5898300318766916,3.182756490754281,0.5425043705894025,3.1329409985231003,3.2815463910100258,1.1921141725068758,-0.9430143357425846,0.19601733839777818,0.2959091253589822,1.090399801068096,2.3274503787929968,Noisy,Ok,Dirty,Dirty
0.03081401380041808,-0.46607017673349455,-1.6654613699067164,0.09871927226454626,0.8370280382312372,2.965355498704275,3.2831971052643567,1.3808205025065214,-0.6429523303956246,1.6404424362568186,1.2709077161779478,4.316362601329037,6.21089662665657,1.963955436942823,0.08890242853377667,-0.9462889294697884,1.8776308068332759,-0.8276384153857855,-0.5739657820263611,2.9869165855202344,Ok,Ok,Dirty,Dirty
0.10338736216775579,-1.4067148514379963,0.02980544674980836,1.2480027234447464,1.5198984008736156,0.6324659188104859,0.9937215984823005,1.8758034636166654,-2.1620444671302748,0.36260561752446996,-0.6742300766162388,0.9387927014761506,1.5062938512910478,2.2408576579759933,0.10414040528324774,0.20613406171524792,0.2193399058448826,1.7458227219725764,0.3788147557148022,-0.22052641256197866,Ok,Ok,Clean,Clean
4.253657558928095,2.1415148837696654,-0.2753509415400223,2.293053143867436,1.1956889360037446,-0.09292588896598213,3.4759000016836503,-0.6117888011639513,-0.7154721327561137,-1.8541617508094406,2.8109275330666894,1.7415015619410705,1.0411220705292177,3.5839997972998185,3.8513242779430796,-0.5693321535378304,0.2529262460503798,0.4031281429438853,0.4002837872649904,-0.5650565226841159,Noisy,Ok,Clean,Dirty
0.6141440244643904,0.30585236662898574,-1.0162960471435947,-1.7058268351310824,0.3078761080784476,-0.3079210568194022,-0.9611336920306702,-1.0067660213015857,2.74736008424115,3.4857099068796185,-0.44959415592152463,1.3223819695264882,-0.24262111444573103,0.6090930789078508,0.7262224890618636,-0.6189614861664088,0.23148588805766912,1.0966950530622888,1.5158140930723638,0.824974847927786,Ok,Noisy,Clean,Clean
-0.18951487017088572,-0.46923957963324414,-1.1932337486693103,1.5642519040416563,-0.003895243055841913,0.7969134064108292,2.773814887096721,1.2465807789651144,0.6461006252104554,2.943499006914793,-1.5284972885532155,1.4482179960591295,0.022262085395098122,1.1614771905581676,0.8078778747539154,0.7903260604381973,-0.015553381929612899,1.1489827014387184,0.35767919712174673,2.5474545979910754,Ok,Ok,Dirty,Clean
-0.3817700078508446,-0.20380627097686288,0.18559716124631584,-1.2491899052255682,-0.8140221606183797,0.0496986416696194,-1.8742900863661074,-1.3202349526446449,-0.8776358381001529,0.4476295904707491,0.8625213935982813,0.11672256113602963,-1.0802133721212046,0.09433254880275677,1.3330744654072517,0.31233315191108524,0.2254218356161,-1.4677026182620392,-1.2538581587088526,-0.6113084916812609,Ok,Ok,Clean,Clean
-0.07617332922961771,-0.12956583831579457,-0.42659888961138936,0.24140945141500658,-1.4847044521936057,0.19091244489547765,1.0586354033380434,1.3694348843988238,-0.05688539135375094,-0.08911067997278077,-2.1915677839494423,0.7071690143832643,1.305050097954756,-0.10420621051394859,-1.0390065732346272,0.6757170016045886,1.1481063976266268,-0.16308522255915184,-0.63495517795612,0.783930246947194,Ok,Ok,Clean,Clean
2.850625423700876,-0.9596792496799275,0.8658728378886712,3.0838327603197513,0.1620110288246964,3.165723740311212,3.597549272858532,0.06778338609920942,0.7938983235584228,-0.802639567802916,-0.6419712144193488,0.28176110437863144,0.1706992956300307,0.04190293270914861,-0.07091859963516926,0.7501251318652958,0.9710809346863541,-1.4915108108944028,2.0410343890809757,-1.3726157687686666,Noisy,Ok,Clean,Clean
0.38933228574948725,1.7511429693240304,2.3218375254643417,2.24597091586291,1.9136538447439038,4.112017782090354,2.2196940859022827,-0.8576977988314342,0.7852790459639468,-0.1778487456106236,5.415763472013964,3.830021954507095,2.2955377412898295,5.125283124637136,4.266735339583364,-0.6141708947647657,-1.1329146348589307,-0.7272308429869733,0.13653607836292267,0.23387535483318295,Noisy,Ok,Clean,Dirty
0.6272291032319023,0.20766090293419032,2.2480689412878054,1.3861792900544987,-0.07418190628008958,-0.6588404807709014,-2.264184559164773,-0.46230264690932354,1.0116576799300343,-1.843310151360658,-1.1091302722669074,-0.514023208893479,-0.38859388338748113,0.4202301890282483,-0.11828425834816521,0.6358736445049178,-0.38463485230218775,0.6164847076090643,-0.12163145327393589,-1.116061309176088,Ok,Ok,Clean,Clean
3.4770394219186502,5.615682142706756,2.4110711191557876,5.19299746376473,1.3389279501846383,0.7036934527680291,2.2695528800777605,0.5555877862097924,-0.025169890099588685,-1.284106589486895,-0.9292984670268617,-0.43724284177063494,-0.19938670076416673,1.718277228278035,0.29442200297148696,-0.15683835927782774,-0.8222066963989031,0.024595378070856596,-0.3593391702580501,-1.1744153397546906,Noisy,Ok,Clean,Clean
1.2621394965309474,0.5059925814725038,-0.5667623007452446,1.564672004142002,0.3078926149718214,-0.7660585183637624,0.3954369504497483,-0.8864529278869928,1.609821799676687,2.5636545435430502,0.30490476415584544,1.4753749874948894,0.6853889086454066,0.11012161009054537,2.4922497753816333,-0.5401170050262901,-2.2918846460151996,0.0561351405664761,-1.043219129792242,3.4939888831505472,Ok,Noisy,Clean,Clean
1.5604611850382506,-0.20074245660948098,-0.18451121038684856,-0.25113152105921105,-0.01467383970122625,0.0003962673499409433,1.4502670736860857,0.03768039873929461,2.183273998230884,1.0909637127176255,-0.3884262821891541,0.01657180900588785,-0.9343609017967575,1.0168470164536352,1.55325025820659,-0.37816158193693,-2.6807120891150054,0.8053313419692084,-0.44113441031508027,1.3877334840906117,Ok,Noisy,Clean,Clean
0.023161476556627193,0.8051560551306607,-0.5977571082354609,-0.9281985074838198,0.7137286978688322,3.96583332107983,3.125187897792622,3.069149090347553,0.46236410711208203,1.699024239888464,-0.23922123590305408,-1.4846173405754395,1.0613353476681557,-0.5992833856335907,-1.0497095781659993,1.056056804993532,0.8082999224910762,-0.3606295915993662,1.0154116643399769,1.5500999799853,Ok,Ok,Dirty,Clean
1.5145551970305202,-0.9701816182281354,-0.9859288603882513,1.8927074622125062,-1.3611758297744314,-1.3326433952334478,-0.5783072942763199,1.5054629123723218,-1.22986195513627,-0.6190672896137911,0.8720959262889103,0.3962832534735865,-1.8987673294291771,-1.423488888146815,-0.04786801942879296,0.05812226725834269,0.17887632631456352,-0.8835764923167272,-2.5331162902224404,-1.2416197705533745,Ok,Ok,Clean,Clean
-0.6908573162519986,-1.0290617054553066,-0.7763715382483177,-0.28403355741175196,-1.1647714759574175,-0.6652675092130111,0.8679064964937586,0.718599029411179,0.7838731414439545,-0.4986897449954288,-1.051392646536116,2.0779105003878113,1.4511461799756178,-0.1836203429970914,0.1959086655508206,-0.8268186743482505,-0.22184584161632648,0.17211691962954012,0.606961168894591,-0.015183239594167458,Ok,Ok,Clean,Clean
-2.6366609543673007,1.3362403095415227,0.6766653891796074,-1.0140738377197562,-1.07425070609498,1.0191698324551708,0.343576866437768,-0.7716032370738755,0.6683942486243412,0.2668429562818875,0.33744846062442646,-1.054907208574781,-1.6145021199041856,-0.9222446098758744,2.822143675212464,-0.2952076746433594,-1.4240631262552534,-0.9910694821927165,-0.3601659669462524,1.2574239249229124,Ok,Ok,Clean,Clean
-0.1354498520882365,-0.2705257958876426,-1.4018350113471312,1.6657582492108556,0.06442396707856028,0.9904479669424613,0.3015991051271889,-0.14701541299535062,0.43103262955418226,-0.006574240999942748,0.18846477415192836,1.1295823619392376,0.11587909228636317,-0.908658866434689,-0.28240587995809147,0.39301100944145,0.0949768321994274,0.6776747012282354,1.2304802450736103,-1.229753862569162,Ok,Ok,Clean,Clean
-0.24778754628118432,0.01911929117575909,-0.12611061597378215,-1.4225758024832085,-0.46029125377286045,-0.05374308628281555,0.37774653164372496,-0.0519221271851562,0.8591446047148362,3.3074335633234586,-0.39483221025688486,-0.2792956287388736,-0.08299551642562426,-1.6156285294365353,0.6489410347069557,-1.5119893711523773,0.15786184283815805,-0.23808425472062464,0.845882349401207,1.3389232659839228,Ok,Noisy,Clean,Clean
0.47345685082378314,-0.07122511309993612,1.5396213820452633,0.6085875819968959,-0.07786748786804568,0.5787016436087133,1.2133613068950997,0.9532886788475874,0.6876279664285438,0.4294624937055718,0.6007924493523551,-0.31646259872155663,0.9220116668043289,-1.4687547642926748,-0.9379646757225908,2.2584522334674237,-0.08588625568887889,-1.051321540738513,-0.3629349159315994,0.060838528635946874,Ok,Ok,Clean,Clean
-1.0956262022470564,-0.5872770970591559,-0.2832279078724675,1.0793870268448449,0.5676986922471657,0.34136918566618424,-0.3279948156180422,1.4253903472471081,0.31353624603571456,3.091181973926358,2.3706220878683957,0.8940056031082447,-0.5452626493040024,-0.172940839063787,-0.23907994171046063,0.4480898210767485,0.8620493806160909,1.2867644828722389,0.15912360870675404,1.8591307218581163,Ok,Ok,Dirty,Clean
0.5552409067852251,0.3942875947330772,-0.20595461313776275,0.13781273935273833,0.881357008101549,-0.4538653496650861,-0.28355186603236754,-0.27441316350694395,-0.6130646907909197,-0.36084529525483705,-0.35377182791482814,-0.9248027116513937,-1.4311176701078452,2.041153915325306,0.5275111003625226,1.8797173803987757,1.0640391273307988,-0.11652511432706683,-0.2676676373970647,-0.3672055157351888,Ok,Ok,Clean,Clean
2.0894155458100983,3.998649072566198,2.304152734991168,1.060856480645291,1.4447833982420464,2.022757583429758,3.064596095165958,0.4954448546567221,-1.2328857278450713,-0.02641855243297394,0.6448634455515735,-0.1139992321827622,1.2320949482035044,0.11227673909422717,0.6312262621339981,-0.334087777376166,0.12292679170700965,-0.028574336595306553,-1.4863112393102693,1.5795456568074462,Noisy,Ok,Clean,Clean
0.10917752710685025,2.1825970453634373,0.9053215948941574,-0.12044256353091441,0.10048907450765623,1.574764620995087,2.1191651200498196,0.7408091617224265,-1.0756487298689899,1.6735609847098332,1.0397122675245607,-0.07872764816460362,-1.6739328709503711,-1.058276538793163,1.246923257948136,-0.985898442421975,-0.3645217774667296,0.018568053049544783,1.1268238371899293,3.02292350121548,Ok,Ok,Dirty,Clean
0.6582172184136985,0.6747627780977072,-0.26128379411264596,2.6540808517682364,0.24314098630645148,-1.8928098329042444,1.7345539666892946,-0.9970325187916207,1.2626601274742673,1.03384959719373,0.3027549309336879,-0.16658051254078263,0.6506203811579484,0.4312980584741733,-0.44545263472289387,1.5154024506415342,0.23598275753460413,0.9546141973097052,1.7480398235154913,1.8187682449166107,Ok,Ok,Clean,Clean
1.685384003631951,1.6727084943623254,-0.7411021691375972,1.73609652660705,2.071395813980715,2.548036465567709,2.208708707407511,-0.34051432065516074,1.7356142849442004,-1.2950337771553118,0.05225183173727863,-1.454306518456171,0.8714071817126847,0.9917162229810516,0.49661087465705334,1.5708428139898958,0.6641024383822978,0.766944367331052,1.495567171558209,1.0468925928664856,Noisy,Ok,Clean,Clean
0.3177613710138598,0.7367031872782541,0.11864041192836394,0.6783952609239652,1.177136957866972,1.2339046375407512,1.6663916027220136,2.359843314979081,1.4149462610965056,4.570158109695283,1.8094206814868667,1.4198806218289548,0.10013628270887455,-0.6273695417836113,6.538028953332208,-0.8133590472648138,0.2919218693164641,1.6734181907897636,1.221891005257277,5.063396220627697,Ok,Noisy,Dirty,Clean
-0.6718824466404821,0.0027170550838084583,1.1783065501958068,-1.241281603652461,0.3859460424065379,3.7436766932780454,1.3502955337229054,1.6743125152989753,-0.045808202621604795,1.731150094656823,-0.27032359245350757,-0.5579681970334174,2.0237698711043826,1.033101695726734,-1.1877571327508258,-0.8170889760888272,0.8089202828678856,-0.6686976458115789,-2.523003318957392,1.8345011242213645,Ok,Ok,Dirty,Clean
-2.4159521720639536,0.6799677162036583,0.3821234717617114,-1.169881369913169,-0.9447890097918339,-1.4362815861014686,-0.3324357541096909,1.6035156166732454,-1.1468192507787591,-0.643111896263297,-0.3804060447837758,-1.1634125441715457,1.0008967891844927,1.0309326612952117,1.1123459547573262,-0.6978422667035751,0.4567910499486701,1.2906109560532484,0.3584350475124231,1.2184018048562286,Ok,Ok,Clean,Clean
0.8970719924402818,0.4125318541506634,-1.9826514160365545,-1.6674672270986484,0.6823439947147393,2.0801330029394696,2.4973463039380093,-1.468389382626302,0.5495996964122701,-0.6085252173322993,0.3037618858562824,1.0011008969950816,-1.2871422689893397,-0.35791756287987764,-0.3029588322699633,0.4136670494178451,-0.10491825434421273,0.8167591489938112,0.18432682951432774,-1.0111237535333324,Ok,Ok,Clean,Clean
0.5232485022452682,-0.15318667068828504,1.0492082058839272,-0.6746030285863953,1.73131884420087,-0.19612703693196512,-1.5416489163427722,-0.6161408426760877,0.39075282231512587,-0.039607216062180095,1.814532141282816,0.10592723183124288,-1.0259198471518232,1.1799594782068108,-0.7102128419354219,0.27084949680239373,-0.13724827716937293,-0.11106045819563277,-0.2588165768634276,1.3702602046968664,Ok,Ok,Clean,Clean
1.866599126776992,3.5184667672431464,2.323681709465379,4.031482728857121,1.9693312921952213,3.8130361605832803,3.4501137590272593,-1.1696808568484793,-0.5625623252066032,-0.12832733707680286,0.2549564619784374,0.9064867541581082,0.9311157641516288,-0.07049305720215802,-0.14124350430971314,1.6141453143557083,1.0708276110632984,0.10091234458550619,-1.9966066363650055,1.5696868127310646,Noisy,Ok,Clean,Clean
-1.1941872939353464,-0.5726537849327701,-1.4228256157881167,1.6279509408679838,0.4455177309425607,-0.17809590454512667,0.6130191342865926,0.0024256653680178627,2.2637517078906186,1.6187812299178546,-0.47428147349119193,0.1360593668360868,0.23112281775329344,0.13351701333714378,2.930215280476047,-2.315602902976977,-0.7664002457231808,-0.40768483669921673,-0.34416075750076197,3.6085595643501707,Ok,Noisy,Clean,Clean
1.6234963566014284,3.603930995071957,0.6993048203800969,2.4599168743858613,2.276615694561555,2.090968181099035,1.91579000333488,0.4201790583867667,1.0329653170219009,-1.3261493122580565,-0.6901760987499037,-0.6467582458674969,-0.7149066681689459,-0.8407997368475452,1.5312017662516615,-0.3865640066882068,-0.5431406350506179,-0.8421375230246204,-0.764485911644078,0.033510070794854976,Noisy,Ok,Clean,Clean
3.137987854533604,3.1330821805323046,0.7213451298791991,0.09881267756553545,4.374403143645388,-0.6135738761136549,2.6474084188861564,-0.3051130774914897,0.1739331223979824,1.0315713656399332,1.7558501620663034,-0.5995957853083836,-0.680352772426327,0.9090024800346477,1.8463369796208915,-0.23546870375515142,-1.4952251888673616,0.7240472840708289,-1.5183284928793563,-0.60782264982205,Noisy,Ok,Clean,Clean
0.0734850179722876,-1.3739727548815346,-0.437138944341273,0.11826481705727544,0.42325737583007544,-0.10990822654196353,-0.3709274726966534,0.11600631579447052,0.7921864215785451,0.7228560635223527,0.6819739574410547,-1.7334205774139027,-0.5853466581546343,-1.1852141518909722,0.7460073908463902,0.12707269981157637,-0.02266354997242153,0.39185357018250283,0.5530625313582944,-0.18604679071014443,Ok,Ok,Clean,Clean
3.7769001398095474,2.2871154260121793,1.1109271181929197,2.3326382427928904,2.1037521314990775,2.3146374644051115,3.5604246092497336,-1.069989472973045,0.4011291149478661,-0.8225820393070951,0.402265486901397,-0.28120354879354276,-0.8189232920335384,-0.13739409285496448,0.9531491873091629,-0.7481898160090542,-0.7877288015683674,-0.09577365457229256,-0.03570697112916809,1.0422389942507635,Noisy,Ok,Clean,Clean
1.4299098227794127,-0.8152268026160593,0.17281266957644656,0.17180567372411593,0.4569132285091975,-0.32772952669813765,-0.03668111242485406,-1.1163987083871754,0.42163350756502144,0.7572483662956909,0.4746476739330923,-1.379005470015491,-0.1741704098668825,-1.8101192232332108,-1.3842392234163539,0.8743510859739283,-0.1265161683426889,0.2550229267838005,0.6806239461576324,0.5875861639387134,Ok,Ok,Clean,Clean
-2.002537114898331,2.686209045930986,-0.6402171862611205,1.4863664820131626,-1.8592721848377236,3.372294958725298,2.7155601504538316,1.2406448775070598,-0.42423550320984427,0.3665217673479398,-0.9315111090179979,0.14386212998923306,-0.8042314434573924,0.029684361289669586,1.2756995922586778,-0.40794564331574334,-1.194591120491861,-1.3148196859905639,-0.8241401320301124,1.352536918368774,Ok,Ok,Dirty,Clean
0.5324126905393942,-0.23564686761109432,0.03251713732201713,-1.3658263543679785,0.12263665872291454,1.1113998420999918,-0.501729030251474,-0.079713393429553,-1.0895868758699367,0.18492264739459874,-0.34914401413139134,0.09811368054073873,0.30016652780723413,0.11822105307718453,0.8221050761043003,-1.9316185087453264,1.991566092042616,0.8342790606007973,-0.7027625986154242,-0.25477672809316754,Ok,Ok,Clean,Clean
-0.7396872270634176,-0.4068591263653058,-1.232840144832545,-1.4869984225741693,-0.5745810534340944,-1.4576636347065886,-1.5167545345785658,-0.4212045008465929,-1.3206259458052034,0.6674957674060462,0.6935404224920334,0.99453027814585,0.5430659474931931,-0.49890142224689904,-0.2645277271352512,0.6839237965397933,-0.14488894846604547,-0.45823440520856656,-0.7647967097618735,-1.1516849701530554,Ok,Ok,Clean,Clean
-0.8976764020974154,-0.7075202487827411,0.3884965760359132,-0.28570003426898466,-0.3728713560299734,0.5246271921736607,0.7767697682569306,0.43926455508049467,-0.616113211025785,0.23444958534637653,-0.44606550929120625,0.6952864821247419,1.0016491861817307,-1.5448337739240072,1.5045836755065238,-0.2765475394832264,-1.3017108961660435,1.548042978489671,0.23895874282261265,0.434323716315616,Ok,Ok,Clean,Clean
4.388740533314987,3.016959271598886,2.0108338553831975,1.4386276393552055,2.4279941888506156,1.9799609373649616,0.6943018247313513,-0.047899837844376264,0.4172812090233305,-0.21235925372779557,3.2195267974980553,2.866214174755329,3.1688672977022327,2.1592239227606806,4.979005225042618,1.6050567374231304,-0.9404531770351794,-0.7275758474394528,-0.5372402822022042,0.6204314907434818,Noisy,Ok,Clean,Dirty
-1.1625302940398754,-0.5164699040528162,0.8835611007279784,-0.4873715903466985,-0.028414383177116576,1.0887590589586766,-0.9634301107377893,0.3658008183104252,0.026871315782057644,0.2679804288608106,2.2675644890494784,-1.7699942811050142,3.070189241197519,5.2382911302984185,0.6035017155695953,-0.7149383335032214,-0.3601085155156047,0.9395214161224066,0.07119508935647477,-0.1293818171617784,Ok,Ok,Clean,Dirty
0.9067838604151136,-0.8473807726289724,0.1810331892749701,1.4190520134465194,1.6137447676257564,1.14554950756423,1.4715811701966892,1.614473231746662,-0.8862939345782886,0.5898406086810905,0.03599460728378385,0.8114790758114592,-2.2370133472685656,1.1205762315466494,-0.10254828683762511,0.8408559553411559,1.054461979943741,-1.4079932835995612,1.1678667673974414,-0.001716172617596569,Ok,Ok,Clean,Clean
-0.6717141406856126,-1.1787469252897025,-0.48183333465556677,2.3463787398961053,0.23359361206435733,-0.4436243947003503,0.3958144231539261,0.6124432928771579,1.1895457343696232,-0.006457262144962548,1.3275706260308295,-0.8739944364278667,-0.5260749346972993,0.040576309365390105,-1.6222807406113928,-0.38778500209735006,-0.4488274323629401,-3.244603271312316,0.7407219826913548,0.7788383493802729,Ok,Ok,Clean,Clean
1.2272827575599663,-0.43230258093674,-0.5368816782466512,1.7121281412946092,-0.10752981729096552,2.700170478997053,3.8551286588557985,1.7619358480467808,-1.9599889039396652,2.6323861750872926,3.5645402458136353,1.5268047815137555,3.0582537265625103,3.0319208048139004,2.1375438778714324,-1.2319731675976149,1.2105538758335952,1.9216977885241515,-2.120750423355779,4.32384178875431,Ok,Ok,Dirty,Dirty
-1.4595173639012404,1.0481127657644569,-0.6919599222033432,1.0410868776620634,-0.5492030642856794,0.4128566618903163,1.5286776513031977,0.6155785681392708,1.100276992701899,0.09819516440731293,-0.8933297209722224,-0.20391576611528126,-0.32488984496849266,-0.3511971494810345,0.9180902487765445,-0.9568069758118899,-0.018955732451882132,0.8354595893946767,1.2042678123764738,1.1077702778479521,Ok,Ok,Clean,Clean
0.07499450752107678,-0.9830302710236138,1.5823092270068209,0.4254777043792796,0.5032243869717955,-0.5246954341551804,0.6358441919766721,-1.2060310929022118,2.179194757640391,0.47171770619590286,0.17036576373746143,0.5454911233194016,0.009290466194255954,0.07786345055031396,1.1159543592124628,0.8872268050822503,-2.1279108057725598,-1.9577797440403089,-0.7376465623599936,-0.9533927399471528,Ok,Ok,Clean,Clean
0.9676547356370011,1.2528823844009103,-1.4903406198456886,-0.9574570556758736,-0.49071608020922014,0.5511692345167534,0.5004778403131284,-0.7908783885373024,2.6457823162415104,2.2105672162027434,-0.4389931644665925,-1.8691699837638331,0.18871240557141974,1.1405175014405835,0.5495269019376692,0.9212366601572282,-0.30068259872604464,-0.22725007904843533,0.6220054703505195,2.718633286718165,Ok,Noisy,Clean,Clean
0.2416628366728198,-0.9150516120379475,-0.17480634993800098,1.8567355553810785,0.012526087639167217,0.9950474886166712,-0.8480613550316786,-1.0709676641897155,0.6871211695753974,0.9471681667343281,0.9640646572617504,-1.577376937832359,0.6243589171016736,-0.938961594646825,0.03231287928381134,2.626674183495913,-0.9424871415242674,-1.2282389643598524,0.34255830788797526,2.0466729221507913,Ok,Ok,Clean,Clean
2.889104485032874,4.495823815434003,2.5581281868951646,2.6762422271683906,1.4084125645620302,3.4493307475511683,3.6480314210160874,0.4162792707104246,-0.9883917056343436,1.4870860206265961,-0.821127723440896,1.754822008850281,0.45854870718760465,-1.9684350187053716,0.41374650056689344,-1.0904280390331103,-2.110148039811829,-0.9007427771458653,0.1437432583315222,-1.6570684485233096,Noisy,Ok,Clean,Clean
0.11362212327061579,1.2792908798470823,0.22178404731139253,0.2548467329135654,0.120123187091026,-0.31346764431235213,0.5267273506254887,-0.6610940335124,-0.27539252744593085,0.2576239843246202,1.368978001430409,4.243021348020247,1.781059103373555,2.427949710430916,1.7966514285921145,2.074851625076075,-1.5155766650822353,-0.5218451663587701,0.4610602959071571,0.17632358476681906,Ok,Ok,Clean,Dirty
0.21392236254390715,-0.3392831283147856,-1.167345200596435,-0.6816031745180607,0.6635785583050222,1.2835667881409731,0.09002172648222012,0.7384060783469844,0.054035832617410184,0.6686170440381577,1.5393730009709214,1.6974626680996134,-0.5895729483726322,-0.2876446300867829,1.0068167810482047,-0.9089552988490126,0.3779947057326307,1.2470993213795003,1.0020212146115763,0.6369671042589222,Ok,Ok,Clean,Clean
-0.8015521435656308,1.6859987920980624,1.349319785850324,-0.2104842019561026,0.6406336639041528,2.1453732120337934,-0.5006420900522447,3.9148851700687164,-0.8760434518519964,1.3153115022021844,4.4687823655413785,0.14259270286124057,2.454810370261919,4.122221345929244,1.7892015771912406,-0.6657332745876258,0.46858014496956873,-0.14002489298219659,1.238503486292383,3.379861420198002,Ok,Ok,Dirty,Dirty
2.1529643635037536,-2.055903507934239,-0.025659430903326605,0.420523285646868,-0.22651155350309435,1.5611312797917036,0.20468384031120274,-1.0766912516211216,-0.28874330183323244,-0.45535465203593223,-1.2113705824738523,-0.5182681623412321,0.14801065650718565,-0.4870154729811435,-0.04179582862676798,0.9276708499416872,1.374330576292123,0.8656142490769786,-0.7149357047819481,-0.14162002218306727,Ok,Ok,Clean,Clean
1.159702455794701,0.5861746425199719,-1.501862867001217,0.0966534923956688,0.8606283560056947,1.6814018633582708,-0.48453190173409466,-0.4273376480968242,-1.0984798700252814,0.04746562539112333,-0.48376084097863264,0.5837747944830317,0.2554099275744385,-0.7797061315698071,-1.060841570126182,-1.0356829586198397,-0.21698904646952027,-1.112749528082872,0.8285086592803447,0.8579620352040769,Ok,Ok,Clean,Clean
-1.4931947071398814,0.4133635777976484,-1.8643279744384371,-0.9126795099449128,0.035702827477971974,-0.060034077205140805,0.13339069052775915,1.4163716662421124,2.6930472617562553,3.6505361274933,0.4425893207207896,-0.42997182613006424,0.8525686720313785,-1.5452414446260212,-0.4983673687131117,0.9453732401417559,2.003335042029138,-1.6725756714979836,0.7923460686362704,1.728999793375235,Ok,Noisy,Clean,Clean
-1.1366521109761274,-1.5620643921406576,-1.6820521029074702,-0.7735556596795315,-1.0909913840223282,4.1816490487545925,5.73218822851233,2.4266109048249866,-0.015076505234899592,1.961681201136204,3.117943371292375,3.401724608629584,2.5204540708322423,3.3098184706467992,0.9385892087058576,0.287496030949749,0.15165888904465172,1.191422387469687,0.6409263993968459,1.1934883700505363,Ok,Ok,Dirty,Dirty
-1.0061192770571308,-0.19691180693922503,-1.3188670039719428,0.6772656274750122,-0.05510167280519716,0.749287043749551,0.4583868728694382,0.7969151379448375,0.6284360452325101,-1.3530910463770545,1.0944396767746487,0.45292172142314346,-1.4581726829375465,-0.35832194664604716,2.427409222116059,0.053387063661381205,0.20559480370752883,-1.003680201168142,-0.2574635949961151,-0.47454754235428714,Ok,Ok,Clean,Clean
0.7228092334202416,-1.7291380599758837,0.10138781060358291,-1.4763839655661002,-0.5729715389955445,-1.2377269839026768,-0.546484430144423,0.7341332474050044,-0.20612985456782779,-1.0168603706361068,3.584142548000152,3.6468187609648077,3.928106880300895,3.712668088518698,2.237716981984181,1.0382415857298721,0.2281402497843533,-0.370710821235035,-1.7353111821131728,0.4748367417321542,Ok,Ok,Clean,Dirty
1.3653790838085411,-0.49649801267164767,-0.21928862222415893,0.06349065995917307,-0.5271808805136989,2.0766564080571315,0.8664991697941816,-0.27867570312239903,-0.47006566217540874,1.1347132367456645,-0.32191767988957665,0.551871137264746,-0.1767606145234478,-0.4903871406424523,1.8241518265249266,0.27238642355783943,-0.6852783572152914,-0.005186829439155621,-0.44987467694152944,0.3303054138655924,Ok,Ok,Dirty,Clean
0.48380386603007963,-0.13377086107979555,-0.7919112697370525,-0.264970210816959,-1.2289120145713859,-0.21263257835572683,-0.6169873885535451,0.26392776086038466,0.16635564816064127,-1.2151785689500254,2.177756150055353,-0.1878729034551368,5.178685065740798,3.8108985075203097,2.8631621218231014,1.285920095408071,-0.03749961403900493,0.06245797414492064,-0.5998736294269437,-0.6299812308327822,Ok,Ok,Clean,Dirty
1.4254995700896747,-0.44764067639752425,-0.48647848137138416,-0.41468115177917403,0.4049379274760186,0.08633630650360151,0.9418782750573415,2.0449587769166846,0.04708405918817693,-0.6584911149108945,-0.8394293345357424,-1.3025626173885079,-0.6746737927469928,0.816987595972658,-0.36923012854146176,0.12187908527516016,-0.3602219888195018,-1.8056110882141583,0.2007667852456818,-0.38376774673748615,Ok,Ok,Clean,Clean
0.4249572291766201,-0.4783313659489945,-0.10550892823492485,-0.1792051555933092,-0.1575527301406371,-0.00031483417208468163,-0.8484677949723111,0.5049790651441258,-0.7487148695917437,-0.05735231071674019,-0.22766021658981947,-0.7576849718070082,-2.0912364180212766,-0.4165932165318592,-0.3010715845124519,0.5229154605294047,2.3993142552098314,0.06370345761609722,-0.9081167095162566,0.911125514603227,Ok,Ok,Clean,Clean
-0.18274333733562317,-0.3962160880618227,0.42053903581210444,0.5322946050146065,1.2043059133131142,3.5117322584976565,2.35987626759449,0.8587588664089547,0.6880649356935357,1.2651213975743794,-0.659671658308225,-1.9007008888816253,0.42636577976101414,0.1742097158960215,0.0147715047596459,-1.468674168140368,-0.44405214651219316,-0.9779518321816958,-0.8467870499087217,1.7998407574585311,Ok,Ok,Dirty,Clean
0.4542704653527037,-0.11804770027441511,-0.1699236363964617,-0.7713267557641906,0.18583468036910558,3.59668306260945,3.4907147586690943,0.20619455117603602,-0.16688729636639188,1.0791540922487024,-1.1937383459679822,-1.5089470624149435,-1.234537357388125,-0.3526668834447114,1.1152126790941397,0.978721190832633,-0.010490552840861252,-2.3524740456777082,-1.4216014427703216,1.4059231928721445,Ok,Ok,Dirty,Clean
1.1729814291229037,1.4306973726604815,-0.650903714840988,-0.7934078621939433,-0.5118738129729399,0.2568852611964556,-0.11539863366364457,0.5812935519947618,1.2974621708387055,-0.3641112209739869,3.9474889898833805,1.6785683297128648,1.4942071165610935,1.1768425336663326,2.1596717819904323,0.2713718580082968,-1.5998268632132484,-0.7822325451477239,-0.04845119591087947,0.06487418867720778,Ok,Ok,Clean,Dirty
1.210746769060668,-1.1919607520875786,0.573566965969565,0.6438544229367548,-0.4968821349636032,1.1961837961853297,-0.24180901582669379,-0.05660777011922413,0.8818656029748233,0.2920409063081924,0.6505311858685139,-0.6178019668603235,-0.7281085369695489,1.2868310405470023,0.30244466159600725,0.44345700855656683,0.45676313168650584,0.9310314069444026,-1.4850931745069447,-0.04372728467503897,Ok,Ok,Clean,Clean
-0.6716430043344227,0.1343046168516111,-0.24638223105998597,-0.9601711333752823,1.4954622603000443,2.4604027692456314,2.0543344575858553,1.1014119884874647,-0.9843543305852407,2.357563550084699,1.8844592776788112,1.299712546070548,5.32285771872621,1.5873945651639314,2.9328952300610576,-0.5113114746933454,-0.5407252747765608,-0.7493408295228287,-1.2436323562049583,-0.13751680897149465,Ok,Ok,Dirty,Dirty
0.9894753677892698,1.4239909430083175,-1.6091367919409392,-0.6545715613094675,0.597455382802774,1.6540390123360134,1.7842768940822193,-0.6728163988396043,-0.585667010009302,1.0616188013259844,-1.2147085260774584,1.4764420385363684,-1.588666361815437,-1.1728098040147903,-1.0820257622214355,-0.1317773018981011,-0.50617495540755,-0.618586867339588,-1.9193885173696947,-1.3163563122773563,Ok,Ok,Clean,Clean
0.07092597416228832,-0.36550217563875426,0.9867364558775445,0.40525111708890055,-0.014789442049085702,-0.5043746333292728,-0.8783240563002833,0.04487246332756175,4.651923317290528,3.1130155539986593,3.5774077552787142,1.8933124890391613,2.073930418420664,2.5157391294204374,8.799105892470404,1.189789430993374,0.4710200808244074,0.5769099876631897,0.9730859868140909,0.8324482846237828,Ok,Noisy,Clean,Dirty
-1.7796114043342504,-0.9699454553029823,-0.5244245632483345,0.9489015561733746,2.0872361382420435,-1.2324815006158683,0.23487321287670426,0.08114457595343387,0.8678556603638088,1.6743565880020956,-0.8455170541368967,0.08494868580603311,-0.7046710022774839,0.5281599025291852,1.2783377189321214,1.2607163116369664,-0.6793303440366882,-2.3780393423155832,0.5924097520224758,1.2894127674227516,Ok,Ok,Clean,Clean
-1.2184927974591928,-0.3779662726080276,0.881231406684431,-0.5242728287925085,0.16337192346220528,0.3541945714946451,-0.4336301980925173,-0.5330335977182462,-0.1623679912447433,0.7474219512193634,3.8598455237881186,0.42423104725340793,1.2976612656624351,4.348270701939631,3.4765537362925296,0.14672890740740416,0.005622550369156632,0.17229271997642845,0.5033742356310569,0.08521365964266699,Ok,Ok,Clean,Dirty
-0.04678019372833087,0.30784839680941345,1.0331489050838751,-0.8195766843437626,-0.20406801780951833,1.8188574385323624,2.9600204744855816,0.5255055432267763,-1.1763958335636866,1.4920211513158876,-0.7242591338170734,0.11563505972671471,0.2570321218688148,1.602970410032224,0.2921499417567846,0.47484494552459505,-0.4530204804041011,0.4541209207249875,1.1988873587338031,3.42513618804543,Ok,Ok,Dirty,Clean
-0.9245821467637565,0.7705901862824142,0.18250897140412378,0.09324231966412441,0.07388385698971901,3.947421154935743,3.401480989389274,2.7281332385604546,-1.3983835090980157,1.7704769669921343,-1.0426405919558739,1.178989170877755,0.03566621080938518,0.9898779269067219,1.236007957160201,0.9806597707135465,0.208152659911281,-2.070079820358283,0.03671989805563479,2.7983306086231075,Ok,Ok,Dirty,Clean
-0.7278540824121448,0.32991201095625844,-1.8493470932519025,-0.38230345757258255,-0.2390905187939045,2.6372466696914074,2.6774586380844903,2.4985141075624986,-0.8887033502906032,2.892072178908331,1.1333377637296356,-0.9937109748791426,-0.9093285139119243,-0.17070403444778703,-0.13645531191597865,1.6808119440250429,1.5031180131626558,2.378699618031512,0.9063996132196362,2.731428246680428,Ok,Ok,Dirty,Clean
1.1884153546195826,1.3860830502455181,-1.0932765838174863,-0.2969938874181767,1.3133782557533333,0.17191791594297773,0.36004700047487254,-0.5990420837456285,0.40295946618369943,-2.3043536705558103,0.3866964511541349,-1.822181218580109,-0.03940847718721226,0.4873215771794996,0.37109845272986547,-0.8723924139808061,1.1736939998041376,-0.6469179495289012,-0.5973555308146595,0.5624154282543958,Ok,Ok,Clean,Clean
0.22240221801101176,-1.5939472355466517,-0.5549358970275089,-1.2278864802298264,-0.721254762335387,0.7590625812080809,-1.818553182782148,1.69400416414131,-0.2299255743845208,0.5819247164968201,-0.02657178987975653,-0.06275945121283322,-0.9855260047012073,0.336004820811626,-0.739202757802484,2.3149638192880704,1.4410810914955534,-1.5609096828078663,-0.27044487859972505,0.09801789713550078,Ok,Ok,Clean,Clean
-0.056195392744170305,0.13757031864453864,1.6458966622355675,0.011561750042861313,-0.25560908462310267,0.9252054429155107,-0.7773902954450272,1.5542697648726271,-0.21664672206299804,-1.370301734881404,-0.4969038451684648,0.8932382899446862,1.026141517102439,0.5045041527211969,-0.09896399587258707,0.1127490695171014,0.28763630521552014,0.9804823264677951,0.25053226935839346,1.2772756246430028,Ok,Ok,Clean,Clean
-1.167120786301667,0.21940420435723895,0.37994440364087334,-0.5213121919120348,0.5852660226255038,-0.09042087518143628,0.6377589858734123,0.48615230015224703,0.3319624745345102,-0.1030219031526871,-1.3498429977685749,-1.3391969293174686,-0.6912958070374404,0.7544438716278585,1.715892214932639,-0.3776242109804227,-0.30040609768582416,-1.3823895886245918,1.4339653542673616,1.0708986886909322,Ok,Ok,Clean,Clean
-0.8454400020209084,-0.5011277888486189,0.8514673762668878,-0.15539840267373672,-1.1939327102636468,-0.017798466573177702,1.5831584908447784,0.5565681148287165,-0.5149642992606542,0.13926345872832066,5.492066537609808,4.450944848841605,1.4380490176399006,3.7921480888851242,3.2521609747005042,1.7750717384999457,0.16800695547494737,0.23638468416469252,0.3115275427610609,-1.4623102784097217,Ok,Ok,Clean,Dirty
1.5320908577600851,-0.7462008824649542,-0.9086467872197505,0.5739117483693125,0.9458395602871595,-1.6681264982799262,0.6830398161787574,0.09018411533015915,0.7833214630185693,0.20299877262432275,-0.9967069844245852,-2.4965015090750287,-1.409498027679775,-0.6758732897086648,-0.28711500221822117,0.5145998055689454,-0.5580676869072214,1.9863644456173637,-1.1020504255506194,2.093745430354984,Ok,Ok,Clean,Clean
2.470479104055662,2.6050273318421397,3.5448925153562127,2.1375510487917153,0.7952360923166525,2.262088027329503,4.600642573739903,-0.9376624585845671,-0.22498148673413165,-0.338857680724588,0.6909999671453114,-0.4279820998516111,-1.0740803877127831,-0.6833165734741972,-1.0904627690404414,-1.8535947405526334,1.038879794646628,-1.2653063639058884,0.2688796246801091,-0.32045251722233065,Noisy,Ok,Clean,Clean
3.650459199385246,4.667111687509504,3.938484354597438,3.052954770078908,2.2593747127748465,1.9578985546977685,2.2634489457877236,1.1082361429819871,-0.38784196030030865,-0.2975071497708102,-0.9737599948396019,-0.01436758309107488,0.8969015265557024,1.7379534258791967,0.9658901761714774,0.9335219497177629,0.708199077526118,-0.13875539569436898,-0.0587548011942955,-0.7739387892610182,Noisy,Ok,Clean,Clean
-1.7458653844282903,0.38035793442642835,-1.0688694765581395,-0.7302693052875818,-0.3048696292245404,-0.6727127703978172,0.8182312938559531,-0.23149575463324937,2.3854382836106733,4.319076944827805,-0.4479841717717524,-0.750864940192614,0.9087706848676883,0.79650134632304,3.1989251064530317,1.2644195239747638,0.8483804314512312,-0.28339525476773736,-0.6993984484840946,1.9859935798632944,Ok,Noisy,Clean,Clean
-0.7599958122998874,-0.010769749186281088,-0.2344667493861992,-0.8640213827186058,-1.687270594757648,0.3916992687790877,0.284903963776643,-1.4022690012368062,1.0087644352069511,3.27489804551766,0.6451175611815334,1.1660012612578163,-1.2008028305266498,-1.9310958500242998,2.3905853082385433,-0.6003560593734767,1.2911949506386045,-0.1494425480702626,-0.9454121110625007,3.800795493493035,Ok,Noisy,Clean,Clean
0.4939453258909406,0.6297791185054198,1.9397281907195958,-0.255469648153914,1.3144654710701047,1.0560455687262633,-0.8745328863825859,0.5992330535252508,0.7537471458712987,1.5188415302494198,1.0909099635197759,1.172204387114312,1.3725465799477232,0.0587075214258273,-1.0364036081593133,0.736276166607482,0.8724661701742267,-0.8537611733443576,-0.11447171664417266,-0.38133434514173287,Ok,Ok,Clean,Clean
-1.6822203392040336,0.4819915061757235,-0.5419239064623389,0.06369265534619277,-1.2147770892443412,-0.15279557046033299,-0.572262208880204,0.8611426748119884,-1.381449129563301,0.714241655348119,-0.15084592503969885,-1.0322531991236659,0.3065696099539012,0.015517915639613076,1.4150756712635453,-1.641858705699457,-1.811186702730348,1.0804015504867777,-0.8647208051991369,2.0637854039512487,Ok,Ok,Clean,Clean
